{"type":"FeatureCollection","features":[{"type":"Feature","properties":{"layer":"Bundeslandgrenzen"},"geometry":{"type":"MultiLineString","coordinates":[[[8.232632878579958,48.966571391283075],[8.261283768627932,48.98091712249652]],[[8.261283768627932,48.98091712249652],[8.269625420501123,48.98560983960249]],[[8.269625420501123,48.98560983960249],[8.26992159884075,48.985768004826625]],[[8.26992159884075,48.985768004826625],[8.272044209688934,48.986901513760635]],[[8.272044209688934,48.986901513760635],[8.277348764900589,48.98993899387359]],[[8.277348764900589,48.98993899387359],[8.279879427838711,48.99156056813352]],[[8.279879427838711,48.99156056813352],[8.281810263840214,48.99299890078547]],[[8.281810263840214,48.99299890078547],[8.28419409312651,48.99498903370543]],[[8.28419409312651,48.99498903370543],[8.28581477675057,48.99656358409516]],[[8.28581477675057,48.99656358409516],[8.287596279889911,48.99842742204604]],[[8.287596279889911,48.99842742204604],[8.291528871880711,49.003590619486516]],[[8.291528871880711,49.003590619486516],[8.293095616056593,49.00585356765111]],[[8.293095616056593,49.00585356765111],[8.2959354338899,49.010763095701584]],[[8.2959354338899,49.010763095701584],[8.297373821980614,49.013504962032385]],[[8.297373821980614,49.013504962032385],[8.29865638458615,49.01681596342344]],[[8.29865638458615,49.01681596342344],[8.299612812064074,49.01966296057181]],[[8.299612812064074,49.01966296057181],[8.3001881672721,49.02174340655814]],[[8.3001881672721,49.02174340655814],[8.300543868369703,49.02385016855938]],[[8.300543868369703,49.02385016855938],[8.300623680190652,49.02432288202226]],[[8.300623680190652,49.02432288202226],[8.301124618462126,49.02713997574812]],[[8.301124618462126,49.02713997574812],[8.301847307992372,49.03070647355428]],[[8.301847307992372,49.03070647355428],[8.302617444756716,49.035232094973836]],[[8.302617444756716,49.035232094973836],[8.304137241826988,49.04065142865426]],[[8.304137241826988,49.04065142865426],[8.306208420875693,49.04537158255443]],[[8.306208420875693,49.04537158255443],[8.308711115203533,49.04995544592906]],[[8.308711115203533,49.04995544592906],[8.311686281278968,49.0543071546078]],[[8.311686281278968,49.0543071546078],[8.314421216268267,49.057926359238714]],[[8.314421216268267,49.057926359238714],[8.316435958513164,49.06048006841538]],[[8.316435958513164,49.06048006841538],[8.318255418833667,49.06254408053]],[[8.318255418833667,49.06254408053],[8.320537361757205,49.06496011421704]],[[8.320537361757205,49.06496011421704],[8.323954532182666,49.068054021721096]],[[8.323954532182666,49.068054021721096],[8.328180796083139,49.07156458046109]],[[8.328180796083139,49.07156458046109],[8.33126533916443,49.07388594900723]],[[8.33126533916443,49.07388594900723],[8.339970083330998,49.08014999194765]],[[8.339970083330998,49.08014999194765],[8.350523255577473,49.08894651902236]],[[8.350523255577473,49.08894651902236],[8.354612173018285,49.09312834515484]],[[8.354612173018285,49.09312834515484],[8.358091273928098,49.097783999147914]],[[8.358091273928098,49.097783999147914],[8.359554135143071,49.101258449762774]],[[8.359554135143071,49.101258449762774],[8.36037221831076,49.1032089400357]],[[8.36037221831076,49.1032089400357],[8.361793624626241,49.108248142181274]],[[8.361793624626241,49.108248142181274],[8.364159473556064,49.1167245674192]],[[8.364159473556064,49.1167245674192],[8.367379864802388,49.12946492115979]],[[8.367379864802388,49.12946492115979],[8.368427990254997,49.133890093700096]],[[8.368427990254997,49.133890093700096],[8.37111367972333,49.14522902413518]],[[8.37111367972333,49.14522902413518],[8.371045756126824,49.157321871072426]],[[8.371045756126824,49.157321871072426],[8.36985696534798,49.16159422865142]],[[8.36985696534798,49.16159422865142],[8.368470774126761,49.16657601593881]],[[8.368470774126761,49.16657601593881],[8.37744907997955,49.18062213939283]],[[8.37744907997955,49.18062213939283],[8.380023195025839,49.18394943540325]],[[8.380023195025839,49.18394943540325],[8.381210363685225,49.1856864469501]],[[8.381210363685225,49.1856864469501],[8.38524619585722,49.197702582311535]],[[8.38524619585722,49.197702582311535],[8.394744432958888,49.20490309755446]],[[8.394744432958888,49.20490309755446],[8.397873663949287,49.207275334639704]],[[8.397873663949287,49.207275334639704],[8.40433398722718,49.21858901231281]],[[8.40433398722718,49.21858901231281],[8.40365283921461,49.223311221618985]],[[8.40365283921461,49.223311221618985],[8.399824162086139,49.225330505049236]],[[8.399824162086139,49.225330505049236],[8.394477127748273,49.2237162229055]],[[8.394477127748273,49.2237162229055],[8.385330143862424,49.22095472661982]],[[8.385330143862424,49.22095472661982],[8.38966693623511,49.2338709574213]],[[8.38966693623511,49.2338709574213],[8.397474137288825,49.24197035211825]],[[8.397474137288825,49.24197035211825],[8.400686537232987,49.24415952228648]],[[8.400686537232987,49.24415952228648],[8.407082868086556,49.2472034595417]],[[8.407082868086556,49.2472034595417],[8.413072655524681,49.24981654508149]],[[8.413072655524681,49.24981654508149],[8.44554676168042,49.26688051770004]],[[8.44554676168042,49.26688051770004],[8.448018490946138,49.269325381625976]],[[8.448018490946138,49.269325381625976],[8.450911748763726,49.27249713701949]],[[8.450911748763726,49.27249713701949],[8.452072110800984,49.27380298721714]],[[8.452072110800984,49.27380298721714],[8.454048732613021,49.27602744218883]],[[8.454048732613021,49.27602744218883],[8.456162863266004,49.27772211962146]],[[8.456162863266004,49.27772211962146],[8.458195085602492,49.27910851301041]],[[8.458195085602492,49.27910851301041],[8.460845614852698,49.2804974736761]],[[8.460845614852698,49.2804974736761],[8.463209466612746,49.28151237076356]],[[8.463209466612746,49.28151237076356],[8.465182754800916,49.282339911809366]],[[8.465182754800916,49.282339911809366],[8.466985734521781,49.282975546265725]],[[8.466985734521781,49.282975546265725],[8.487268002563326,49.2900265848336]],[[8.487268002563326,49.2900265848336],[8.488553010497698,49.297849050915296]],[[8.488553010497698,49.297849050915296],[8.483537695418581,49.30494536255812]],[[8.483537695418581,49.30494536255812],[8.474745340917245,49.30785906760687]],[[8.474745340917245,49.30785906760687],[8.458816104321542,49.31313787056011]],[[8.458816104321542,49.31313787056011],[8.452251103095808,49.31803321665556]],[[8.452251103095808,49.31803321665556],[8.451215466074807,49.324038979960385]],[[8.451215466074807,49.324038979960385],[8.455524078857744,49.33209065271284]],[[8.455524078857744,49.33209065271284],[8.457557300753656,49.33361286193398]],[[8.457557300753656,49.33361286193398],[8.459600010814686,49.33493584723523]],[[8.459600010814686,49.33493584723523],[8.463012686065712,49.33694059879856]],[[8.463012686065712,49.33694059879856],[8.46725543168299,49.33895991238957]],[[8.46725543168299,49.33895991238957],[8.47091532930778,49.340712954342465]],[[8.47091532930778,49.340712954342465],[8.475171060632366,49.343074436122585]],[[8.475171060632366,49.343074436122585],[8.479772403271927,49.34595706427195]],[[8.479772403271927,49.34595706427195],[8.483291460324793,49.34859159938891]],[[8.483291460324793,49.34859159938891],[8.486375003616205,49.35118955401982]],[[8.486375003616205,49.35118955401982],[8.489274255262806,49.35401314846922]],[[8.489274255262806,49.35401314846922],[8.492072617920481,49.35717685263218]],[[8.492072617920481,49.35717685263218],[8.500525400143705,49.3754800342371]],[[8.500525400143705,49.3754800342371],[8.500397288671314,49.389013367679965]],[[8.500397288671314,49.389013367679965],[8.481423217154182,49.377922935083916]],[[8.481423217154182,49.377922935083916],[8.47525523203604,49.374317717620556]],[[8.47525523203604,49.374317717620556],[8.468432679343485,49.374472771943076]],[[8.468432679343485,49.374472771943076],[8.463920276370192,49.37857626299424]],[[8.463920276370192,49.37857626299424],[8.465813425397847,49.38701771282382]],[[8.465813425397847,49.38701771282382],[8.474726253672534,49.39145384271611]],[[8.474726253672534,49.39145384271611],[8.496189005298262,49.40213637190388]],[[8.496189005298262,49.40213637190388],[8.496001514781467,49.40430530205167]],[[8.496001514781467,49.40430530205167],[8.496194000257153,49.40663038701342]],[[8.496194000257153,49.40663038701342],[8.496450711976873,49.408083995659496]],[[8.496450711976873,49.408083995659496],[8.496722907090083,49.40947452132524]],[[8.496722907090083,49.40947452132524],[8.49731624195939,49.41134690458242]],[[8.49731624195939,49.41134690458242],[8.507256487384774,49.43031389192256]],[[8.507256487384774,49.43031389192256],[8.505818973294911,49.43852020360561]],[[8.505818973294911,49.43852020360561],[8.494610624851623,49.44329830150878]],[[8.494610624851623,49.44329830150878],[8.472505548178043,49.4435136598752]],[[8.472505548178043,49.4435136598752],[8.452862954894023,49.44446792252733]],[[8.452862954894023,49.44446792252733],[8.442765865056105,49.45108561749551]],[[8.442765865056105,49.45108561749551],[8.443978735435126,49.458328211970304]],[[8.443978735435126,49.458328211970304],[8.460764358879185,49.465341593135214]],[[8.460764358879185,49.465341593135214],[8.463204160588099,49.47130079464953]],[[8.463204160588099,49.47130079464953],[8.443438802083152,49.49230597575413]],[[8.443438802083152,49.49230597575413],[8.423067953133705,49.54182092856016]],[[8.423067953133705,49.54182092856016],[8.4143984719357,49.557546664495575]],[[8.4143984719357,49.557546664495575],[8.422700365133498,49.57419259387085]],[[8.422700365133498,49.57419259387085],[8.422439658073701,49.58338538226157]],[[9.10300593211735,49.57745610768188],[9.107983630285238,49.5786325176612]],[[9.107983630285238,49.5786325176612],[9.110479078219035,49.577690904600814]],[[9.110479078219035,49.577690904600814],[9.120693885129052,49.57383652945621]],[[9.120693885129052,49.57383652945621],[9.154443629882143,49.579072218149896]],[[9.154443629882143,49.579072218149896],[9.156900335906268,49.57945333378923]],[[9.156900335906268,49.57945333378923],[9.157591153423208,49.579171109417885]],[[9.157591153423208,49.579171109417885],[9.16530598079095,49.576019326606186]],[[9.16530598079095,49.576019326606186],[9.19438252247856,49.57457302461946]],[[9.19438252247856,49.57457302461946],[9.224406875683078,49.5792145638174]],[[9.224406875683078,49.5792145638174],[9.23289785929324,49.58103059827329]],[[9.23289785929324,49.58103059827329],[9.238701354658344,49.58129159843081]],[[9.238701354658344,49.58129159843081],[9.248238549606555,49.58524836003651]],[[9.248238549606555,49.58524836003651],[9.248900145438858,49.590201281117054]],[[9.248900145438858,49.590201281117054],[9.249268748575728,49.592960755472525]],[[9.249268748575728,49.592960755472525],[9.252542766276115,49.59306643742242]],[[9.252542766276115,49.59306643742242],[9.259036564436714,49.59327605039166]],[[9.259036564436714,49.59327605039166],[9.263058784569163,49.60133796468262]],[[9.263058784569163,49.60133796468262],[9.265971039839442,49.60717512799867]],[[9.265971039839442,49.60717512799867],[9.276535238417189,49.61193806690943]],[[9.276535238417189,49.61193806690943],[9.284032237087958,49.61531813766727]],[[9.284032237087958,49.61531813766727],[9.278278324841132,49.620444070735374]],[[9.278278324841132,49.620444070735374],[9.271360794372256,49.62660662464056]],[[9.271360794372256,49.62660662464056],[9.27372083687207,49.6307416344708]],[[9.27372083687207,49.6307416344708],[9.272048017416864,49.63422107666498]],[[9.272048017416864,49.63422107666498],[9.277483223867666,49.635743506114345]],[[9.277483223867666,49.635743506114345],[9.287453217643744,49.63853615191059]],[[9.287453217643744,49.63853615191059],[9.28885814379062,49.64105213529381]],[[9.28885814379062,49.64105213529381],[9.289664941344876,49.64257658952115]],[[9.289664941344876,49.64257658952115],[9.289849532641476,49.642925376361745]],[[9.289849532641476,49.642925376361745],[9.299295945665849,49.64855953538698]],[[9.299295945665849,49.64855953538698],[9.305257245008518,49.650879323522226]],[[9.305257245008518,49.650879323522226],[9.304083080857072,49.65494447371482]],[[9.304083080857072,49.65494447371482],[9.308343805651969,49.654290044476944]],[[9.308343805651969,49.654290044476944],[9.310539344728042,49.65395312655916]],[[9.310539344728042,49.65395312655916],[9.334197277058589,49.64652375146785]],[[9.334197277058589,49.64652375146785],[9.34115616259854,49.64433843147136]],[[9.34115616259854,49.64433843147136],[9.35320289152245,49.64996440802533]],[[9.35320289152245,49.64996440802533],[9.36646007175919,49.65615567930274]],[[9.36646007175919,49.65615567930274],[9.372763736947325,49.651222354571836]],[[9.372763736947325,49.651222354571836],[9.383480597406038,49.642835207964026]],[[9.383480597406038,49.642835207964026],[9.40788546110125,49.64763556173345]],[[9.40788546110125,49.64763556173345],[9.41737644327043,49.6574408370222]],[[9.41737644327043,49.6574408370222],[9.41097558384178,49.66349767174813]],[[9.41097558384178,49.66349767174813],[9.400097707378755,49.67068037532933]],[[9.400097707378755,49.67068037532933],[9.405288322616151,49.67424466279004]],[[9.405288322616151,49.67424466279004],[9.408240862458658,49.67627211077821]],[[9.408240862458658,49.67627211077821],[9.407538402242412,49.67752881209296]],[[9.407538402242412,49.67752881209296],[9.406390921840359,49.67958165177397]],[[9.406390921840359,49.67958165177397],[9.412112894205759,49.68420560378731]],[[9.412112894205759,49.68420560378731],[9.419231172747434,49.68995791611483]],[[9.419231172747434,49.68995791611483],[9.421060781203435,49.696112178324015]],[[9.421060781203435,49.696112178324015],[9.417323171312253,49.70327798876434]],[[9.417323171312253,49.70327798876434],[9.420314317839582,49.706627539448014]],[[9.420314317839582,49.706627539448014],[9.407930696147774,49.721458534616886]],[[9.407930696147774,49.721458534616886],[9.401543466207423,49.72149404921485]],[[9.401543466207423,49.72149404921485],[9.398292768348032,49.72880340851005]],[[9.398292768348032,49.72880340851005],[9.386743056164487,49.73021778949419]],[[9.386743056164487,49.73021778949419],[9.384110213726883,49.72795758333075]],[[9.384110213726883,49.72795758333075],[9.38098942102595,49.7252784891932]],[[9.38098942102595,49.7252784891932],[9.381153528504173,49.71352174890279]],[[9.381153528504173,49.71352174890279],[9.381239546342634,49.70735944897187]],[[9.381239546342634,49.70735944897187],[9.370676138076421,49.70395980575115]],[[9.370676138076421,49.70395980575115],[9.357408817558102,49.704288396890114]],[[9.357408817558102,49.704288396890114],[9.349967365857974,49.7184626794857]],[[9.349967365857974,49.7184626794857],[9.3562563731224,49.72236176129736]],[[9.3562563731224,49.72236176129736],[9.364634122791655,49.72755582868517]],[[9.364634122791655,49.72755582868517],[9.351822078076165,49.73236744506518]],[[9.351822078076165,49.73236744506518],[9.338140640511991,49.734126160621074]],[[9.338140640511991,49.734126160621074],[9.335394568181732,49.73362196534468]],[[9.335394568181732,49.73362196534468],[9.323667167254474,49.731468741752984]],[[9.323667167254474,49.731468741752984],[9.295724697891904,49.74041010202138]],[[9.295724697891904,49.74041010202138],[9.315585753557345,49.740438167662525]],[[9.315585753557345,49.740438167662525],[9.315816044174293,49.74043849267523]],[[9.315816044174293,49.74043849267523],[9.322410255171057,49.74366677687335]],[[9.322410255171057,49.74366677687335],[9.322213747361287,49.74946447132167]],[[9.322213747361287,49.74946447132167],[9.316118946398964,49.758258889830074]],[[9.316118946398964,49.758258889830074],[9.313551286366526,49.76196386370812]],[[9.313551286366526,49.76196386370812],[9.317185994671513,49.76808323382492]],[[9.317185994671513,49.76808323382492],[9.335223053086317,49.76834802774797]],[[9.335223053086317,49.76834802774797],[9.346185719620548,49.768508965771424]],[[9.346185719620548,49.768508965771424],[9.360019890437941,49.77208486657192]],[[9.360019890437941,49.77208486657192],[9.36584151549894,49.775749453172246]],[[9.36584151549894,49.775749453172246],[9.369407647850336,49.77799425691787]],[[9.369407647850336,49.77799425691787],[9.377530765649036,49.777720836769234]],[[9.377530765649036,49.777720836769234],[9.384110214022341,49.77404417345939]],[[9.384110214022341,49.77404417345939],[9.384456279274527,49.77385078930256]],[[9.384456279274527,49.77385078930256],[9.390370939394654,49.77054561648392]],[[9.390370939394654,49.77054561648392],[9.406271555295117,49.778046576780795]],[[9.406271555295117,49.778046576780795],[9.412384439722437,49.78240942658199]],[[9.412384439722437,49.78240942658199],[9.420738446634887,49.788371794615024]],[[9.420738446634887,49.788371794615024],[9.43302357447979,49.78835140596681]],[[9.43302357447979,49.78835140596681],[9.44201367375837,49.77794678120956]],[[9.44201367375837,49.77794678120956],[9.44540094216717,49.774026551615954]],[[9.44540094216717,49.774026551615954],[9.455251751516478,49.77003207562231]],[[9.455251751516478,49.77003207562231],[9.467002876222338,49.77311412153885]],[[9.467002876222338,49.77311412153885],[9.471497455406542,49.77972652094597]],[[9.471497455406542,49.77972652094597],[9.479644863251277,49.785290277986135]],[[9.479644863251277,49.785290277986135],[9.483043827130393,49.78761138492119]],[[9.483043827130393,49.78761138492119],[9.507175470038705,49.78656760680929]],[[9.507175470038705,49.78656760680929],[9.512292186473424,49.78179891524739]],[[9.512292186473424,49.78179891524739],[9.511335414741529,49.775550254988524]],[[9.511335414741529,49.775550254988524],[9.510566724057188,49.77052994309023]],[[9.510566724057188,49.77052994309023],[9.514364243150297,49.76423758318689]],[[9.514364243150297,49.76423758318689],[9.522554369777502,49.761516586412036]],[[9.522554369777502,49.761516586412036],[9.531949763585619,49.76503074539494]],[[9.531949763585619,49.76503074539494],[9.537973401585548,49.76728376755832]],[[9.537973401585548,49.76728376755832],[9.545475011635071,49.766508903162126]],[[9.545475011635071,49.766508903162126],[9.55187072107281,49.76071525920325]],[[9.55187072107281,49.76071525920325],[9.55315501629413,49.756289820907774]],[[9.55315501629413,49.756289820907774],[9.555604592799261,49.747849045170845]],[[9.555604592799261,49.747849045170845],[9.56280743542291,49.74503952856883]],[[9.56280743542291,49.74503952856883],[9.568243490376219,49.75080554671501]],[[9.568243490376219,49.75080554671501],[9.562234342392276,49.759640994436516]],[[9.562234342392276,49.759640994436516],[9.558803951455689,49.764684808114296]],[[9.558803951455689,49.764684808114296],[9.559395945839588,49.779004432719105]],[[9.559395945839588,49.779004432719105],[9.572756640313118,49.783265285660065]],[[9.572756640313118,49.783265285660065],[9.575569895421332,49.78150766136382]],[[9.575569895421332,49.78150766136382],[9.58053006137996,49.7784087226301]],[[9.58053006137996,49.7784087226301],[9.619939897446889,49.783390454861625]],[[9.619939897446889,49.783390454861625],[9.648735819680937,49.79147740968798]],[[9.648735819680937,49.79147740968798],[9.649977091884706,49.780542437132524]],[[9.649977091884706,49.780542437132524],[9.646296608968418,49.777661360456534]],[[9.646296608968418,49.777661360456534],[9.644995511410636,49.776642862760355]],[[9.644995511410636,49.776642862760355],[9.645882638690331,49.77531656888222]],[[9.645882638690331,49.77531656888222],[9.65186581300171,49.76637146500119]],[[9.65186581300171,49.76637146500119],[9.642758505769752,49.757621017948686]],[[9.642758505769752,49.757621017948686],[9.639216096684372,49.754217413943245]],[[9.639216096684372,49.754217413943245],[9.641678332172416,49.75150275281569]],[[9.641678332172416,49.75150275281569],[9.643113621472052,49.74992031901504]],[[9.643113621472052,49.74992031901504],[9.644601229426137,49.74517103369365]],[[9.644601229426137,49.74517103369365],[9.639886245627013,49.74135211678774]],[[9.639886245627013,49.74135211678774],[9.639724351437687,49.74122098982157]],[[9.639724351437687,49.74122098982157],[9.639850477826725,49.74114951699055]],[[9.639850477826725,49.74114951699055],[9.645871244957188,49.73773763824755]],[[9.645871244957188,49.73773763824755],[9.638698877244769,49.734626679989354]],[[9.638698877244769,49.734626679989354],[9.630902508010807,49.73124506596516]],[[9.630902508010807,49.73124506596516],[9.637141286094863,49.72580426401461]],[[9.637141286094863,49.72580426401461],[9.6399939738646,49.72331645375977]],[[9.6399939738646,49.72331645375977],[9.639561149491094,49.720377030252486]],[[9.639561149491094,49.720377030252486],[9.635856329286513,49.71852606925703]],[[9.635856329286513,49.71852606925703],[9.633395512596428,49.71729662496284]],[[9.633395512596428,49.71729662496284],[9.626331881327937,49.70466844958614]],[[9.626331881327937,49.70466844958614],[9.633036941374218,49.694037081115816]],[[9.633036941374218,49.694037081115816],[9.65227486644819,49.68847049678808]],[[9.65227486644819,49.68847049678808],[9.660969404085225,49.68911223485735]],[[9.660969404085225,49.68911223485735],[9.67503388287658,49.69362784103938]],[[9.67503388287658,49.69362784103938],[9.677244583816098,49.70820774220873]],[[9.677244583816098,49.70820774220873],[9.678450642873273,49.71616187390316]],[[9.678450642873273,49.71616187390316],[9.688078084977697,49.71696031850575]],[[9.688078084977697,49.71696031850575],[9.700170806717297,49.71796321971744]],[[9.700170806717297,49.71796321971744],[9.702609518937,49.721461355127026]],[[9.702609518937,49.721461355127026],[9.704860398302015,49.72469005906378]],[[9.704860398302015,49.72469005906378],[9.711135887203834,49.72698706812017]],[[9.711135887203834,49.72698706812017],[9.712777976126489,49.71981097991317]],[[9.712777976126489,49.71981097991317],[9.714985105436556,49.71016561771852]],[[9.714985105436556,49.71016561771852],[9.71990650338572,49.702439088056835]],[[9.71990650338572,49.702439088056835],[9.727588718805997,49.69831269639126]],[[9.727588718805997,49.69831269639126],[9.728056988650795,49.6900747452408]],[[9.728056988650795,49.6900747452408],[9.730615555185855,49.688351656142196]],[[9.730615555185855,49.688351656142196],[9.738263334878605,49.68857847472226]],[[9.738263334878605,49.68857847472226],[9.749154251504715,49.695797295061844]],[[9.749154251504715,49.695797295061844],[9.753108449875501,49.70602798372093]],[[9.753108449875501,49.70602798372093],[9.755159697361128,49.71133516820131]],[[9.755159697361128,49.71133516820131],[9.77039989395044,49.719566558508895]],[[9.77039989395044,49.719566558508895],[9.781077833484533,49.72154587449461]],[[9.781077833484533,49.72154587449461],[9.786927736475333,49.722630241337406]],[[9.786927736475333,49.722630241337406],[9.787812723217902,49.72401238925504]],[[9.787812723217902,49.72401238925504],[9.791707778623122,49.7300955691628]],[[9.791707778623122,49.7300955691628],[9.797675900310686,49.73107099174214]],[[9.797675900310686,49.73107099174214],[9.79763748390471,49.72644493169037]],[[9.79763748390471,49.72644493169037],[9.797590295367863,49.7207624829774]],[[9.797590295367863,49.7207624829774],[9.816915670848022,49.711820859487204]],[[9.816915670848022,49.711820859487204],[9.82142678193789,49.70973362305975]],[[9.82142678193789,49.70973362305975],[9.822565808677457,49.70753477208038]],[[9.822565808677457,49.70753477208038],[9.823485796540702,49.705758767571325]],[[9.823485796540702,49.705758767571325],[9.826038257308024,49.704900637690415]],[[9.826038257308024,49.704900637690415],[9.83174480776098,49.702982110628255]],[[9.83174480776098,49.702982110628255],[9.834936311911667,49.69186646890238]],[[9.834936311911667,49.69186646890238],[9.834445350472262,49.69087144499402]],[[9.834445350472262,49.69087144499402],[9.832972765088792,49.68788698199856]],[[9.832972765088792,49.68788698199856],[9.83589112658021,49.68469896326563]],[[9.83589112658021,49.68469896326563],[9.836308104315309,49.684243458554256]],[[9.836308104315309,49.684243458554256],[9.838328339538247,49.681520624985396]],[[9.838328339538247,49.681520624985396],[9.83393912716128,49.68097200188151]],[[9.83393912716128,49.68097200188151],[9.83048583286068,49.680540362340004]],[[9.83048583286068,49.680540362340004],[9.824465333640045,49.672888798864015]],[[9.824465333640045,49.672888798864015],[9.82302815533689,49.665198739304735]],[[9.82302815533689,49.665198739304735],[9.827487489097052,49.66132534124623]],[[9.827487489097052,49.66132534124623],[9.830512215422743,49.660059228553614]],[[9.830512215422743,49.660059228553614],[9.83214574100208,49.65937545422059]],[[9.83214574100208,49.65937545422059],[9.831886465712602,49.65842520759857]],[[9.831886465712602,49.65842520759857],[9.830315745926802,49.652668517206436]],[[9.830315745926802,49.652668517206436],[9.835854477353932,49.64642686528469]],[[9.835854477353932,49.64642686528469],[9.843582882853806,49.644517865687575]],[[9.843582882853806,49.644517865687575],[9.85410004067321,49.64192001500826]],[[9.85410004067321,49.64192001500826],[9.864830637855654,49.625418841118545]],[[9.864830637855654,49.625418841118545],[9.869578338535492,49.60984705129852]],[[9.869578338535492,49.60984705129852],[9.861114607596072,49.608168070020426]],[[9.861114607596072,49.608168070020426],[9.8575475566377,49.60211082653086]],[[9.8575475566377,49.60211082653086],[9.848168797644764,49.59806230975795]],[[9.848168797644764,49.59806230975795],[9.842413566736862,49.595577956323545]],[[9.842413566736862,49.595577956323545],[9.842001487117313,49.59074687823882]],[[9.842001487117313,49.59074687823882],[9.844652590064637,49.585455130721925]],[[9.844652590064637,49.585455130721925],[9.84793636192687,49.57890054056351]],[[9.84793636192687,49.57890054056351],[9.843913159296905,49.57648995292485]],[[9.843913159296905,49.57648995292485],[9.840557841536043,49.57447954051871]],[[9.840557841536043,49.57447954051871],[9.837206200158038,49.57039658322105]],[[9.837206200158038,49.57039658322105],[9.835661309377917,49.568514601245425]],[[9.835661309377917,49.568514601245425],[9.834189168333287,49.56774881858303]],[[9.834189168333287,49.56774881858303],[9.82756040716181,49.56430064912555]],[[9.82756040716181,49.56430064912555],[9.819494447242278,49.561056340865235]],[[9.819494447242278,49.561056340865235],[9.81154485695141,49.55568259356828]],[[9.81154485695141,49.55568259356828],[9.817117692392925,49.557727685238326]],[[9.817117692392925,49.557727685238326],[9.82880014861583,49.551787873157465]],[[9.82880014861583,49.551787873157465],[9.857245465708896,49.54597458531195]],[[9.857245465708896,49.54597458531195],[9.865878966705097,49.55651779067955]],[[9.865878966705097,49.55651779067955],[9.865691677328522,49.5616606620638]],[[9.865691677328522,49.5616606620638],[9.865480851714981,49.56744988010467]],[[9.865480851714981,49.56744988010467],[9.873349088092603,49.57232786964907]],[[9.873349088092603,49.57232786964907],[9.873777071549549,49.57259320266551]],[[9.873777071549549,49.57259320266551],[9.874281390825123,49.573626619236194]],[[9.874281390825123,49.573626619236194],[9.87659021025475,49.57835770894338]],[[9.87659021025475,49.57835770894338],[9.899054060459962,49.587609666071806]],[[9.899054060459962,49.587609666071806],[9.910920499338479,49.58591329985811]],[[9.910920499338479,49.58591329985811],[9.913590492304758,49.58109244770826]],[[9.913590492304758,49.58109244770826],[9.90578037919781,49.574968883313325]],[[9.90578037919781,49.574968883313325],[9.90242793859467,49.57234038335427]],[[9.90242793859467,49.57234038335427],[9.898643000294351,49.56340554368219]],[[9.898643000294351,49.56340554368219],[9.900976456908376,49.56147600880857]],[[9.900976456908376,49.56147600880857],[9.907656751173423,49.56179689752909]],[[9.907656751173423,49.56179689752909],[9.921933731437486,49.562482693800916]],[[9.921933731437486,49.562482693800916],[9.924232800283981,49.55823609827668]],[[9.924232800283981,49.55823609827668],[9.921795722245209,49.55508167606127]],[[9.921795722245209,49.55508167606127],[9.92081139867709,49.55380762079338]],[[9.92081139867709,49.55380762079338],[9.924039275228926,49.55248089848289]],[[9.924039275228926,49.55248089848289],[9.926180901020755,49.551600647954196]],[[9.926180901020755,49.551600647954196],[9.923647944559704,49.548001483563255]],[[9.923647944559704,49.548001483563255],[9.920912130142176,49.54411407232212]],[[9.920912130142176,49.54411407232212],[9.92300080182597,49.540593919989256]],[[9.92300080182597,49.540593919989256],[9.924400377430043,49.53823514117275]],[[9.924400377430043,49.53823514117275],[9.923739711921023,49.525612482353]],[[9.923739711921023,49.525612482353],[9.9214747392568,49.523125705488226]],[[9.9214747392568,49.523125705488226],[9.917611453671633,49.51888409362702]],[[9.917611453671633,49.51888409362702],[9.920690737401184,49.514151546530165]],[[9.920690737401184,49.514151546530165],[9.923456434338513,49.509900952164095]],[[9.923456434338513,49.509900952164095],[9.923426853272622,49.50610933166358]],[[9.923426853272622,49.50610933166358],[9.919651399290899,49.502254666982616]],[[9.919651399290899,49.502254666982616],[9.916599583917947,49.4991388230483]],[[9.916599583917947,49.4991388230483],[9.916298290680837,49.491613255835475]],[[9.916298290680837,49.491613255835475],[9.926883094743589,49.48501336939178]],[[9.926883094743589,49.48501336939178],[9.941509824440256,49.482036461063444]],[[9.941509824440256,49.482036461063444],[9.953360153465185,49.48096689551104]],[[9.953360153465185,49.48096689551104],[9.95896713780732,49.48385314194184]],[[9.95896713780732,49.48385314194184],[9.975700882685764,49.485245411654624]],[[9.975700882685764,49.485245411654624],[9.974574145614566,49.483494927962795]],[[9.974574145614566,49.483494927962795],[9.97354180232155,49.48189786042353]],[[9.97354180232155,49.48189786042353],[9.990860588360809,49.48588582183082]],[[9.990860588360809,49.48588582183082],[9.992258326375559,49.486207675907956]],[[9.992258326375559,49.486207675907956],[9.994802744031047,49.48581744587227]],[[9.994802744031047,49.48581744587227],[10.00969809894362,49.48353298948114]],[[10.00969809894362,49.48353298948114],[10.019246089017708,49.48645342466207]],[[10.019246089017708,49.48645342466207],[10.022251920371277,49.49173883715529]],[[10.022251920371277,49.49173883715529],[10.028797459376447,49.50324842178208]],[[10.028797459376447,49.50324842178208],[10.04108973475915,49.50621733591807]],[[10.04108973475915,49.50621733591807],[10.047210796989914,49.507695735164454]],[[10.047210796989914,49.507695735164454],[10.056136365423484,49.51623449044835]],[[10.056136365423484,49.51623449044835],[10.055465765327643,49.52027129734019]],[[10.055465765327643,49.52027129734019],[10.04820281817947,49.52343961284391]],[[10.04820281817947,49.52343961284391],[10.04478845592908,49.52492906037261]],[[10.04478845592908,49.52492906037261],[10.04144235459412,49.52929745965892]],[[10.04144235459412,49.52929745965892],[10.04874248488286,49.53233370406344]],[[10.04874248488286,49.53233370406344],[10.057956531469639,49.53616597651701]],[[10.057956531469639,49.53616597651701],[10.060167469410125,49.54017243255146]],[[10.060167469410125,49.54017243255146],[10.06279310903486,49.54493036899312]],[[10.06279310903486,49.54493036899312],[10.083723320344399,49.54356090105769]],[[10.083723320344399,49.54356090105769],[10.087471119527562,49.537589838779674]],[[10.087471119527562,49.537589838779674],[10.088591843199923,49.53041492993296]],[[10.088591843199923,49.53041492993296],[10.07982324039976,49.52703366130093]],[[10.07982324039976,49.52703366130093],[10.078193083280913,49.519875703376094]],[[10.078193083280913,49.519875703376094],[10.08357347551505,49.51310044216002]],[[10.08357347551505,49.51310044216002],[10.104996592288636,49.514490504794104]],[[10.104996592288636,49.514490504794104],[10.119919061190652,49.509349525272214]],[[10.119919061190652,49.509349525272214],[10.11565811429285,49.50364523664867]],[[10.11565811429285,49.50364523664867],[10.104710656427724,49.49747011259797]],[[10.104710656427724,49.49747011259797],[10.10089967520955,49.491310517850245]],[[10.10089967520955,49.491310517850245],[10.10220350427176,49.48575927684833]],[[10.10220350427176,49.48575927684833],[10.1183275380117,49.47316953147734]],[[10.1183275380117,49.47316953147734],[10.120898080592458,49.46376021367365]],[[10.120898080592458,49.46376021367365],[10.110381487453868,49.462379713094]],[[10.110381487453868,49.462379713094],[10.107076434730255,49.46194586221402]],[[10.107076434730255,49.46194586221402],[10.106080322857183,49.458733520928135]],[[10.106080322857183,49.458733520928135],[10.097794415779942,49.45540394877844]],[[10.097794415779942,49.45540394877844],[10.095867842818839,49.44822165899432]],[[10.095867842818839,49.44822165899432],[10.109226646430265,49.44099236828997]],[[10.109226646430265,49.44099236828997],[10.113594747095407,49.442413952495976]],[[10.113594747095407,49.442413952495976],[10.117469358747835,49.44367493210902]],[[10.117469358747835,49.44367493210902],[10.132493187307636,49.43730183716418]],[[10.132493187307636,49.43730183716418],[10.139419400840028,49.42386034712714]],[[10.139419400840028,49.42386034712714],[10.150390469699603,49.412473498457146]],[[10.150390469699603,49.412473498457146],[10.15221705815658,49.40101540319341]],[[10.15221705815658,49.40101540319341],[10.160056483418671,49.39482829148502]],[[10.160056483418671,49.39482829148502],[10.159271174172005,49.39078852715054]],[[10.159271174172005,49.39078852715054],[10.143179165740184,49.384987573128264]],[[10.143179165740184,49.384987573128264],[10.126258348884864,49.38745125246386]],[[10.126258348884864,49.38745125246386],[10.125560358857634,49.38755288019364]],[[10.125560358857634,49.38755288019364],[10.111966666517569,49.38491048918316]],[[10.111966666517569,49.38491048918316],[10.108272015414952,49.37878620008781]],[[10.108272015414952,49.37878620008781],[10.114982095145708,49.37104720364106]],[[10.114982095145708,49.37104720364106],[10.11672987343974,49.36903142407837]],[[10.11672987343974,49.36903142407837],[10.115892944622718,49.36685961882882]],[[10.115892944622718,49.36685961882882],[10.11374621185299,49.361288904026274]],[[10.11374621185299,49.361288904026274],[10.117497775833682,49.35948148590563]],[[10.117497775833682,49.35948148590563],[10.121207118801442,49.357694408159006]],[[10.121207118801442,49.357694408159006],[10.123129962613973,49.35223252282076]],[[10.123129962613973,49.35223252282076],[10.116000002936243,49.35194471474687]],[[10.116000002936243,49.35194471474687],[10.109576893072607,49.35168544026567]],[[10.109576893072607,49.35168544026567],[10.104042142976516,49.34601112648966]],[[10.104042142976516,49.34601112648966],[10.104661434801201,49.33971353224655]],[[10.104661434801201,49.33971353224655],[10.112571665209533,49.33463732803673]],[[10.112571665209533,49.33463732803673],[10.107993619553733,49.33250465196751]],[[10.107993619553733,49.33250465196751],[10.123661060374719,49.32491086723573]],[[10.123661060374719,49.32491086723573],[10.127787741097286,49.32620250955477]],[[10.127787741097286,49.32620250955477],[10.132710918682807,49.32774345615736]],[[10.132710918682807,49.32774345615736],[10.140034734784395,49.324924798869986]],[[10.140034734784395,49.324924798869986],[10.144401641185942,49.31699778938612]],[[10.144401641185942,49.31699778938612],[10.136630253169589,49.30914607704461]],[[10.136630253169589,49.30914607704461],[10.132529650158778,49.30500309178875]],[[10.132529650158778,49.30500309178875],[10.13399389777944,49.29677199643671]],[[10.13399389777944,49.29677199643671],[10.144328369347232,49.28945830804504]],[[10.144328369347232,49.28945830804504],[10.15662062253663,49.280759100216876]],[[10.15662062253663,49.280759100216876],[10.150007299412074,49.27871530075548]],[[10.150007299412074,49.27871530075548],[10.145423631444087,49.268945968332794]],[[10.145423631444087,49.268945968332794],[10.135662546425108,49.26366898946569]],[[10.135662546425108,49.26366898946569],[10.128599872878246,49.26349868054098]],[[10.128599872878246,49.26349868054098],[10.127718333277377,49.26604893944603]],[[10.127718333277377,49.26604893944603],[10.125181885973662,49.27338676902887]],[[10.125181885973662,49.27338676902887],[10.116712178703471,49.2676672907319]],[[10.116712178703471,49.2676672907319],[10.116376531729182,49.260981031462364]],[[10.116376531729182,49.260981031462364],[10.112899415919927,49.25678428849389]],[[10.112899415919927,49.25678428849389],[10.119892705608946,49.25574487861328]],[[10.119892705608946,49.25574487861328],[10.128305712477026,49.25449445651144]],[[10.128305712477026,49.25449445651144],[10.131535735465636,49.25095008933039]],[[10.131535735465636,49.25095008933039],[10.121659946936488,49.247919842736366]],[[10.121659946936488,49.247919842736366],[10.11982885568735,49.24735799862547]],[[10.11982885568735,49.24735799862547],[10.122126641285805,49.24585340142489]],[[10.122126641285805,49.24585340142489],[10.124021755231052,49.24461247541353]],[[10.124021755231052,49.24461247541353],[10.127719874353438,49.223369040915806]],[[10.127719874353438,49.223369040915806],[10.139533617242996,49.212406751214814]],[[10.139533617242996,49.212406751214814],[10.139013208228752,49.20954054423656]],[[10.139013208228752,49.20954054423656],[10.130295995412784,49.20968094046117]],[[10.130295995412784,49.20968094046117],[10.128984558160992,49.209702061338085]],[[10.128984558160992,49.209702061338085],[10.126817024036042,49.20731711449987]],[[10.126817024036042,49.20731711449987],[10.125980547606094,49.200437053036524]],[[10.125980547606094,49.200437053036524],[10.129117470472401,49.196904596372654]],[[10.129117470472401,49.196904596372654],[10.136081126830609,49.199623067850865]],[[10.136081126830609,49.199623067850865],[10.137076037043125,49.19923686070373]],[[10.137076037043125,49.19923686070373],[10.152648212611709,49.193192014186955]],[[10.152648212611709,49.193192014186955],[10.159078698194524,49.18574110226856]],[[10.159078698194524,49.18574110226856],[10.161256888648458,49.18321726777325]],[[10.161256888648458,49.18321726777325],[10.171029474238253,49.178275399447564]],[[10.171029474238253,49.178275399447564],[10.17116923939016,49.17832513635093]],[[10.17116923939016,49.17832513635093],[10.180415585576455,49.181615463357566]],[[10.180415585576455,49.181615463357566],[10.17845104860626,49.17385869779924]],[[10.17845104860626,49.17385869779924],[10.178440748088624,49.17381802612999]],[[10.178440748088624,49.17381802612999],[10.178527968066632,49.1738115187311]],[[10.178527968066632,49.1738115187311],[10.188745111453123,49.173049139530676]],[[10.188745111453123,49.173049139530676],[10.19494842605137,49.16373971226887]],[[10.19494842605137,49.16373971226887],[10.20006897728965,49.15605521013127]],[[10.20006897728965,49.15605521013127],[10.21003910276159,49.16038954121681]],[[10.21003910276159,49.16038954121681],[10.21621979860247,49.1630764863539]],[[10.21621979860247,49.1630764863539],[10.23114659970139,49.15707298189383]],[[10.23114659970139,49.15707298189383],[10.236288374681308,49.15074741853052]],[[10.236288374681308,49.15074741853052],[10.237105597838948,49.14974204601244]],[[10.237105597838948,49.14974204601244],[10.238291058238088,49.14956375544704]],[[10.238291058238088,49.14956375544704],[10.247781300862906,49.148136437350395]],[[10.247781300862906,49.148136437350395],[10.254562446481154,49.13901170212951]],[[10.254562446481154,49.13901170212951],[10.25177197360846,49.13389009344245]],[[10.25177197360846,49.13389009344245],[10.256947683743274,49.1290505252765]],[[10.256947683743274,49.1290505252765],[10.246296275339137,49.124924242445324]],[[10.246296275339137,49.124924242445324],[10.230877815778147,49.11895123869959]],[[10.230877815778147,49.11895123869959],[10.227099067764437,49.1118713882307]],[[10.227099067764437,49.1118713882307],[10.214963337056002,49.11231944979165]],[[10.214963337056002,49.11231944979165],[10.214344848415356,49.105129639905805]],[[10.214344848415356,49.105129639905805],[10.20499740580014,49.09811886574118]],[[10.20499740580014,49.09811886574118],[10.213007108061309,49.094998486435664]],[[10.213007108061309,49.094998486435664],[10.222414063008522,49.09709644359487]],[[10.222414063008522,49.09709644359487],[10.230141869567715,49.0902776028678]],[[10.230141869567715,49.0902776028678],[10.238366230546347,49.09080575587287]],[[10.238366230546347,49.09080575587287],[10.24848250048967,49.09145540259041]],[[10.24848250048967,49.09145540259041],[10.246705243943316,49.08036092832016]],[[10.246705243943316,49.08036092832016],[10.242428885867499,49.07993977509758]],[[10.242428885867499,49.07993977509758],[10.240128953467652,49.079713267751835]],[[10.240128953467652,49.079713267751835],[10.235179786136596,49.07543501828104]],[[10.235179786136596,49.07543501828104],[10.24508551103024,49.0730716236475]],[[10.24508551103024,49.0730716236475],[10.256914142310066,49.07024944456742]],[[10.256914142310066,49.07024944456742],[10.261330151993404,49.06177584217574]],[[10.261330151993404,49.06177584217574],[10.256763389558465,49.0594949935725]],[[10.256763389558465,49.0594949935725],[10.252215007386972,49.040234686647466]],[[10.252215007386972,49.040234686647466],[10.258612808112135,49.042204011923154]],[[10.258612808112135,49.042204011923154],[10.264446726408668,49.043999765517285]],[[10.264446726408668,49.043999765517285],[10.27826998220885,49.03899052014247]],[[10.27826998220885,49.03899052014247],[10.283504499293263,49.03709364710075]],[[10.283504499293263,49.03709364710075],[10.285342169760334,49.03783438326591]],[[10.285342169760334,49.03783438326591],[10.29566171537008,49.0419940265043]],[[10.29566171537008,49.0419940265043],[10.301120845035037,49.03915195877315]],[[10.301120845035037,49.03915195877315],[10.302527042667908,49.03502505499775]],[[10.302527042667908,49.03502505499775],[10.30351527269552,49.032124807513924]],[[10.30351527269552,49.032124807513924],[10.316553882325882,49.02854256894218]],[[10.316553882325882,49.02854256894218],[10.32047648600043,49.025716056662766]],[[10.32047648600043,49.025716056662766],[10.32609876659929,49.02563735343907]],[[10.32609876659929,49.02563735343907],[10.32798629165328,49.029085583645966]],[[10.32798629165328,49.029085583645966],[10.332311570229745,49.027177958720436]],[[10.332311570229745,49.027177958720436],[10.333399535492019,49.02997812058532]],[[10.333399535492019,49.02997812058532],[10.333760373735533,49.030906832574836]],[[10.333760373735533,49.030906832574836],[10.335655381310241,49.02960934128554]],[[10.335655381310241,49.02960934128554],[10.338558969575164,49.02762128714559]],[[10.338558969575164,49.02762128714559],[10.344324032408602,49.02774668293588]],[[10.344324032408602,49.02774668293588],[10.349252580053093,49.02785388302975]],[[10.349252580053093,49.02785388302975],[10.349829597413674,49.02320722884285]],[[10.349829597413674,49.02320722884285],[10.34820104454842,49.021170323173344]],[[10.34820104454842,49.021170323173344],[10.345737777247741,49.018089400844424]],[[10.345737777247741,49.018089400844424],[10.351976490734588,49.014766244211984]],[[10.351976490734588,49.014766244211984],[10.35534663944675,49.01297107831552]],[[10.35534663944675,49.01297107831552],[10.3546227171208,49.010277600487356]],[[10.3546227171208,49.010277600487356],[10.353473407234892,49.006001397969484]],[[10.353473407234892,49.006001397969484],[10.360219455009092,49.005037744395985]],[[10.360219455009092,49.005037744395985],[10.372808836048165,49.00323939032043]],[[10.372808836048165,49.00323939032043],[10.380942638412533,48.998504348706454]],[[10.380942638412533,48.998504348706454],[10.38137673444812,48.99327089961516]],[[10.38137673444812,48.99327089961516],[10.381771791111923,48.98850811068649]],[[10.381771791111923,48.98850811068649],[10.388964168232835,48.98905106740105]],[[10.388964168232835,48.98905106740105],[10.394412297166667,48.98946234943794]],[[10.394412297166667,48.98946234943794],[10.409849324044599,48.97743556691218]],[[10.409849324044599,48.97743556691218],[10.403970647599765,48.97486740532614]],[[10.403970647599765,48.97486740532614],[10.403009988539374,48.969622897637024]],[[10.403009988539374,48.969622897637024],[10.403681735204843,48.96679041636745]],[[10.403681735204843,48.96679041636745],[10.408932390512152,48.96734009556846]],[[10.408932390512152,48.96734009556846],[10.417538805100675,48.96824108045195]],[[10.417538805100675,48.96824108045195],[10.424245187480887,48.96206607340413]],[[10.424245187480887,48.96206607340413],[10.419972920879886,48.959486937324655]],[[10.419972920879886,48.959486937324655],[10.419458054329143,48.95917611669156]],[[10.419458054329143,48.95917611669156],[10.421966425068556,48.95806895363719]],[[10.421966425068556,48.95806895363719],[10.428511319528848,48.95518011863648]],[[10.428511319528848,48.95518011863648],[10.4297164185325,48.95255636478294]],[[10.4297164185325,48.95255636478294],[10.432845408257114,48.94574388515595]],[[10.432845408257114,48.94574388515595],[10.439892205300627,48.94531830129768]],[[10.439892205300627,48.94531830129768],[10.444136897169386,48.94506194722172]],[[10.444136897169386,48.94506194722172],[10.448347096359832,48.93712353482229]],[[10.448347096359832,48.93712353482229],[10.446476973524083,48.9362434378153]],[[10.446476973524083,48.9362434378153],[10.439356364969095,48.93289241191675]],[[10.439356364969095,48.93289241191675],[10.451041614614478,48.92466945614601]],[[10.451041614614478,48.92466945614601],[10.455961332806197,48.92120743262099]],[[10.455961332806197,48.92120743262099],[10.453891464636849,48.91499937735546]],[[10.453891464636849,48.91499937735546],[10.442678660359466,48.90893106893764]],[[10.442678660359466,48.90893106893764],[10.432680104297095,48.90817487044555]],[[10.432680104297095,48.90817487044555],[10.424890766179422,48.90758575698894]],[[10.424890766179422,48.90758575698894],[10.42599214285715,48.902410519468106]],[[10.42599214285715,48.902410519468106],[10.433651583480893,48.90051361841181]],[[10.433651583480893,48.90051361841181],[10.439128484917346,48.89915723521529]],[[10.439128484917346,48.89915723521529],[10.443640154991352,48.8962692074351]],[[10.443640154991352,48.8962692074351],[10.449397117873838,48.892584037038475]],[[10.449397117873838,48.892584037038475],[10.45280907043105,48.88647894055028]],[[10.45280907043105,48.88647894055028],[10.44952055353788,48.881280558694264]],[[10.44952055353788,48.881280558694264],[10.447027656793844,48.87733987066672]],[[10.447027656793844,48.87733987066672],[10.450147290279972,48.87516906992779]],[[10.450147290279972,48.87516906992779],[10.45258093349864,48.87347561779787]],[[10.45258093349864,48.87347561779787],[10.450578759653467,48.86662001732964]],[[10.450578759653467,48.86662001732964],[10.449316350497748,48.86229742445919]],[[10.449316350497748,48.86229742445919],[10.450040025824372,48.86179219394658]],[[10.450040025824372,48.86179219394658],[10.453164391346833,48.859610930119985]],[[10.453164391346833,48.859610930119985],[10.452107395275156,48.85261168756771]],[[10.452107395275156,48.85261168756771],[10.443533430193725,48.84974538261365]],[[10.443533430193725,48.84974538261365],[10.429172168432569,48.844944364398586]],[[10.429172168432569,48.844944364398586],[10.426268422789178,48.836920614063075]],[[10.426268422789178,48.836920614063075],[10.433578501593876,48.83491404667044]],[[10.433578501593876,48.83491404667044],[10.447678609060532,48.831043661532426]],[[10.447678609060532,48.831043661532426],[10.447022050730837,48.82040990929356]],[[10.447022050730837,48.82040990929356],[10.4464263304189,48.81076153368752]],[[10.4464263304189,48.81076153368752],[10.44096445238873,48.80643311449523]],[[10.44096445238873,48.80643311449523],[10.434785541013639,48.80175313626475]],[[10.434785541013639,48.80175313626475],[10.426936401094308,48.79969297812954]],[[10.426936401094308,48.79969297812954],[10.421120772959533,48.79816655411035]],[[10.421120772959533,48.79816655411035],[10.425518456038192,48.79495357538426]],[[10.425518456038192,48.79495357538426],[10.433709781542188,48.78896893709725]],[[10.433709781542188,48.78896893709725],[10.42804433811388,48.78603841320904]],[[10.42804433811388,48.78603841320904],[10.429989751826911,48.778665058520495]],[[10.429989751826911,48.778665058520495],[10.4329907937108,48.77634587940718]],[[10.4329907937108,48.77634587940718],[10.430321624195075,48.77054229988647]],[[10.430321624195075,48.77054229988647],[10.423637171536173,48.772175853001706]],[[10.423637171536173,48.772175853001706],[10.41917616401522,48.77326604092363]],[[10.41917616401522,48.77326604092363],[10.418236950576318,48.775776910166535]],[[10.418236950576318,48.775776910166535],[10.414362554456511,48.770930359784636]],[[10.414362554456511,48.770930359784636],[10.419313341950362,48.76248704472515]],[[10.419313341950362,48.76248704472515],[10.419369565936108,48.76244902664456]],[[10.419369565936108,48.76244902664456],[10.427223431495573,48.757138431542295]],[[10.427223431495573,48.757138431542295],[10.421437848639789,48.753728028895054]],[[10.421437848639789,48.753728028895054],[10.417848909116938,48.751612473704284]],[[10.417848909116938,48.751612473704284],[10.423689312174062,48.74423464207669]],[[10.423689312174062,48.74423464207669],[10.43846307107767,48.73698999147001]],[[10.43846307107767,48.73698999147001],[10.446268244005166,48.728939054880826]],[[10.446268244005166,48.728939054880826],[10.450658236211046,48.73392674006707]],[[10.450658236211046,48.73392674006707],[10.450977996074624,48.73429003557146]],[[10.450977996074624,48.73429003557146],[10.464280820174476,48.73513707362187]],[[10.464280820174476,48.73513707362187],[10.460465244223714,48.73075919652886]],[[10.460465244223714,48.73075919652886],[10.46220276122039,48.72660417960155]],[[10.46220276122039,48.72660417960155],[10.464258481279499,48.72168822257094]],[[10.464258481279499,48.72168822257094],[10.472187411616469,48.71375699928365]],[[10.472187411616469,48.71375699928365],[10.473454347828275,48.71315810377358]],[[10.473454347828275,48.71315810377358],[10.481638813221828,48.70928920987519]],[[10.481638813221828,48.70928920987519],[10.478997588046592,48.7065337226333]],[[10.478997588046592,48.7065337226333],[10.475308466879168,48.70268500763992]],[[10.475308466879168,48.70268500763992],[10.481188042433093,48.69625071959546]],[[10.481188042433093,48.69625071959546],[10.487258069505518,48.696662130232816]],[[10.487258069505518,48.696662130232816],[10.490919646615811,48.68807726926475]],[[10.490919646615811,48.68807726926475],[10.484208444951173,48.686062586577464]],[[10.484208444951173,48.686062586577464],[10.48213600501882,48.685440446242964]],[[10.48213600501882,48.685440446242964],[10.474817622369692,48.67907483447785]],[[10.474817622369692,48.67907483447785],[10.464998016445215,48.670533627411196]],[[10.464998016445215,48.670533627411196],[10.46008065456629,48.67040829105587]],[[10.46008065456629,48.67040829105587],[10.454959965965497,48.67027777127618]],[[10.454959965965497,48.67027777127618],[10.453116117866383,48.668891126652085]],[[10.453116117866383,48.668891126652085],[10.449163026910208,48.66591824699395]],[[10.449163026910208,48.66591824699395],[10.431353323950505,48.66193980351182]],[[10.431353323950505,48.66193980351182],[10.424423967924557,48.66264078497324]],[[10.424423967924557,48.66264078497324],[10.417008327664833,48.66339096139124]],[[10.417008327664833,48.66339096139124],[10.416541021423116,48.66321804597675]],[[10.416541021423116,48.66321804597675],[10.410638938517517,48.66103412161418]],[[10.410638938517517,48.66103412161418],[10.409509469246816,48.66752005636946]],[[10.409509469246816,48.66752005636946],[10.414483816077578,48.66924665373115]],[[10.414483816077578,48.66924665373115],[10.425550738375366,48.67308798562076]],[[10.425550738375366,48.67308798562076],[10.421937085067778,48.67899239468352]],[[10.421937085067778,48.67899239468352],[10.420023227338726,48.68211947671089]],[[10.420023227338726,48.68211947671089],[10.423257386211986,48.68988870667911]],[[10.423257386211986,48.68988870667911],[10.42891699722262,48.68811918473903]],[[10.42891699722262,48.68811918473903],[10.43241585315463,48.68702523898611]],[[10.43241585315463,48.68702523898611],[10.436669304808035,48.692221090553744]],[[10.436669304808035,48.692221090553744],[10.43526435570535,48.6956284206897]],[[10.43526435570535,48.6956284206897],[10.408781687260255,48.698083649763426]],[[10.408781687260255,48.698083649763426],[10.392903280816247,48.6874689947686]],[[10.392903280816247,48.6874689947686],[10.392203480369353,48.67921153272193]],[[10.392203480369353,48.67921153272193],[10.38800288277432,48.6736560490756]],[[10.38800288277432,48.6736560490756],[10.388293452301145,48.671309114606544]],[[10.388293452301145,48.671309114606544],[10.388704528143682,48.66798885968644]],[[10.388704528143682,48.66798885968644],[10.38044923909257,48.665952065816526]],[[10.38044923909257,48.665952065816526],[10.368754605763922,48.66306669647514]],[[10.368754605763922,48.66306669647514],[10.364979468543343,48.65811479835989]],[[10.364979468543343,48.65811479835989],[10.361222320112194,48.653186500761485]],[[10.361222320112194,48.653186500761485],[10.352597351946324,48.654693009650735]],[[10.352597351946324,48.654693009650735],[10.351460760981722,48.65868659515471]],[[10.351460760981722,48.65868659515471],[10.348775296062117,48.6608856407219]],[[10.348775296062117,48.6608856407219],[10.350876295342976,48.66694055463299]],[[10.350876295342976,48.66694055463299],[10.350963519802303,48.66719192782642]],[[10.350963519802303,48.66719192782642],[10.347087727902455,48.67861067324892]],[[10.347087727902455,48.67861067324892],[10.337235883470138,48.68835209352606]],[[10.337235883470138,48.68835209352606],[10.329556663653628,48.69051827032687]],[[10.329556663653628,48.69051827032687],[10.319327773356283,48.68885401675714]],[[10.319327773356283,48.68885401675714],[10.317650669566751,48.68644641605052]],[[10.317650669566751,48.68644641605052],[10.315868909596999,48.683888569612456]],[[10.315868909596999,48.683888569612456],[10.292634729007945,48.69274803102795]],[[10.292634729007945,48.69274803102795],[10.29185412131139,48.69331531544916]],[[10.29185412131139,48.69331531544916],[10.281298179756343,48.70098654845906]],[[10.281298179756343,48.70098654845906],[10.270427062450024,48.7030334697361]],[[10.270427062450024,48.7030334697361],[10.268706548776908,48.70030175423243]],[[10.268706548776908,48.70030175423243],[10.269459681601312,48.695250583709175]],[[10.269459681601312,48.695250583709175],[10.270950989812134,48.68524857040139]],[[10.270950989812134,48.68524857040139],[10.26518531975783,48.68023128754413]],[[10.26518531975783,48.68023128754413],[10.260106038681977,48.67996444052307]],[[10.260106038681977,48.67996444052307],[10.25618853407322,48.67975862937783]],[[10.25618853407322,48.67975862937783],[10.259131351030003,48.675504066619]],[[10.259131351030003,48.675504066619],[10.26147945006322,48.672109315500734]],[[10.26147945006322,48.672109315500734],[10.258891129668191,48.66901231336728]],[[10.258891129668191,48.66901231336728],[10.255362570514958,48.6647902870493]],[[10.255362570514958,48.6647902870493],[10.258636744293081,48.66213777730162]],[[10.258636744293081,48.66213777730162],[10.262085795745797,48.65934359462067]],[[10.262085795745797,48.65934359462067],[10.260730939310356,48.656984256931395]],[[10.260730939310356,48.656984256931395],[10.259529790145791,48.65489258027593]],[[10.259529790145791,48.65489258027593],[10.265327133986077,48.65311530735445]],[[10.265327133986077,48.65311530735445],[10.268935654210445,48.65200905565257]],[[10.268935654210445,48.65200905565257],[10.269143600194,48.6499027151198]],[[10.269143600194,48.6499027151198],[10.269391991662697,48.647386666015144]],[[10.269391991662697,48.647386666015144],[10.272703586378686,48.64690601739353]],[[10.272703586378686,48.64690601739353],[10.279806665529998,48.645875070480876]],[[10.279806665529998,48.645875070480876],[10.2848375309693,48.636962338838195]],[[10.2848375309693,48.636962338838195],[10.296509845344753,48.633563919191154]],[[10.296509845344753,48.633563919191154],[10.29854285663636,48.625155243893815]],[[10.29854285663636,48.625155243893815],[10.298848310869056,48.623891861594934]],[[10.298848310869056,48.623891861594934],[10.303442086518928,48.62103120846468]],[[10.303442086518928,48.62103120846468],[10.321656516210675,48.60968865249758]],[[10.321656516210675,48.60968865249758],[10.318910240672643,48.604045384446344]],[[10.318910240672643,48.604045384446344],[10.31086379889285,48.60395835313269]],[[10.31086379889285,48.60395835313269],[10.297109173607076,48.60380957857235]],[[10.297109173607076,48.60380957857235],[10.294108459258874,48.59022441326587]],[[10.294108459258874,48.59022441326587],[10.301303203666786,48.58522033695883]],[[10.301303203666786,48.58522033695883],[10.306253425830814,48.58177736483702]],[[10.306253425830814,48.58177736483702],[10.313839455583727,48.559095583868114]],[[10.313839455583727,48.559095583868114],[10.307567952370432,48.55083803750097]],[[10.307567952370432,48.55083803750097],[10.305956871241097,48.54948988390113]],[[10.305956871241097,48.54948988390113],[10.301760511451938,48.545978366857376]],[[10.301760511451938,48.545978366857376],[10.30216812580467,48.5346945665006]],[[10.30216812580467,48.5346945665006],[10.304350228109339,48.5298128568569]],[[10.304350228109339,48.5298128568569],[10.306582717342406,48.52949481959409]],[[10.306582717342406,48.52949481959409],[10.313184693076682,48.5285543106235]],[[10.313184693076682,48.5285543106235],[10.310406750626166,48.525722304368685]],[[10.310406750626166,48.525722304368685],[10.312022959586965,48.522943974955716]],[[10.312022959586965,48.522943974955716],[10.295733506146467,48.51702327522418]],[[10.295733506146467,48.51702327522418],[10.27822633615964,48.516094517956454]],[[10.27822633615964,48.516094517956454],[10.2652194136549,48.51919433929533]],[[10.2652194136549,48.51919433929533],[10.255992592000618,48.51887074252763]],[[10.255992592000618,48.51887074252763],[10.246754683402267,48.51170205049454]],[[10.246754683402267,48.51170205049454],[10.230779511565043,48.510511055500935]],[[10.230779511565043,48.510511055500935],[10.23469162666243,48.505341601924265]],[[10.23469162666243,48.505341601924265],[10.24098615921705,48.50528409136761]],[[10.24098615921705,48.50528409136761],[10.241958725782197,48.50055473517676]],[[10.241958725782197,48.50055473517676],[10.237506471284824,48.50019611035172]],[[10.237506471284824,48.50019611035172],[10.240036591363694,48.49160515840712]],[[10.240036591363694,48.49160515840712],[10.225462469405244,48.488603355846344]],[[10.225462469405244,48.488603355846344],[10.225329726455916,48.48860096985764]],[[10.225329726455916,48.48860096985764],[10.21791542791316,48.48846764059311]],[[10.21791542791316,48.48846764059311],[10.202594597933698,48.48285895391727]],[[10.202594597933698,48.48285895391727],[10.183431227226121,48.47584581412546]],[[10.183431227226121,48.47584581412546],[10.184018305789154,48.473543420036584]],[[10.184018305789154,48.473543420036584],[10.18464773615159,48.471074927963386]],[[10.18464773615159,48.471074927963386],[10.179387933816768,48.46933672422683]],[[10.179387933816768,48.46933672422683],[10.176633786877876,48.46842656327343]],[[10.176633786877876,48.46842656327343],[10.176682508528913,48.46687884508495]],[[10.176682508528913,48.46687884508495],[10.176766324527463,48.4642163507254]],[[10.176766324527463,48.4642163507254],[10.170871694048177,48.45831497443445]],[[10.170871694048177,48.45831497443445],[10.13389559069453,48.45487146396649]],[[10.13389559069453,48.45487146396649],[10.123042216484984,48.46206036262624]],[[10.123042216484984,48.46206036262624],[10.118234784442636,48.46838723721267]],[[10.118234784442636,48.46838723721267],[10.117452040876003,48.47461697446335]],[[10.117452040876003,48.47461697446335],[10.106836547905562,48.477032623886764]],[[10.106836547905562,48.477032623886764],[10.10072047643963,48.47089446873113]],[[10.10072047643963,48.47089446873113],[10.06958952385852,48.45806890684549]],[[10.06958952385852,48.45806890684549],[10.038838404465148,48.459173772481144]],[[10.038838404465148,48.459173772481144],[10.032694508627642,48.45719634040813]],[[10.032694508627642,48.45719634040813],[10.031875626683389,48.45399806489952]],[[10.031875626683389,48.45399806489952],[10.033911369575078,48.45042567385367]],[[10.033911369575078,48.45042567385367],[10.037053528003465,48.44491170160109]],[[10.037053528003465,48.44491170160109],[10.035036546104998,48.44416513396745]],[[10.035036546104998,48.44416513396745],[10.030991191569575,48.44266778053707]],[[10.030991191569575,48.44266778053707],[10.028775709144051,48.4376008820474]],[[10.028775709144051,48.4376008820474],[10.037077136636544,48.432811186643626]],[[10.037077136636544,48.432811186643626],[10.04241411688138,48.4297318964499]],[[10.04241411688138,48.4297318964499],[10.035294098693416,48.4262721246435]],[[10.035294098693416,48.4262721246435],[10.020204123069613,48.41893957517656]],[[10.020204123069613,48.41893957517656],[10.017424100683424,48.41192306253057]],[[10.017424100683424,48.41192306253057],[10.01429464512306,48.40402461103635]],[[10.01429464512306,48.40402461103635],[9.999702622272967,48.397693257717094]],[[9.999702622272967,48.397693257717094],[9.990858248830245,48.39385575967027]],[[9.990858248830245,48.39385575967027],[9.968403039630516,48.37470262704213]],[[9.968403039630516,48.37470262704213],[9.970499920762204,48.368866120567894]],[[9.970499920762204,48.368866120567894],[9.977871455578297,48.36317051094975]],[[9.977871455578297,48.36317051094975],[9.983028291313161,48.36363901914426]],[[9.983028291313161,48.36363901914426],[9.985275677221834,48.36822368832961]],[[9.985275677221834,48.36822368832961],[9.985932323085953,48.3695632482591]],[[9.985932323085953,48.3695632482591],[9.99158900276178,48.36855768354496]],[[9.99158900276178,48.36855768354496],[9.998732884606202,48.36235792795974]],[[9.998732884606202,48.36235792795974],[9.996322131927926,48.35701963555315]],[[9.996322131927926,48.35701963555315],[9.995568453608568,48.35535071157582]],[[9.995568453608568,48.35535071157582],[9.997605833837058,48.35011795164834]],[[9.997605833837058,48.35011795164834],[10.010194725794955,48.34168690648349]],[[10.010194725794955,48.34168690648349],[10.011051211867995,48.335766734742755]],[[10.011051211867995,48.335766734742755],[10.011611845720834,48.3318915434307]],[[10.011611845720834,48.3318915434307],[10.023644511362312,48.322325001645794]],[[10.023644511362312,48.322325001645794],[10.025077850750936,48.321185428574324]],[[10.025077850750936,48.321185428574324],[10.027100634836536,48.318636032503825]],[[10.027100634836536,48.318636032503825],[10.037835747727657,48.30510614210593]],[[10.037835747727657,48.30510614210593],[10.044203832503186,48.29341872515792]],[[10.044203832503186,48.29341872515792],[10.058230080523579,48.28540934017896]],[[10.058230080523579,48.28540934017896],[10.065183821468384,48.281438557512374]],[[10.065183821468384,48.281438557512374],[10.066178374038609,48.27566211111605]],[[10.066178374038609,48.27566211111605],[10.063439026748547,48.27346730668136]],[[10.063439026748547,48.27346730668136],[10.062409707022411,48.2726425998679]],[[10.062409707022411,48.2726425998679],[10.063550537206247,48.268182437307615]],[[10.063550537206247,48.268182437307615],[10.065073451807178,48.26222848573118]],[[10.065073451807178,48.26222848573118],[10.063735346885723,48.25942359710571]],[[10.063735346885723,48.25942359710571],[10.06308859203612,48.25806789100304]],[[10.06308859203612,48.25806789100304],[10.06377676400304,48.257460676305705]],[[10.06377676400304,48.257460676305705],[10.067121426071967,48.254509483618875]],[[10.067121426071967,48.254509483618875],[10.067770972287457,48.25126320257501]],[[10.067770972287457,48.25126320257501],[10.064037028562575,48.24512577951002]],[[10.064037028562575,48.24512577951002],[10.061487595898386,48.240935318535655]],[[10.061487595898386,48.240935318535655],[10.06420115935064,48.23734698886661]],[[10.06420115935064,48.23734698886661],[10.068916684378605,48.23111133097275]],[[10.068916684378605,48.23111133097275],[10.069539140002012,48.224441465372664]],[[10.069539140002012,48.224441465372664],[10.077487512783055,48.22083685554091]],[[10.077487512783055,48.22083685554091],[10.07731273854651,48.210995951122335]],[[10.07731273854651,48.210995951122335],[10.085198667157064,48.205683464920014]],[[10.085198667157064,48.205683464920014],[10.08366238833905,48.19784509838541]],[[10.08366238833905,48.19784509838541],[10.085147160883125,48.18770964404214]],[[10.085147160883125,48.18770964404214],[10.085835229934236,48.183012694450525]],[[10.085835229934236,48.183012694450525],[10.094582150373173,48.16519848276564]],[[10.094582150373173,48.16519848276564],[10.095357281028047,48.16401489597067]],[[10.095357281028047,48.16401489597067],[10.10707464949349,48.13214407537494]],[[10.10707464949349,48.13214407537494],[10.108000111987204,48.13054738128351]],[[10.108000111987204,48.13054738128351],[10.122835256901434,48.11740201256794]],[[10.122835256901434,48.11740201256794],[10.12835448212185,48.11515149902238]],[[10.12835448212185,48.11515149902238],[10.13421368190637,48.11276235809478]],[[10.13421368190637,48.11276235809478],[10.136457220534936,48.10845957791917]],[[10.136457220534936,48.10845957791917],[10.137533014588588,48.10633255034948]],[[10.137533014588588,48.10633255034948],[10.136821185650923,48.1057570988756]],[[10.136821185650923,48.1057570988756],[10.135818685431968,48.104946666668205]],[[10.135818685431968,48.104946666668205],[10.13666149054736,48.10078312117056]],[[10.13666149054736,48.10078312117056],[10.137551007605643,48.10033810142373]],[[10.137551007605643,48.10033810142373],[10.140392309288796,48.09891661191022]],[[10.140392309288796,48.09891661191022],[10.140551631470856,48.09547393224653]],[[10.140551631470856,48.09547393224653],[10.138788452568239,48.09114995284282]],[[10.138788452568239,48.09114995284282],[10.134591241026635,48.08085680885819]],[[10.134591241026635,48.08085680885819],[10.140904763008164,48.075436126972875]],[[10.140904763008164,48.075436126972875],[10.142980671534339,48.07365378903669]],[[10.142980671534339,48.07365378903669],[10.141759755779209,48.06908773334252]],[[10.141759755779209,48.06908773334252],[10.140640531288696,48.06490199669012]],[[10.140640531288696,48.06490199669012],[10.14118795891356,48.06371558767372]],[[10.14118795891356,48.06371558767372],[10.143436106911267,48.058843304112195]],[[10.143436106911267,48.058843304112195],[10.140470861877006,48.047210858141455]],[[10.140470861877006,48.047210858141455],[10.13238040253968,48.0376106878833]],[[10.13238040253968,48.0376106878833],[10.128044815263012,48.0324660644039]],[[10.128044815263012,48.0324660644039],[10.133431111823104,48.0263334351195]],[[10.133431111823104,48.0263334351195],[10.135728036820138,48.0237614168037]],[[10.135728036820138,48.0237614168037],[10.13238678226933,48.01540013107859]],[[10.13238678226933,48.01540013107859],[10.12042378640334,48.00326293810451]],[[10.12042378640334,48.00326293810451],[10.120978041650687,47.99689556517483]],[[10.120978041650687,47.99689556517483],[10.115465212506018,47.98903694509027]],[[10.115465212506018,47.98903694509027],[10.114927349061315,47.97630047914923]],[[10.114927349061315,47.97630047914923],[10.107388297807546,47.97378400978102]],[[10.107388297807546,47.97378400978102],[10.10530063732386,47.97463862694449]],[[10.10530063732386,47.97463862694449],[10.08868341276237,47.968914684178046]],[[10.08868341276237,47.968914684178046],[10.085128990039921,47.95693461441452]],[[10.085128990039921,47.95693461441452],[10.09341901626348,47.945149812574044]],[[10.09341901626348,47.945149812574044],[10.110136718669098,47.93714984864139]],[[10.110136718669098,47.93714984864139],[10.105822010026374,47.92440898571345]],[[10.105822010026374,47.92440898571345],[10.107695430024826,47.921527704017016]],[[10.107695430024826,47.921527704017016],[10.109222243194836,47.91917949877328]],[[10.109222243194836,47.91917949877328],[10.108314260517195,47.91557215971292]],[[10.108314260517195,47.91557215971292],[10.1093495207707,47.9109761303717]],[[10.1093495207707,47.9109761303717],[10.105499596414955,47.90747625825411]],[[10.105499596414955,47.90747625825411],[10.102117195076584,47.9044013984478]],[[10.102117195076584,47.9044013984478],[10.103379363992785,47.89390858698178]],[[10.103379363992785,47.89390858698178],[10.103531994570275,47.89263972549993]],[[10.103531994570275,47.89263972549993],[10.103050013234334,47.89180102401215]],[[10.103050013234334,47.89180102401215],[10.099477072082083,47.88558370645888]],[[10.099477072082083,47.88558370645888],[10.101856474028322,47.88416340202959]],[[10.101856474028322,47.88416340202959],[10.104757114652957,47.882431963153095]],[[10.104757114652957,47.882431963153095],[10.104462740687932,47.878521181049734]],[[10.104462740687932,47.878521181049734],[10.091279458051378,47.86776613643069]],[[10.091279458051378,47.86776613643069],[10.089756001548505,47.86777069086832]],[[10.089756001548505,47.86777069086832],[10.076755629433253,47.86780956327549]],[[10.076755629433253,47.86780956327549],[10.083463887238539,47.85658133924999]],[[10.083463887238539,47.85658133924999],[10.093309540467768,47.861289219355996]],[[10.093309540467768,47.861289219355996],[10.102079248836425,47.86548261484321]],[[10.102079248836425,47.86548261484321],[10.103444910130673,47.857599010361696]],[[10.103444910130673,47.857599010361696],[10.100570261041456,47.853542860925025]],[[10.100570261041456,47.853542860925025],[10.097962719150685,47.849863602722486]],[[10.097962719150685,47.849863602722486],[10.10371470372298,47.8501881014239]],[[10.10371470372298,47.8501881014239],[10.107292253184966,47.85038992946472]],[[10.107292253184966,47.85038992946472],[10.106576081980299,47.84713533567715]],[[10.106576081980299,47.84713533567715],[10.105254513157185,47.84112954571015]],[[10.105254513157185,47.84112954571015],[10.13192829571317,47.82008742062306]],[[10.13192829571317,47.82008742062306],[10.13268680228713,47.81722523932445]],[[10.13268680228713,47.81722523932445],[10.134237216520608,47.81137484379006]],[[10.134237216520608,47.81137484379006],[10.127627387821512,47.811216739253034]],[[10.127627387821512,47.811216739253034],[10.11798474299489,47.81098609024995]],[[10.11798474299489,47.81098609024995],[10.11320325892595,47.807485767066304]],[[10.11320325892595,47.807485767066304],[10.114956594928984,47.80556909728601]],[[10.114956594928984,47.80556909728601],[10.117087033305795,47.80324019648499]],[[10.117087033305795,47.80324019648499],[10.114456958677312,47.801219529274114]],[[10.114456958677312,47.801219529274114],[10.106654398823407,47.801868631480936]],[[10.106654398823407,47.801868631480936],[10.094359360576899,47.802891466015076]],[[10.094359360576899,47.802891466015076],[10.067871758646502,47.7853729385696]],[[10.067871758646502,47.7853729385696],[10.070009170718091,47.782263111972426]],[[10.070009170718091,47.782263111972426],[10.081562315403572,47.778536525604224]],[[10.081562315403572,47.778536525604224],[10.086006574700336,47.77041621032229]],[[10.086006574700336,47.77041621032229],[10.10661212683786,47.76350204116114]],[[10.10661212683786,47.76350204116114],[10.115812212306563,47.76041496311339]],[[10.115812212306563,47.76041496311339],[10.117493472921549,47.752239138975995]],[[10.117493472921549,47.752239138975995],[10.115590279586964,47.74279856118927]],[[10.115590279586964,47.74279856118927],[10.114645165746287,47.73811042716646]],[[10.114645165746287,47.73811042716646],[10.116414992187025,47.735641017939315]],[[10.116414992187025,47.735641017939315],[10.117937637022463,47.73351650193113]],[[10.117937637022463,47.73351650193113],[10.118188262177418,47.72119807534387]],[[10.118188262177418,47.72119807534387],[10.118272747122129,47.71704551681117]],[[10.118272747122129,47.71704551681117],[10.123438101207991,47.71137509833264]],[[10.123438101207991,47.71137509833264],[10.131066087760974,47.707512418938414]],[[10.131066087760974,47.707512418938414],[10.13943738010212,47.70327334312618]],[[10.13943738010212,47.70327334312618],[10.138119508627721,47.69744274462921]],[[10.138119508627721,47.69744274462921],[10.132754632025291,47.693411790331076]],[[10.132754632025291,47.693411790331076],[10.129492082588355,47.6909604404055]],[[10.129492082588355,47.6909604404055],[10.130595162312288,47.688265175743965]],[[10.130595162312288,47.688265175743965],[10.1318902239452,47.685100827434994]],[[10.1318902239452,47.685100827434994],[10.128646301864466,47.676415186663476]],[[10.128646301864466,47.676415186663476],[10.111387317626612,47.66636610301868]],[[10.111387317626612,47.66636610301868],[10.10084608864237,47.668623517348905]],[[10.10084608864237,47.668623517348905],[10.09426800752423,47.67003221986082]],[[10.09426800752423,47.67003221986082],[10.093354705543748,47.66657714153808]],[[10.093354705543748,47.66657714153808],[10.092593992515559,47.66369932001771]],[[10.092593992515559,47.66369932001771],[10.089216860889533,47.66039855063513]],[[10.089216860889533,47.66039855063513],[10.08295212701055,47.65427547038046]],[[10.08295212701055,47.65427547038046],[10.07729252674311,47.63927434613373]],[[10.07729252674311,47.63927434613373],[10.072815504139705,47.64316409377398]],[[10.072815504139705,47.64316409377398],[10.073262469158719,47.648613539867874]],[[10.073262469158719,47.648613539867874],[10.074085151757139,47.6586437369544]],[[10.074085151757139,47.6586437369544],[10.060012908368646,47.679383775044904]],[[10.060012908368646,47.679383775044904],[10.048641300746304,47.68033809626161]],[[10.048641300746304,47.68033809626161],[10.04748041792398,47.67901012309477]],[[10.04748041792398,47.67901012309477],[10.044720134633,47.675852545299975]],[[10.044720134633,47.675852545299975],[10.031074879859624,47.67524327927304]],[[10.031074879859624,47.67524327927304],[10.029116871563316,47.6832818342814]],[[10.029116871563316,47.6832818342814],[10.02843532753657,47.68607989959326]],[[10.02843532753657,47.68607989959326],[10.015525750888305,47.68366041651283]],[[10.015525750888305,47.68366041651283],[9.997935963924741,47.679438144503]],[[9.997935963924741,47.679438144503],[9.977317683724424,47.665406446846696]],[[9.977317683724424,47.665406446846696],[9.977121536512996,47.664575971502515]],[[9.977121536512996,47.664575971502515],[9.97547038881716,47.65758507713958]],[[9.97547038881716,47.65758507713958],[9.968471985356917,47.653614897211995]],[[9.968471985356917,47.653614897211995],[9.941651218917468,47.65666946313582]],[[9.941651218917468,47.65666946313582],[9.932625658795393,47.65395536167284]],[[9.932625658795393,47.65395536167284],[9.922525478277803,47.657856416786835]],[[9.922525478277803,47.657856416786835],[9.890993444136424,47.66426157827405]],[[9.890993444136424,47.66426157827405],[9.88398938094672,47.67004915165848]],[[9.88398938094672,47.67004915165848],[9.879121622432828,47.674071461096844]],[[9.879121622432828,47.674071461096844],[9.860355382920776,47.67757472459085]],[[9.860355382920776,47.67757472459085],[9.841770229314399,47.677001341219054]],[[9.841770229314399,47.677001341219054],[9.837332562526049,47.67194687509514]],[[9.837332562526049,47.67194687509514],[9.831706023886799,47.67148597110905]],[[9.831706023886799,47.67148597110905],[9.829520857846076,47.6638590497516]],[[9.829520857846076,47.6638590497516],[9.82788021806882,47.658132696846025]],[[9.82788021806882,47.658132696846025],[9.815637505486405,47.650141710511804]],[[9.815637505486405,47.650141710511804],[9.809767436665895,47.649941791643045]],[[9.809767436665895,47.649941791643045],[9.799029058193259,47.64957606889658]],[[9.799029058193259,47.64957606889658],[9.79615999246301,47.647151671397495]],[[9.79615999246301,47.647151671397495],[9.799480876276922,47.64348337977181]],[[9.799480876276922,47.64348337977181],[9.79848883685424,47.641995460350714]],[[9.79848883685424,47.641995460350714],[9.794256140778593,47.63564701658721]],[[9.794256140778593,47.63564701658721],[9.784495201749166,47.63213625541151]],[[9.784495201749166,47.63213625541151],[9.780612536103318,47.63073975841587]],[[9.780612536103318,47.63073975841587],[9.778790591105974,47.63008444978806]],[[9.778790591105974,47.63008444978806],[9.75586011624483,47.61431753418441]],[[9.75586011624483,47.61431753418441],[9.755214944248646,47.61150686854191]],[[9.755214944248646,47.61150686854191],[9.754621094149497,47.608919778322644]],[[9.754621094149497,47.608919778322644],[9.747718388262053,47.603688613414015]],[[9.747718388262053,47.603688613414015],[9.741532584452854,47.60514490086785]],[[9.741532584452854,47.60514490086785],[9.743742135597323,47.610893479596854]],[[9.743742135597323,47.610893479596854],[9.745672691339303,47.61591619314651]],[[9.745672691339303,47.61591619314651],[9.740712444172091,47.61436015712901]],[[9.740712444172091,47.61436015712901],[9.73704934498558,47.61321103730877]],[[9.73704934498558,47.61321103730877],[9.73641966582311,47.61357981216863]],[[9.73641966582311,47.61357981216863],[9.733658429445557,47.61519694355815]],[[9.733658429445557,47.61519694355815],[9.730510807724688,47.6114851350769]],[[9.730510807724688,47.6114851350769],[9.728540381056229,47.609161525739324]],[[9.728540381056229,47.609161525739324],[9.705416088559994,47.60207543581144]],[[9.705416088559994,47.60207543581144],[9.695751031499567,47.604412602185675]],[[9.695751031499567,47.604412602185675],[9.692151662750073,47.610423516654734]],[[9.692151662750073,47.610423516654734],[9.681449352111425,47.60476607484399]],[[9.681449352111425,47.60476607484399],[9.672549286096302,47.61024228865676]],[[9.672549286096302,47.61024228865676],[9.671220843187063,47.61105967902379]],[[9.671220843187063,47.61105967902379],[9.659397108802997,47.6115466617512]],[[9.659397108802997,47.6115466617512],[9.655440022934838,47.60823031170685]],[[9.655440022934838,47.60823031170685],[9.652548885780126,47.60580730939095]],[[9.652548885780126,47.60580730939095],[9.648323875313038,47.605194576289485]],[[9.648323875313038,47.605194576289485],[9.639400282450481,47.60390042986131]],[[9.639400282450481,47.60390042986131],[9.637354678102614,47.602347409952124]],[[9.637354678102614,47.602347409952124],[9.640830425955121,47.59745273714719]],[[9.640830425955121,47.59745273714719],[9.643708366849795,47.593399917457766]],[[9.643708366849795,47.593399917457766],[9.643284929868607,47.589759452381855]],[[9.643284929868607,47.589759452381855],[9.636951141205415,47.591063463957084]],[[9.636951141205415,47.591063463957084],[9.628219054312133,47.592861243747095]],[[9.628219054312133,47.592861243747095],[9.621834721865302,47.58884017251231]],[[9.621834721865302,47.58884017251231],[9.621184061523861,47.58708306562494]],[[9.621184061523861,47.58708306562494],[9.619756298234512,47.58322738681991]],[[9.619756298234512,47.58322738681991],[9.608669961830637,47.58392387979283]],[[9.608669961830637,47.58392387979283],[9.602077111666913,47.58433807336149]],[[9.602077111666913,47.58433807336149],[9.561982692055912,47.545086307211825]],[[9.561982692055912,47.545086307211825],[9.558720701645559,47.54189287460278]],[[10.096689502242054,47.84649984339693],[10.094055352794745,47.84792045722414]],[[10.094055352794745,47.84792045722414],[10.089384516109833,47.845873556140745]],[[10.089384516109833,47.845873556140745],[10.093577799403603,47.84235609322964]],[[10.093577799403603,47.84235609322964],[10.096689502242054,47.84649984339693]],[[8.422439658073701,49.58338538226157],[8.43725570239348,49.584381906619484]],[[8.43725570239348,49.584381906619484],[8.443929163091255,49.58984834166755]],[[8.443929163091255,49.58984834166755],[8.462987533235038,49.58950458352794]],[[8.462987533235038,49.58950458352794],[8.474515939911354,49.5843446309311]],[[8.474515939911354,49.5843446309311],[8.48110672354691,49.57472543955015]],[[8.48110672354691,49.57472543955015],[8.495032301471316,49.5729965327522]],[[8.495032301471316,49.5729965327522],[8.525106266314674,49.54881397059898]],[[8.525106266314674,49.54881397059898],[8.534558811777789,49.53454624054797]],[[8.534558811777789,49.53454624054797],[8.55447547642261,49.51965348700757]],[[8.55447547642261,49.51965348700757],[8.581375035244362,49.519780569995575]],[[8.581375035244362,49.519780569995575],[8.591271577473593,49.522236643743916]],[[8.591271577473593,49.522236643743916],[8.599253367070474,49.53142805031438]],[[8.599253367070474,49.53142805031438],[8.607230820737422,49.529236362830666]],[[8.607230820737422,49.529236362830666],[8.608913677752081,49.53584689025404]],[[8.608913677752081,49.53584689025404],[8.61661703928728,49.54135035788417]],[[8.61661703928728,49.54135035788417],[8.62018958472305,49.5459291997491]],[[8.62018958472305,49.5459291997491],[8.610464895339572,49.565709228932846]],[[8.610464895339572,49.565709228932846],[8.60323153958426,49.593293854871206]],[[8.60323153958426,49.593293854871206],[8.599734173886617,49.59336034632659]],[[8.599734173886617,49.59336034632659],[8.599253366027726,49.59336948744052]],[[8.599253366027726,49.59336948744052],[8.594073803947484,49.59277165748068]],[[8.594073803947484,49.59277165748068],[8.589315636612476,49.60451507008302]],[[8.589315636612476,49.60451507008302],[8.594580352995767,49.60671766513413]],[[8.594580352995767,49.60671766513413],[8.594804485093624,49.60681143438005]],[[8.594804485093624,49.60681143438005],[8.594766087797707,49.60768074760407]],[[8.594766087797707,49.60768074760407],[8.594659412526312,49.610095908071905]],[[8.594659412526312,49.610095908071905],[8.597768162707021,49.611139116156345]],[[8.597768162707021,49.611139116156345],[8.675621847401077,49.62457933125795]],[[8.675621847401077,49.62457933125795],[8.69231370374075,49.62373905311099]],[[8.69231370374075,49.62373905311099],[8.693720627358559,49.62223101043375]],[[8.693720627358559,49.62223101043375],[8.692284736525675,49.62048090005591]],[[8.692284736525675,49.62048090005591],[8.69383699664865,49.619353600020574]],[[8.69383699664865,49.619353600020574],[8.686038127478476,49.6124260210047]],[[8.686038127478476,49.6124260210047],[8.68602183631398,49.61243391258379]],[[8.68602183631398,49.61243391258379],[8.681379134753854,49.614683038396365]],[[8.681379134753854,49.614683038396365],[8.674651430721523,49.612281780040234]],[[8.674651430721523,49.612281780040234],[8.675731145821205,49.6090985383242]],[[8.675731145821205,49.6090985383242],[8.68100175119337,49.60948367820641]],[[8.68100175119337,49.60948367820641],[8.68212811910994,49.603471879654556]],[[8.68212811910994,49.603471879654556],[8.686894379935321,49.60480909632121]],[[8.686894379935321,49.60480909632121],[8.688156495859017,49.60516319393824]],[[8.688156495859017,49.60516319393824],[8.690572655154805,49.607352577350696]],[[8.690572655154805,49.607352577350696],[8.69799733420357,49.59975757621897]],[[8.69799733420357,49.59975757621897],[8.695869549425069,49.59247999281472]],[[8.695869549425069,49.59247999281472],[8.693031538496031,49.59188694141282]],[[8.693031538496031,49.59188694141282],[8.68549393479453,49.59031182951933]],[[8.68549393479453,49.59031182951933],[8.683043592692133,49.58703649723436]],[[8.683043592692133,49.58703649723436],[8.683543561198224,49.575734706406884]],[[8.683543561198224,49.575734706406884],[8.68539690317316,49.572809342308815]],[[8.68539690317316,49.572809342308815],[8.692169831413123,49.562118782018835]],[[8.692169831413123,49.562118782018835],[8.692169992186694,49.56210588299481]],[[8.692169992186694,49.56210588299481],[8.692253806717805,49.555369348475715]],[[8.692253806717805,49.555369348475715],[8.698127717465303,49.549894264803704]],[[8.698127717465303,49.549894264803704],[8.700779483060263,49.5492271514029]],[[8.700779483060263,49.5492271514029],[8.705794595797181,49.54796548372413]],[[8.705794595797181,49.54796548372413],[8.705705071038807,49.54185908367822]],[[8.705705071038807,49.54185908367822],[8.705615197829925,49.53572901163118]],[[8.705615197829925,49.53572901163118],[8.719779221753242,49.53163351575206]],[[8.719779221753242,49.53163351575206],[8.736241041087338,49.52145428063027]],[[8.736241041087338,49.52145428063027],[8.745123943949675,49.52217261208269]],[[8.745123943949675,49.52217261208269],[8.76645910745776,49.51473789434195]],[[8.76645910745776,49.51473789434195],[8.768485336660037,49.515406519527325]],[[8.768485336660037,49.515406519527325],[8.76984537138683,49.51608528273731]],[[8.76984537138683,49.51608528273731],[8.770720331484197,49.516521955949166]],[[8.770720331484197,49.516521955949166],[8.772119263958693,49.51798463089862]],[[8.772119263958693,49.51798463089862],[8.785731355605163,49.515203985458214]],[[8.785731355605163,49.515203985458214],[8.795130106313664,49.5132840317038]],[[8.795130106313664,49.5132840317038],[8.798910393904013,49.517196748380776]],[[8.798910393904013,49.517196748380776],[8.804438043527002,49.52291803657588]],[[8.804438043527002,49.52291803657588],[8.810695668692865,49.52596137512599]],[[8.810695668692865,49.52596137512599],[8.819339849477934,49.52446289272827]],[[8.819339849477934,49.52446289272827],[8.82048657552055,49.514072117191326]],[[8.82048657552055,49.514072117191326],[8.81917728072956,49.51020730196155]],[[8.81917728072956,49.51020730196155],[8.817795500267868,49.50612851881687]],[[8.817795500267868,49.50612851881687],[8.821263187550459,49.501960596004494]],[[8.821263187550459,49.501960596004494],[8.83407622896447,49.4915199783157]],[[8.83407622896447,49.4915199783157],[8.83867060683953,49.49503081118702]],[[8.83867060683953,49.49503081118702],[8.846862650123073,49.501290833788254]],[[8.846862650123073,49.501290833788254],[8.856782380401853,49.50123243001762]],[[8.856782380401853,49.50123243001762],[8.860159095517194,49.502266454894446]],[[8.860159095517194,49.502266454894446],[8.862502469408067,49.50321742520541]],[[8.862502469408067,49.50321742520541],[8.86775358409766,49.50363192967865]],[[8.86775358409766,49.50363192967865],[8.873264408914464,49.50422838051369]],[[8.873264408914464,49.50422838051369],[8.87758107091658,49.50556461236297]],[[8.87758107091658,49.50556461236297],[8.88266137633894,49.506095851416795]],[[8.88266137633894,49.506095851416795],[8.886001632831233,49.50580201718142]],[[8.886001632831233,49.50580201718142],[8.892426931927636,49.502906383453755]],[[8.892426931927636,49.502906383453755],[8.893652482884516,49.50281723628297]],[[8.893652482884516,49.50281723628297],[8.895944990321803,49.50265047788501]],[[8.895944990321803,49.50265047788501],[8.899572424052753,49.503655607307174]],[[8.899572424052753,49.503655607307174],[8.897647008758465,49.49804274413927]],[[8.897647008758465,49.49804274413927],[8.899355167953367,49.484550092319424]],[[8.899355167953367,49.484550092319424],[8.879210718852727,49.468475645391656]],[[8.879210718852727,49.468475645391656],[8.86914785950363,49.46527504298159]],[[8.86914785950363,49.46527504298159],[8.86347796486695,49.46761666835791]],[[8.86347796486695,49.46761666835791],[8.86446452813144,49.474883029686026]],[[8.86446452813144,49.474883029686026],[8.864587595620144,49.475789460080435]],[[8.864587595620144,49.475789460080435],[8.851932315665003,49.48358805072241]],[[8.851932315665003,49.48358805072241],[8.827703989470121,49.46962012180323]],[[8.827703989470121,49.46962012180323],[8.82352515217788,49.462678357056056]],[[8.82352515217788,49.462678357056056],[8.828732815424026,49.46092252114338]],[[8.828732815424026,49.46092252114338],[8.829779143200339,49.459030602638]],[[8.829779143200339,49.459030602638],[8.831554329620344,49.45626636458995]],[[8.831554329620344,49.45626636458995],[8.832406698722654,49.45493909460531]],[[8.832406698722654,49.45493909460531],[8.835162293783632,49.428832257485986]],[[8.835162293783632,49.428832257485986],[8.828278315643791,49.422719934414545]],[[8.828278315643791,49.422719934414545],[8.815291656107847,49.42090845217828]],[[8.815291656107847,49.42090845217828],[8.808830353641229,49.42000717752226]],[[8.808830353641229,49.42000717752226],[8.808261199721368,49.417415614492484]],[[8.808261199721368,49.417415614492484],[8.807003826520074,49.411690325796066]],[[8.807003826520074,49.411690325796066],[8.806901931628872,49.41167555674223]],[[8.806901931628872,49.41167555674223],[8.801488849109711,49.4108910005175]],[[8.801488849109711,49.4108910005175],[8.807217938437951,49.402254588430544]],[[8.807217938437951,49.402254588430544],[8.816403994346555,49.39668501410643]],[[8.816403994346555,49.39668501410643],[8.822904358495546,49.396650496311885]],[[8.822904358495546,49.396650496311885],[8.8275022616165,49.40268440640243]],[[8.8275022616165,49.40268440640243],[8.83127708294321,49.407638172152865]],[[8.83127708294321,49.407638172152865],[8.841922694398123,49.401042729740645]],[[8.841922694398123,49.401042729740645],[8.849785621576828,49.39617128515195]],[[8.849785621576828,49.39617128515195],[8.856535508019268,49.39794347473752]],[[8.856535508019268,49.39794347473752],[8.873182993560626,49.412331397163335]],[[8.873182993560626,49.412331397163335],[8.882578470540679,49.4161149565867]],[[8.882578470540679,49.4161149565867],[8.894462151735636,49.42491387218436]],[[8.894462151735636,49.42491387218436],[8.899479889165791,49.43731894409295]],[[8.899479889165791,49.43731894409295],[8.90182710448535,49.44312183633147]],[[8.90182710448535,49.44312183633147],[8.905911869335613,49.4411873922179]],[[8.905911869335613,49.4411873922179],[8.912644692960939,49.43799888994412]],[[8.912644692960939,49.43799888994412],[8.925611242714446,49.44291711819327]],[[8.925611242714446,49.44291711819327],[8.928537116975944,49.44909489801266]],[[8.928537116975944,49.44909489801266],[8.94077331956908,49.45078713104052]],[[8.94077331956908,49.45078713104052],[8.94930420558983,49.455464044188595]],[[8.94930420558983,49.455464044188595],[8.931880216597014,49.47063709359058]],[[8.931880216597014,49.47063709359058],[8.942183781283344,49.48476279939739]],[[8.942183781283344,49.48476279939739],[8.94937405329391,49.48357730518727]],[[8.94937405329391,49.48357730518727],[8.953654092237741,49.48287163594134]],[[8.953654092237741,49.48287163594134],[8.95261514439659,49.485974744819615]],[[8.95261514439659,49.485974744819615],[8.951412253981985,49.48956751175667]],[[8.951412253981985,49.48956751175667],[8.954616218011951,49.4934470687554]],[[8.954616218011951,49.4934470687554],[8.956651552979615,49.495911576145254]],[[8.956651552979615,49.495911576145254],[8.955583525992184,49.498231083732875]],[[8.955583525992184,49.498231083732875],[8.9525716169556,49.504772253688245]],[[8.9525716169556,49.504772253688245],[8.959461828362157,49.50359348847057]],[[8.959461828362157,49.50359348847057],[8.9693666547497,49.50189898936576]],[[8.9693666547497,49.50189898936576],[8.976213466864737,49.503452358331415]],[[8.976213466864737,49.503452358331415],[8.978421286136552,49.50671438571584]],[[8.978421286136552,49.50671438571584],[8.9797503429769,49.50867805173946]],[[8.9797503429769,49.50867805173946],[8.984436599812396,49.50983493241351]],[[8.984436599812396,49.50983493241351],[8.987894286652907,49.506747278361296]],[[8.987894286652907,49.506747278361296],[8.990623024412937,49.50431056369886]],[[8.990623024412937,49.50431056369886],[9.00436168613804,49.50404372746929]],[[9.00436168613804,49.50404372746929],[9.004484324653008,49.5040413459633]],[[9.004484324653008,49.5040413459633],[9.004532963593045,49.504015608111594]],[[9.004532963593045,49.504015608111594],[9.015574736591821,49.498172765197175]],[[9.015574736591821,49.498172765197175],[9.038760178732696,49.49906576102635]],[[9.038760178732696,49.49906576102635],[9.04625334641218,49.511868617240346]],[[9.04625334641218,49.511868617240346],[9.050508541200744,49.51913905757648]],[[9.050508541200744,49.51913905757648],[9.06334227750673,49.528118765542416]],[[9.06334227750673,49.528118765542416],[9.083903840033607,49.52629098723794]],[[9.083903840033607,49.52629098723794],[9.098949377389426,49.525530930937535]],[[9.098949377389426,49.525530930937535],[9.107082582757682,49.510534176420514]],[[9.107082582757682,49.510534176420514],[9.120026039894876,49.512907013102385]],[[9.120026039894876,49.512907013102385],[9.125218476532432,49.516685716324616]],[[9.125218476532432,49.516685716324616],[9.125007100815788,49.52237739352675]],[[9.125007100815788,49.52237739352675],[9.114454213897847,49.5336232733591]],[[9.114454213897847,49.5336232733591],[9.087828703488047,49.54284274415186]],[[9.087828703488047,49.54284274415186],[9.088192534153832,49.5486680033155]],[[9.088192534153832,49.5486680033155],[9.073264312849275,49.56444507076434]],[[9.073264312849275,49.56444507076434],[9.074042909981857,49.57434218604543]],[[9.074042909981857,49.57434218604543],[9.07896070248905,49.57305058794145]],[[9.07896070248905,49.57305058794145],[9.083634290412022,49.56195414570163]],[[9.083634290412022,49.56195414570163],[9.098930498942774,49.560553883693714]],[[9.098930498942774,49.560553883693714],[9.10300593211735,49.57745610768188]],[[8.68882729714346,49.619776811496045],[8.676661879270105,49.621696574710356]],[[8.676661879270105,49.621696574710356],[8.670195359737455,49.617781392721085]],[[8.670195359737455,49.617781392721085],[8.684442398563393,49.61672223392677]],[[8.684442398563393,49.61672223392677],[8.68882729714346,49.619776811496045]],[[8.733115019146343,49.52047652241388],[8.731582075895373,49.52233636591831]],[[8.731582075895373,49.52233636591831],[8.72460896149748,49.522550954903885]],[[8.72460896149748,49.522550954903885],[8.727491919895636,49.51859035580222]],[[8.727491919895636,49.51859035580222],[8.733115019146343,49.52047652241388]],[[6.9267879991883445,50.543923241709884],[6.930614498911498,50.53550434710916]],[[6.930614498911498,50.53550434710916],[6.916501395895562,50.527978965436915]],[[6.916501395895562,50.527978965436915],[6.908552139445901,50.52600155594658]],[[6.908552139445901,50.52600155594658],[6.898463021637423,50.52810493407601]],[[6.898463021637423,50.52810493407601],[6.891772973606853,50.52949967462189]],[[6.891772973606853,50.52949967462189],[6.883237176377785,50.52690407895555]],[[6.883237176377785,50.52690407895555],[6.8855785345967275,50.51985259847962]],[[6.8855785345967275,50.51985259847962],[6.889449861665356,50.51861400695091]],[[6.889449861665356,50.51861400695091],[6.8913170703436695,50.51801661343331]],[[6.8913170703436695,50.51801661343331],[6.8952729151222805,50.516750981681675]],[[6.8952729151222805,50.516750981681675],[6.893962000151346,50.51441124843375]],[[6.893962000151346,50.51441124843375],[6.88994973116281,50.507250101110515]],[[6.88994973116281,50.507250101110515],[6.9014951581734625,50.504142628205734]],[[6.9014951581734625,50.504142628205734],[6.907068967875679,50.502642426547375]],[[6.907068967875679,50.502642426547375],[6.9035255019601465,50.49934526876717]],[[6.9035255019601465,50.49934526876717],[6.902347429131978,50.49824908317744]],[[6.902347429131978,50.49824908317744],[6.900054477179701,50.49355199958265]],[[6.900054477179701,50.49355199958265],[6.901755161572192,50.49033671972737]],[[6.901755161572192,50.49033671972737],[6.904587406486618,50.4849821324151]],[[6.904587406486618,50.4849821324151],[6.900286614105928,50.478474293640495]],[[6.900286614105928,50.478474293640495],[6.9014817295574815,50.46909205028221]],[[6.9014817295574815,50.46909205028221],[6.891955597585954,50.46750799123949]],[[6.891955597585954,50.46750799123949],[6.879497618463923,50.4654364092097]],[[6.879497618463923,50.4654364092097],[6.87300164747742,50.46229759683859]],[[6.87300164747742,50.46229759683859],[6.871595591844949,50.46094080106135]],[[6.871595591844949,50.46094080106135],[6.866738167560048,50.456253553863576]],[[6.866738167560048,50.456253553863576],[6.855045271500556,50.45418093324951]],[[6.855045271500556,50.45418093324951],[6.847543103016689,50.458931859028695]],[[6.847543103016689,50.458931859028695],[6.8384328888285975,50.464701118525646]],[[6.8384328888285975,50.464701118525646],[6.821642028589062,50.46964590636084]],[[6.821642028589062,50.46964590636084],[6.8128218502415,50.47224338667114]],[[6.8128218502415,50.47224338667114],[6.8106347842960355,50.4770443318504]],[[6.8106347842960355,50.4770443318504],[6.805738155218091,50.48779318473968]],[[6.805738155218091,50.48779318473968],[6.801609678312285,50.49062313751967]],[[6.801609678312285,50.49062313751967],[6.781908558113001,50.48698025939061]],[[6.781908558113001,50.48698025939061],[6.774998623248816,50.48310795162446]],[[6.774998623248816,50.48310795162446],[6.768281508940678,50.48428352283087]],[[6.768281508940678,50.48428352283087],[6.767560817223479,50.482340839477374]],[[6.767560817223479,50.482340839477374],[6.760741548627256,50.476081687305566]],[[6.760741548627256,50.476081687305566],[6.760693014601725,50.476037137995974]],[[6.760693014601725,50.476037137995974],[6.759128268386785,50.474589972662066]],[[6.759128268386785,50.474589972662066],[6.756978670175387,50.47474191783693]],[[6.756978670175387,50.47474191783693],[6.751362471395836,50.4751389019351]],[[6.751362471395836,50.4751389019351],[6.744603546484167,50.47263036164256]],[[6.744603546484167,50.47263036164256],[6.743244070201062,50.467747987985845]],[[6.743244070201062,50.467747987985845],[6.748842754238694,50.466599474252206]],[[6.748842754238694,50.466599474252206],[6.752120557966351,50.46813733619774]],[[6.752120557966351,50.46813733619774],[6.756985585588221,50.470419883579986]],[[6.756985585588221,50.470419883579986],[6.757823224803407,50.463743736464835]],[[6.757823224803407,50.463743736464835],[6.766216324694282,50.457919088654215]],[[6.766216324694282,50.457919088654215],[6.763174400981588,50.45027470551496]],[[6.763174400981588,50.45027470551496],[6.755594820276034,50.44665603258]],[[6.755594820276034,50.44665603258],[6.746095606829257,50.44212088158702]],[[6.746095606829257,50.44212088158702],[6.744583632361709,50.43886309253388]],[[6.744583632361709,50.43886309253388],[6.747728531843013,50.43536966144401]],[[6.747728531843013,50.43536966144401],[6.760754732606562,50.43215224103309]],[[6.760754732606562,50.43215224103309],[6.765569111035397,50.433949993929396]],[[6.765569111035397,50.433949993929396],[6.771200737556645,50.436052919150825]],[[6.771200737556645,50.436052919150825],[6.771514107304956,50.43088077867392]],[[6.771514107304956,50.43088077867392],[6.7718322741396655,50.42562947659963]],[[6.7718322741396655,50.42562947659963],[6.778628779877226,50.42276846434597]],[[6.778628779877226,50.42276846434597],[6.783965976141421,50.42052175427692]],[[6.783965976141421,50.42052175427692],[6.779687965340284,50.4138356051549]],[[6.779687965340284,50.4138356051549],[6.77930765268432,50.40497294353746]],[[6.77930765268432,50.40497294353746],[6.776519741161006,50.402744162155166]],[[6.776519741161006,50.402744162155166],[6.771577046749786,50.39879274729254]],[[6.771577046749786,50.39879274729254],[6.770259734802916,50.392598192814994]],[[6.770259734802916,50.392598192814994],[6.773096134898798,50.389504708787975]],[[6.773096134898798,50.389504708787975],[6.786158508874865,50.375258394768764]],[[6.786158508874865,50.375258394768764],[6.788876906441373,50.37428264016954]],[[6.788876906441373,50.37428264016954],[6.802745385768721,50.36930462297389]],[[6.802745385768721,50.36930462297389],[6.802522634888216,50.36741997693358]],[[6.802522634888216,50.36741997693358],[6.800376539780085,50.36400410370829]],[[6.800376539780085,50.36400410370829],[6.800711664880676,50.36178152030948]],[[6.800711664880676,50.36178152030948],[6.795401615674483,50.36053796073438]],[[6.795401615674483,50.36053796073438],[6.787534086912067,50.36194476181679]],[[6.787534086912067,50.36194476181679],[6.778585242354195,50.36354491498332]],[[6.778585242354195,50.36354491498332],[6.777776138573875,50.36206564287178]],[[6.777776138573875,50.36206564287178],[6.77615327415776,50.359098588896316]],[[6.77615327415776,50.359098588896316],[6.7705202981924515,50.36046891131763]],[[6.7705202981924515,50.36046891131763],[6.770263018732751,50.36053149949329]],[[6.770263018732751,50.36053149949329],[6.768377094565692,50.35982020464684]],[[6.768377094565692,50.35982020464684],[6.755354177719215,50.35490849457262]],[[6.755354177719215,50.35490849457262],[6.750325814835442,50.35435643373099]],[[6.750325814835442,50.35435643373099],[6.733524630933674,50.352511840642954]],[[6.733524630933674,50.352511840642954],[6.706753361185656,50.34271640044437]],[[6.706753361185656,50.34271640044437],[6.704077830496122,50.34035806831139]],[[6.704077830496122,50.34035806831139],[6.699244381719089,50.336097646937]],[[6.699244381719089,50.336097646937],[6.696722740525588,50.3432315399832]],[[6.696722740525588,50.3432315399832],[6.695413270894679,50.34693611563382]],[[6.695413270894679,50.34693611563382],[6.685639991534072,50.35928193487771]],[[6.685639991534072,50.35928193487771],[6.6675386090192275,50.371354726318195]],[[6.6675386090192275,50.371354726318195],[6.656943985335716,50.36751050586587]],[[6.656943985335716,50.36751050586587],[6.656831819975605,50.35802604340346]],[[6.656831819975605,50.35802604340346],[6.65681250482111,50.356392704012514]],[[6.65681250482111,50.356392704012514],[6.65320887145481,50.350546100528014]],[[6.65320887145481,50.350546100528014],[6.63790462659308,50.34526690769918]],[[6.63790462659308,50.34526690769918],[6.622245175873045,50.35365909117777]],[[6.622245175873045,50.35365909117777],[6.62528940774501,50.36435794345316]],[[6.62528940774501,50.36435794345316],[6.6259823571593675,50.36679329352888]],[[6.6259823571593675,50.36679329352888],[6.624941164845469,50.37387466115435]],[[6.624941164845469,50.37387466115435],[6.615664720279469,50.3766420560808]],[[6.615664720279469,50.3766420560808],[6.61441372228941,50.37658211304026]],[[6.61441372228941,50.37658211304026],[6.603700258071708,50.37606876526294]],[[6.603700258071708,50.37606876526294],[6.60232240129987,50.37817888780301]],[[6.60232240129987,50.37817888780301],[6.605272159492491,50.38143616025487]],[[6.605272159492491,50.38143616025487],[6.6058601861659385,50.38208548838617]],[[6.6058601861659385,50.38208548838617],[6.602651903951828,50.387319412719]],[[6.602651903951828,50.387319412719],[6.588828127699944,50.38393548086187]],[[6.588828127699944,50.38393548086187],[6.587488237260269,50.38270814722728]],[[6.587488237260269,50.38270814722728],[6.581849947453347,50.377543495388025]],[[6.581849947453347,50.377543495388025],[6.570237286571937,50.37627952055379]],[[6.570237286571937,50.37627952055379],[6.561367832778118,50.37038789887979]],[[6.561367832778118,50.37038789887979],[6.54628378915838,50.36689033862994]],[[6.54628378915838,50.36689033862994],[6.541838605715793,50.37041493755853]],[[6.541838605715793,50.37041493755853],[6.541728375552323,50.370502340360304]],[[6.541728375552323,50.370502340360304],[6.533054134494535,50.36938107798361]],[[6.533054134494535,50.36938107798361],[6.526491612344466,50.36628207321818]],[[6.526491612344466,50.36628207321818],[6.517309183592011,50.36194587548432]],[[6.517309183592011,50.36194587548432],[6.51450295287071,50.35742466467392]],[[6.51450295287071,50.35742466467392],[6.510059050816203,50.35805612572539]],[[6.510059050816203,50.35805612572539],[6.5059218317708805,50.358644009225486]],[[6.5059218317708805,50.358644009225486],[6.5053307216224905,50.3553607227482]],[[6.5053307216224905,50.3553607227482],[6.504789310804498,50.35235349715007]],[[6.504789310804498,50.35235349715007],[6.491128598562073,50.346343592343544]],[[6.491128598562073,50.346343592343544],[6.484743777196011,50.33856114720865]],[[6.484743777196011,50.33856114720865],[6.474212453939539,50.34057458087628]],[[6.474212453939539,50.34057458087628],[6.466421379453234,50.34206411921051]],[[6.466421379453234,50.34206411921051],[6.4654517643018625,50.3416623146001]],[[6.4654517643018625,50.3416623146001],[6.454626101199018,50.337176199957156]],[[6.454626101199018,50.337176199957156],[6.449590673412574,50.33835299107725]],[[6.449590673412574,50.33835299107725],[6.457829822283835,50.34411549010486]],[[6.457829822283835,50.34411549010486],[6.458268246354301,50.34890788185716]],[[6.458268246354301,50.34890788185716],[6.459370077739775,50.36095194993922]],[[6.459370077739775,50.36095194993922],[6.451709077419674,50.363355929244605]],[[6.451709077419674,50.363355929244605],[6.450308692491586,50.363795361927096]],[[6.450308692491586,50.363795361927096],[6.448175167445533,50.368023849443915]],[[6.448175167445533,50.368023849443915],[6.446555322918719,50.37123425672402]],[[6.446555322918719,50.37123425672402],[6.438510159080112,50.37078251905612]],[[6.438510159080112,50.37078251905612],[6.4361751366498865,50.36869805431788]],[[6.4361751366498865,50.36869805431788],[6.430773732350445,50.36387624002461]],[[6.430773732350445,50.36387624002461],[6.420877853049675,50.36890291594089]],[[6.420877853049675,50.36890291594089],[6.420362015892613,50.37264774392918]],[[6.420362015892613,50.37264774392918],[6.415747454828869,50.37506873471092]],[[6.415747454828869,50.37506873471092],[6.41867458498627,50.37867712386153]],[[6.41867458498627,50.37867712386153],[6.4211163058300755,50.381687128584986]],[[6.4211163058300755,50.381687128584986],[6.413043133419351,50.389485968132774]],[[6.413043133419351,50.389485968132774],[6.3948565148423135,50.38597200910441]],[[6.3948565148423135,50.38597200910441],[6.38631372393752,50.38386890882131]],[[6.38631372393752,50.38386890882131],[6.390759565811817,50.379806499904205]],[[6.390759565811817,50.379806499904205],[6.389591547133736,50.372426797020985]],[[6.389591547133736,50.372426797020985],[6.39674172504712,50.36598095381074]],[[6.39674172504712,50.36598095381074],[6.39539439901766,50.3625715790452]],[[6.39539439901766,50.3625715790452],[6.398891860940195,50.36235986227353]],[[6.398891860940195,50.36235986227353],[6.40224644865488,50.362156793056094]],[[6.40224644865488,50.362156793056094],[6.3999206361487575,50.359257596723076]],[[6.3999206361487575,50.359257596723076],[6.398352488025614,50.357302852073865]],[[6.398352488025614,50.357302852073865],[6.401787144959294,50.353629150090164]],[[6.401787144959294,50.353629150090164],[6.404342883721617,50.35089553631246]],[[6.404342883721617,50.35089553631246],[6.4044249989800575,50.34873859592494]],[[6.4044249989800575,50.34873859592494],[6.404581267976723,50.34463380384724]],[[6.404581267976723,50.34463380384724],[6.41294885394907,50.334647956606815]],[[6.41294885394907,50.334647956606815],[6.416040911877171,50.334419504003066]],[[6.416040911877171,50.334419504003066],[6.424061784735612,50.33382689210862]],[[6.424061784735612,50.33382689210862],[6.425294902222617,50.32301198477002]],[[6.425294902222617,50.32301198477002],[6.420452329947334,50.32333659501816]],[[6.420452329947334,50.32333659501816],[6.415182236415795,50.32454445850352]],[[6.415182236415795,50.32454445850352],[6.412911280294743,50.323717004923324]],[[6.412911280294743,50.323717004923324],[6.4102743081451825,50.32323177629519]],[[6.4102743081451825,50.32323177629519],[6.409568527363753,50.32310190562764]],[[6.409568527363753,50.32310190562764],[6.408601518171173,50.32325625355615]],[[6.408601518171173,50.32325625355615],[6.406895523210554,50.323528553411805]],[[6.406895523210554,50.323528553411805],[6.405028615870729,50.32330853492767]],[[8.125776634084326,50.685813921922396],[8.121621426833437,50.686201333715786]],[[8.121621426833437,50.686201333715786],[8.117903315207874,50.689888711573985]],[[8.117903315207874,50.689888711573985],[8.110240206150358,50.69748847305214]],[[8.110240206150358,50.69748847305214],[8.098018868889774,50.703430041258294]],[[8.098018868889774,50.703430041258294],[8.077412127181171,50.705363477912044]],[[8.077412127181171,50.705363477912044],[8.070624481366469,50.70141845544474]],[[8.070624481366469,50.70141845544474],[8.059656236757116,50.6950436399449]],[[8.059656236757116,50.6950436399449],[8.041386712113065,50.69665488067089]],[[8.041386712113065,50.69665488067089],[8.03969011378328,50.69737553997841]],[[8.03969011378328,50.69737553997841],[8.042706915545818,50.71168775807084]],[[8.042706915545818,50.71168775807084],[8.040546282515251,50.723955372985294]],[[8.040546282515251,50.723955372985294],[8.027632626355993,50.73340797033192]],[[8.027632626355993,50.73340797033192],[8.017625940998654,50.74038522487699]],[[8.017625940998654,50.74038522487699],[8.010320528183245,50.74547898977898]],[[8.010320528183245,50.74547898977898],[8.007451995539606,50.748062858888936]],[[8.007451995539606,50.748062858888936],[7.99967319725945,50.75506971354662]],[[7.99967319725945,50.75506971354662],[7.9966519435117975,50.756212978391446]],[[7.9966519435117975,50.756212978391446],[7.984027996116268,50.76098996902264]],[[7.984027996116268,50.76098996902264],[7.980578005994186,50.76394240359626]],[[7.980578005994186,50.76394240359626],[7.97011837746207,50.77289355322991]],[[7.97011837746207,50.77289355322991],[7.965302731920228,50.783014895708234]],[[7.965302731920228,50.783014895708234],[7.968226731351519,50.786570123928364]],[[7.968226731351519,50.786570123928364],[7.967508771424744,50.79721925598296]],[[7.967508771424744,50.79721925598296],[7.972157623510555,50.80309147873322]],[[7.972157623510555,50.80309147873322],[7.973369901728995,50.80462277407248]],[[7.973369901728995,50.80462277407248],[7.9732756506896,50.810537041933955]],[[7.9732756506896,50.810537041933955],[7.973214614314427,50.814367134969984]],[[7.973214614314427,50.814367134969984],[7.971960019983068,50.81469942216037]],[[7.971960019983068,50.81469942216037],[7.974561027336722,50.81909707795573]],[[7.974561027336722,50.81909707795573],[7.975888113441568,50.82134085187941]],[[7.975888113441568,50.82134085187941],[7.977133142290608,50.83273823838157]],[[7.977133142290608,50.83273823838157],[7.970160800716031,50.835522504917435]],[[7.970160800716031,50.835522504917435],[7.969154241245564,50.83592445504324]],[[7.969154241245564,50.83592445504324],[7.96824416110866,50.83806404345333]],[[7.96824416110866,50.83806404345333],[7.965399763067292,50.844751204774155]],[[7.965399763067292,50.844751204774155],[7.958049972422224,50.848162444608114]],[[7.958049972422224,50.848162444608114],[7.950502613102465,50.846049633611315]],[[7.950502613102465,50.846049633611315],[7.937792272158104,50.848123468130375]],[[7.937792272158104,50.848123468130375],[7.929066848917489,50.84573475147806]],[[7.929066848917489,50.84573475147806],[7.9257433158131825,50.84482488483196]],[[7.9257433158131825,50.84482488483196],[7.915611171689884,50.84522097335854]],[[7.915611171689884,50.84522097335854],[7.903037141862793,50.85056672283145]],[[7.903037141862793,50.85056672283145],[7.88967817847369,50.865869122227764]],[[7.88967817847369,50.865869122227764],[7.8823655884243635,50.874245532920824]],[[7.8823655884243635,50.874245532920824],[7.870152060212153,50.87558652848465]],[[7.870152060212153,50.87558652848465],[7.850833269517185,50.87770765131927]],[[7.850833269517185,50.87770765131927],[7.829263443576115,50.88238655034116]],[[7.829263443576115,50.88238655034116],[7.827366069467102,50.8908566344795]],[[7.827366069467102,50.8908566344795],[7.832160629246571,50.89738624222224]],[[7.832160629246571,50.89738624222224],[7.834081103827974,50.900001696265775]],[[7.834081103827974,50.900001696265775],[7.834207121115939,50.90487958999221]],[[7.834207121115939,50.90487958999221],[7.834266148459057,50.907164446770096]],[[7.834266148459057,50.907164446770096],[7.851496027528433,50.92583235695791]],[[7.851496027528433,50.92583235695791],[7.846721359683121,50.92992365134963]],[[7.846721359683121,50.92992365134963],[7.838999516134529,50.927225932624566]],[[7.838999516134529,50.927225932624566],[7.8270211844411195,50.92966909258838]],[[7.8270211844411195,50.92966909258838],[7.812818621687387,50.93934645181834]],[[7.812818621687387,50.93934645181834],[7.793874580581598,50.942041963395745]],[[7.793874580581598,50.942041963395745],[7.7858980437891585,50.93991388516358]],[[7.7858980437891585,50.93991388516358],[7.774107550370195,50.92817485745037]],[[7.774107550370195,50.92817485745037],[7.758964349588913,50.9211315141154]],[[7.758964349588913,50.9211315141154],[7.749029349464913,50.92006661583467]],[[7.749029349464913,50.92006661583467],[7.740377975249355,50.91913930540051]],[[7.740377975249355,50.91913930540051],[7.735794695515544,50.91572050233338]],[[7.735794695515544,50.91572050233338],[7.745646679719837,50.9123506033707]],[[7.745646679719837,50.9123506033707],[7.74633032451325,50.905679104725536]],[[7.74633032451325,50.905679104725536],[7.7537283650014315,50.90302029492304]],[[7.7537283650014315,50.90302029492304],[7.75951297243685,50.900941341773674]],[[7.75951297243685,50.900941341773674],[7.756589463189188,50.89577079749187]],[[7.756589463189188,50.89577079749187],[7.753442355861319,50.89020479075981]],[[7.753442355861319,50.89020479075981],[7.756512870567345,50.88268203287869]],[[7.756512870567345,50.88268203287869],[7.757738698284606,50.87967875791834]],[[7.757738698284606,50.87967875791834],[7.756484765901317,50.87787933822639]],[[7.756484765901317,50.87787933822639],[7.749423163003412,50.867745780229825]],[[7.749423163003412,50.867745780229825],[7.756397271171061,50.862927675527295]],[[7.756397271171061,50.862927675527295],[7.763058439655767,50.858325766901075]],[[7.763058439655767,50.858325766901075],[7.75633633571582,50.852514732767325]],[[7.75633633571582,50.852514732767325],[7.75468311667247,50.85108557923735]],[[7.75468311667247,50.85108557923735],[7.756320375737678,50.84978724471889]],[[7.756320375737678,50.84978724471889],[7.7621876166252015,50.84513456519684]],[[7.7621876166252015,50.84513456519684],[7.756574050417476,50.844050628166215]],[[7.756574050417476,50.844050628166215],[7.7371568540217055,50.84802643984454]],[[7.7371568540217055,50.84802643984454],[7.7291667245564595,50.84966247550225]],[[7.7291667245564595,50.84966247550225],[7.715326138739408,50.84044001926638]],[[7.715326138739408,50.84044001926638],[7.714293647362027,50.83761864292796]],[[7.714293647362027,50.83761864292796],[7.7131809650484735,50.83457813598229]],[[7.7131809650484735,50.83457813598229],[7.70854294871369,50.83356178878973]],[[7.70854294871369,50.83356178878973],[7.707381069792214,50.83330717960541]],[[7.707381069792214,50.83330717960541],[7.707146402207258,50.832576587823944]],[[7.707146402207258,50.832576587823944],[7.7065025237831195,50.83057199567545]],[[7.7065025237831195,50.83057199567545],[7.699426954784255,50.82501146708826]],[[7.699426954784255,50.82501146708826],[7.672690211937855,50.81903658665261]],[[7.672690211937855,50.81903658665261],[7.661003515704656,50.82036435464239]],[[7.661003515704656,50.82036435464239],[7.6663569374934655,50.81426348471436]],[[7.6663569374934655,50.81426348471436],[7.672695909569715,50.81234178183171]],[[7.672695909569715,50.81234178183171],[7.678112771099982,50.810699624528446]],[[7.678112771099982,50.810699624528446],[7.676284305999535,50.80631455383288]],[[7.676284305999535,50.80631455383288],[7.675307547477489,50.80397206092638]],[[7.675307547477489,50.80397206092638],[7.677643672255536,50.80106557381999]],[[7.677643672255536,50.80106557381999],[7.68222273512505,50.795368538909486]],[[7.68222273512505,50.795368538909486],[7.680972136780895,50.79364956359228]],[[7.680972136780895,50.79364956359228],[7.6762668350081595,50.78050089636034]],[[7.6762668350081595,50.78050089636034],[7.6706336159639905,50.784151971276536]],[[7.6706336159639905,50.784151971276536],[7.667887894063446,50.78593156342813]],[[7.667887894063446,50.78593156342813],[7.659723574228684,50.78438931989209]],[[7.659723574228684,50.78438931989209],[7.661164669315365,50.77648647910453]],[[7.661164669315365,50.77648647910453],[7.661515036362714,50.77456510334666]],[[7.661515036362714,50.77456510334666],[7.659536560668959,50.77065556035562]],[[7.659536560668959,50.77065556035562],[7.657844056394303,50.76990797877263]],[[7.657844056394303,50.76990797877263],[7.639554160564803,50.76914108868641]],[[7.639554160564803,50.76914108868641],[7.614223143271201,50.768078964161795]],[[7.614223143271201,50.768078964161795],[7.600041407614143,50.76491894314898]],[[7.600041407614143,50.76491894314898],[7.592428398609415,50.756602766190184]],[[7.592428398609415,50.756602766190184],[7.592852044340768,50.75000928832922]],[[7.592852044340768,50.75000928832922],[7.593082637321823,50.74642043087319]],[[7.593082637321823,50.74642043087319],[7.592961516034945,50.7421887913941]],[[7.592961516034945,50.7421887913941],[7.589334836780935,50.740293615186395]],[[7.589334836780935,50.740293615186395],[7.5820245151655445,50.738336093977246]],[[7.5820245151655445,50.738336093977246],[7.558370039946249,50.74300504849244]],[[7.558370039946249,50.74300504849244],[7.557835541945385,50.74321281092371]],[[7.557835541945385,50.74321281092371],[7.551431165083998,50.74570222698135]],[[7.551431165083998,50.74570222698135],[7.534598180715802,50.740336599730554]],[[7.534598180715802,50.740336599730554],[7.533283808671546,50.73968572986932]],[[7.533283808671546,50.73968572986932],[7.523073817454121,50.73462981094146]],[[7.523073817454121,50.73462981094146],[7.520563089197542,50.73582126617516]],[[7.520563089197542,50.73582126617516],[7.519690726625829,50.73623524093086]],[[7.519690726625829,50.73623524093086],[7.519296214880027,50.73543639770249]],[[7.519296214880027,50.73543639770249],[7.5161723310223305,50.7291108820815]],[[7.5161723310223305,50.7291108820815],[7.502633943673618,50.7297726763132]],[[7.502633943673618,50.7297726763132],[7.4798165768184,50.71825402657669]],[[7.4798165768184,50.71825402657669],[7.478333737760156,50.71815188841415]],[[7.478333737760156,50.71815188841415],[7.4621445343665345,50.7180741213795]],[[7.4621445343665345,50.7180741213795],[7.458038476479616,50.718054398529546]],[[7.458038476479616,50.718054398529546],[7.4459584783453145,50.71568587813675]],[[7.4459584783453145,50.71568587813675],[7.439151650840985,50.71108904654793]],[[7.439151650840985,50.71108904654793],[7.423159233745871,50.710276041768324]],[[7.423159233745871,50.710276041768324],[7.406664892867858,50.71782498618588]],[[7.406664892867858,50.71782498618588],[7.396210816686523,50.714630211876006]],[[7.396210816686523,50.714630211876006],[7.374386606926173,50.7172944786155]],[[7.374386606926173,50.7172944786155],[7.357136566480957,50.697903848071846]],[[7.357136566480957,50.697903848071846],[7.367084640885196,50.69668605269277]],[[7.367084640885196,50.69668605269277],[7.366091637540795,50.68761096734017]],[[7.366091637540795,50.68761096734017],[7.370869257762931,50.682354707663755]],[[7.370869257762931,50.682354707663755],[7.369315917166568,50.67254944974383]],[[7.369315917166568,50.67254944974383],[7.362946055404762,50.67119788618345]],[[7.362946055404762,50.67119788618345],[7.356072986227604,50.664197604498604]],[[7.356072986227604,50.664197604498604],[7.357419430944904,50.649200796885005]],[[7.357419430944904,50.649200796885005],[7.333684727708034,50.639116699416206]],[[7.333684727708034,50.639116699416206],[7.321942542022079,50.64098450267179]],[[7.321942542022079,50.64098450267179],[7.314668662027407,50.637437625215725]],[[7.314668662027407,50.637437625215725],[7.305751339366069,50.63732916191138]],[[7.305751339366069,50.63732916191138],[7.294586951825334,50.631281941975644]],[[7.294586951825334,50.631281941975644],[7.2588119116806435,50.62509330322069]],[[7.2588119116806435,50.62509330322069],[7.250201492115332,50.62763064298448]],[[7.250201492115332,50.62763064298448],[7.218340103863046,50.627734638269175]],[[7.218340103863046,50.627734638269175],[7.2123992772596965,50.62340506389772]],[[7.2123992772596965,50.62340506389772],[7.210871988712175,50.64954349694324]],[[7.210871988712175,50.64954349694324],[7.200474221994551,50.64861390759979]],[[7.200474221994551,50.64861390759979],[7.195200551388542,50.642723064876094]],[[7.195200551388542,50.642723064876094],[7.188565765363273,50.623562092297156]],[[7.188565765363273,50.623562092297156],[7.181546419871305,50.62167393698696]],[[7.181546419871305,50.62167393698696],[7.17655126706933,50.62033027606624]],[[7.17655126706933,50.62033027606624],[7.1750666210165175,50.61814048242429]],[[7.1750666210165175,50.61814048242429],[7.171404658136103,50.61273923147412]],[[7.171404658136103,50.61273923147412],[7.16570620215476,50.61303621447762]],[[7.16570620215476,50.61303621447762],[7.15368014415879,50.613662970185125]],[[7.15368014415879,50.613662970185125],[7.149236335548963,50.60805775943449]],[[7.149236335548963,50.60805775943449],[7.148445577844866,50.60362393929395]],[[7.148445577844866,50.60362393929395],[7.147851616611188,50.600293566880126]],[[7.147851616611188,50.600293566880126],[7.137845108329973,50.601481814315456]],[[7.137845108329973,50.601481814315456],[7.126756511214652,50.606789533138006]],[[7.126756511214652,50.606789533138006],[7.116340231805475,50.61177543816139]],[[7.116340231805475,50.61177543816139],[7.111999258254438,50.605014721208484]],[[7.111999258254438,50.605014721208484],[7.103456035768947,50.59170933969653]],[[7.103456035768947,50.59170933969653],[7.089376837110525,50.58613054234259]],[[7.089376837110525,50.58613054234259],[7.06990056576613,50.5928192791472]],[[7.06990056576613,50.5928192791472],[7.067673226165868,50.596629122187885]],[[7.067673226165868,50.596629122187885],[7.0658213154892415,50.59979679746593]],[[7.0658213154892415,50.59979679746593],[7.060043299987953,50.60101926277856]],[[7.060043299987953,50.60101926277856],[7.056735645086503,50.60527613848914]],[[7.056735645086503,50.60527613848914],[7.046810355446766,50.60185955977838]],[[7.046810355446766,50.60185955977838],[7.01666719009452,50.57908256697422]],[[7.01666719009452,50.57908256697422],[6.998096451040693,50.5650500130772]],[[6.998096451040693,50.5650500130772],[6.9918644352159625,50.56422992657555]],[[6.9918644352159625,50.56422992657555],[6.9911259546031665,50.564304250250565]],[[6.9911259546031665,50.564304250250565],[6.985679867087407,50.56485236851397]],[[6.985679867087407,50.56485236851397],[6.983577223211868,50.56573398911219]],[[6.983577223211868,50.56573398911219],[6.976197440531027,50.559416322007486]],[[6.976197440531027,50.559416322007486],[6.972098587122141,50.55590738431542]],[[6.972098587122141,50.55590738431542],[6.958587075056476,50.55676664006905]],[[6.958587075056476,50.55676664006905],[6.957975962171778,50.55718850898154]],[[6.957975962171778,50.55718850898154],[6.948852903341892,50.56348641673776]],[[6.948852903341892,50.56348641673776],[6.92790111981641,50.558618376544025]],[[6.92790111981641,50.558618376544025],[6.922828809599628,50.55263407485379]],[[6.922828809599628,50.55263407485379],[6.9267879991883445,50.543923241709884]],[[7.065685202083335,52.24137303462186],[7.099149198447038,52.243058406411706]],[[7.099149198447038,52.243058406411706],[7.106915362634803,52.24578391971214]],[[7.106915362634803,52.24578391971214],[7.108200011668269,52.24805615939126]],[[7.108200011668269,52.24805615939126],[7.111502440680591,52.253897371020315]],[[7.111502440680591,52.253897371020315],[7.125131096140819,52.2617698726718]],[[7.125131096140819,52.2617698726718],[7.153471271548733,52.26640440902172]],[[7.153471271548733,52.26640440902172],[7.207846379302444,52.26450514209608]],[[7.207846379302444,52.26450514209608],[7.211107224311763,52.26443514388792]],[[7.211107224311763,52.26443514388792],[7.21825221750452,52.26428445161653]],[[7.21825221750452,52.26428445161653],[7.251952262168613,52.26433463943467]],[[7.251952262168613,52.26433463943467],[7.296954219695102,52.264401658649504]],[[7.296954219695102,52.264401658649504],[7.317481009073852,52.2802719513018]],[[7.317481009073852,52.2802719513018],[7.3195531871311825,52.28044459155022]],[[7.3195531871311825,52.28044459155022],[7.329474068997881,52.28129250093092]],[[7.329474068997881,52.28129250093092],[7.336972165154154,52.28194942937413]],[[7.336972165154154,52.28194942937413],[7.34559500092398,52.28269006696027]],[[7.34559500092398,52.28269006696027],[7.351017424675624,52.28448905208393]],[[7.351017424675624,52.28448905208393],[7.3615546158104515,52.28831257216951]],[[7.3615546158104515,52.28831257216951],[7.365606973444573,52.293452280909335]],[[7.365606973444573,52.293452280909335],[7.368024501397679,52.29631894048113]],[[7.368024501397679,52.29631894048113],[7.3716055366498745,52.300565266670134]],[[7.3716055366498745,52.300565266670134],[7.3849863618510705,52.308271328971216]],[[7.3849863618510705,52.308271328971216],[7.389898312543067,52.307619835183736]],[[7.389898312543067,52.307619835183736],[7.396613300948681,52.30672919878123]],[[7.396613300948681,52.30672919878123],[7.4002479957860645,52.309855935390054]],[[7.4002479957860645,52.309855935390054],[7.403262872988689,52.31244947441933]],[[7.403262872988689,52.31244947441933],[7.415878354685958,52.31323294893724]],[[7.415878354685958,52.31323294893724],[7.425480156944013,52.31382926251425]],[[7.425480156944013,52.31382926251425],[7.431817118089064,52.32389246224223]],[[7.431817118089064,52.32389246224223],[7.4377766920335615,52.3333563679077]],[[7.4377766920335615,52.3333563679077],[7.449167728637113,52.33732256076722]],[[7.449167728637113,52.33732256076722],[7.463903910006299,52.34245348359163]],[[7.463903910006299,52.34245348359163],[7.495873086404319,52.356654098092726]],[[7.495873086404319,52.356654098092726],[7.500390471284566,52.35866070780557]],[[7.500390471284566,52.35866070780557],[7.504268467490323,52.36038330187441]],[[7.504268467490323,52.36038330187441],[7.534774982681132,52.37025749001313]],[[7.534774982681132,52.37025749001313],[7.541363428512266,52.368443711208904]],[[7.541363428512266,52.368443711208904],[7.543057201344732,52.367977421015695]],[[7.543057201344732,52.367977421015695],[7.560892982178011,52.37045194919356]],[[7.560892982178011,52.37045194919356],[7.569698746483959,52.37709897049829]],[[7.569698746483959,52.37709897049829],[7.576291924854008,52.377789605205145]],[[7.576291924854008,52.377789605205145],[7.573553007462124,52.3828428171249]],[[7.573553007462124,52.3828428171249],[7.581612252262657,52.39431550642711]],[[7.581612252262657,52.39431550642711],[7.582135406294702,52.39620560457144]],[[7.582135406294702,52.39620560457144],[7.584090907075835,52.403270636611474]],[[7.584090907075835,52.403270636611474],[7.593489049503204,52.41066699956709]],[[7.593489049503204,52.41066699956709],[7.600926902461692,52.41652060942668]],[[7.600926902461692,52.41652060942668],[7.598622350388598,52.42185318493147]],[[7.598622350388598,52.42185318493147],[7.581357519503958,52.42711585659672]],[[7.581357519503958,52.42711585659672],[7.564310882389918,52.43231201860161]],[[7.564310882389918,52.43231201860161],[7.571344529673632,52.433581272387904]],[[7.571344529673632,52.433581272387904],[7.579215397886002,52.44942459153924]],[[7.579215397886002,52.44942459153924],[7.593415405079434,52.46618483997704]],[[7.593415405079434,52.46618483997704],[7.603152883107985,52.4739885718987]],[[7.603152883107985,52.4739885718987],[7.608975825312204,52.473990382048186]],[[7.608975825312204,52.473990382048186],[7.669069217089423,52.4563349952889]],[[7.669069217089423,52.4563349952889],[7.675789340851034,52.45610112732799]],[[7.675789340851034,52.45610112732799],[7.684847045884873,52.455785908906535]],[[7.684847045884873,52.455785908906535],[7.701443448180186,52.43578457401907]],[[7.701443448180186,52.43578457401907],[7.707909012538834,52.41762126740574]],[[7.707909012538834,52.41762126740574],[7.713824817469774,52.4010023673656]],[[7.713824817469774,52.4010023673656],[7.731852840351727,52.39625884008306]],[[7.731852840351727,52.39625884008306],[7.748375097493012,52.39191151028098]],[[7.748375097493012,52.39191151028098],[7.75893056233118,52.38820463163046]],[[7.75893056233118,52.38820463163046],[7.783442795737333,52.37959640121868]],[[7.783442795737333,52.37959640121868],[7.813510598826038,52.37098994146677]],[[7.813510598826038,52.37098994146677],[7.842995000899077,52.369282644354456]],[[7.842995000899077,52.369282644354456],[7.8720209638517655,52.375965850148184]],[[7.8720209638517655,52.375965850148184],[7.891770390137675,52.38051314113922]],[[7.891770390137675,52.38051314113922],[7.89940045672907,52.376713474155515]],[[7.89940045672907,52.376713474155515],[7.921681868840256,52.36561763956497]],[[7.921681868840256,52.36561763956497],[7.92964197234739,52.365277668894464]],[[7.92964197234739,52.365277668894464],[7.936670071226784,52.36497750520746]],[[7.936670071226784,52.36497750520746],[7.940819651325379,52.35866070779617]],[[7.940819651325379,52.35866070779617],[7.942883819913393,52.355518478404136]],[[7.942883819913393,52.355518478404136],[7.942490226127306,52.353289806805144]],[[7.942490226127306,52.353289806805144],[7.941730535337518,52.34898815348447]],[[7.941730535337518,52.34898815348447],[7.946437117996554,52.34822032661378]],[[7.946437117996554,52.34822032661378],[7.952225830100564,52.34727596063814]],[[7.952225830100564,52.34727596063814],[7.950886749169716,52.342505109359465]],[[7.950886749169716,52.342505109359465],[7.948970319688914,52.335677283353995]],[[7.948970319688914,52.335677283353995],[7.964625740081774,52.32485841970879]],[[7.964625740081774,52.32485841970879],[7.978833536454763,52.312547086946864]],[[7.978833536454763,52.312547086946864],[7.980578006016192,52.31201357739351]],[[7.980578006016192,52.31201357739351],[7.989159461390075,52.30938912066393]],[[7.989159461390075,52.30938912066393],[7.988049208268275,52.30528432810931]],[[7.988049208268275,52.30528432810931],[7.980578006084851,52.305318958535395]],[[7.980578006084851,52.305318958535395],[7.96510619105478,52.3053906722924]],[[7.96510619105478,52.3053906722924],[7.948452305623892,52.30546786536484]],[[7.948452305623892,52.30546786536484],[7.933148394883797,52.30165632439701]],[[7.933148394883797,52.30165632439701],[7.930845532578225,52.29317757304705]],[[7.930845532578225,52.29317757304705],[7.93208133301954,52.28668821118177]],[[7.93208133301954,52.28668821118177],[7.956464885978147,52.27249055833916]],[[7.956464885978147,52.27249055833916],[7.945422707371349,52.26563021512881]],[[7.945422707371349,52.26563021512881],[7.937815378579583,52.26437661538865]],[[7.937815378579583,52.26437661538865],[7.926325933025906,52.262483286212984]],[[7.926325933025906,52.262483286212984],[7.923293091443159,52.25225457881646]],[[7.923293091443159,52.25225457881646],[7.926672763322922,52.245143468959185]],[[7.926672763322922,52.245143468959185],[7.92803144470701,52.24228469614964]],[[7.92803144470701,52.24228469614964],[7.926607450713567,52.23483154291422]],[[7.926607450713567,52.23483154291422],[7.926480989516902,52.23416964947863]],[[7.926480989516902,52.23416964947863],[7.926596284704703,52.233068611321826]],[[7.926596284704703,52.233068611321826],[7.927112528811201,52.22813859761724]],[[7.927112528811201,52.22813859761724],[7.921621935420954,52.222500512093404]],[[7.921621935420954,52.222500512093404],[7.919479718293344,52.222386779016595]],[[7.919479718293344,52.222386779016595],[7.914990275822695,52.222148425400235]],[[7.914990275822695,52.222148425400235],[7.906220012380233,52.21370096498204]],[[7.906220012380233,52.21370096498204],[7.905563861742847,52.20891742841168]],[[7.905563861742847,52.20891742841168],[7.901260062063207,52.20753627448721]],[[7.901260062063207,52.20753627448721],[7.904742148445233,52.202501937767394]],[[7.904742148445233,52.202501937767394],[7.905498813414985,52.20140796501407]],[[7.905498813414985,52.20140796501407],[7.905247349735337,52.201153200667186]],[[7.905247349735337,52.201153200667186],[7.902993312178898,52.19886957030699]],[[7.902993312178898,52.19886957030699],[7.907819928351499,52.19527380042218]],[[7.907819928351499,52.19527380042218],[7.910242207528055,52.18867084068154]],[[7.910242207528055,52.18867084068154],[7.928669536280467,52.18083952979111]],[[7.928669536280467,52.18083952979111],[7.93634935311873,52.17658734906418]],[[7.93634935311873,52.17658734906418],[7.952071825904685,52.176607709853236]],[[7.952071825904685,52.176607709853236],[7.957819577420132,52.176615154745924]],[[7.957819577420132,52.176615154745924],[7.9599656258858165,52.17597407485551]],[[7.9599656258858165,52.17597407485551],[7.974814002080483,52.171538485137276]],[[7.974814002080483,52.171538485137276],[7.980578005397007,52.172372193595315]],[[7.980578005397007,52.172372193595315],[7.989236232705407,52.17362452260854]],[[7.989236232705407,52.17362452260854],[8.004608124260955,52.17584791802636]],[[8.004608124260955,52.17584791802636],[8.016978068257837,52.1720504222067]],[[8.016978068257837,52.1720504222067],[8.01630797245633,52.16813771284661]],[[8.01630797245633,52.16813771284661],[8.023801627904307,52.163647306219275]],[[8.023801627904307,52.163647306219275],[8.023536872632658,52.16139797604957]],[[8.023536872632658,52.16139797604957],[8.01269033428358,52.16038419746015]],[[8.01269033428358,52.16038419746015],[8.003170985923632,52.1594944648339]],[[8.003170985923632,52.1594944648339],[7.998896214771794,52.15126099352835]],[[7.998896214771794,52.15126099352835],[8.002593379258503,52.14884376547164]],[[8.002593379258503,52.14884376547164],[8.004627536582623,52.13574111324508]],[[8.004627536582623,52.13574111324508],[8.007795858559659,52.115332950116105]],[[8.007795858559659,52.115332950116105],[7.98096232827027,52.11547372361934]],[[7.98096232827027,52.11547372361934],[7.980578005650441,52.11547573936451]],[[7.980578005650441,52.11547573936451],[7.970749371653086,52.115527301599656]],[[7.970749371653086,52.115527301599656],[7.966759268741618,52.11263129467107]],[[7.966759268741618,52.11263129467107],[7.955118202257398,52.10418223764762]],[[7.955118202257398,52.10418223764762],[7.922400958642853,52.09673821679836]],[[7.922400958642853,52.09673821679836],[7.904775264059893,52.092727915429826]],[[7.904775264059893,52.092727915429826],[7.885160597784274,52.08339542081038]],[[7.885160597784274,52.08339542081038],[7.8912489434103605,52.08148162452295]],[[7.8912489434103605,52.08148162452295],[7.919305008352731,52.05817883787534]],[[7.919305008352731,52.05817883787534],[7.918240232892784,52.05525617101687]],[[7.918240232892784,52.05525617101687],[7.916921703480208,52.051636989766095]],[[7.916921703480208,52.051636989766095],[7.980578006499333,52.035721052098005]],[[7.980578006499333,52.035721052098005],[7.981144427525369,52.03557942974297]],[[7.981144427525369,52.03557942974297],[7.993634411839687,52.04864282345238]],[[7.993634411839687,52.04864282345238],[7.994989044677571,52.05005964819014]],[[7.994989044677571,52.05005964819014],[8.011909895728492,52.05603287025177]],[[8.011909895728492,52.05603287025177],[8.01672265613591,52.057731819759134]],[[8.01672265613591,52.057731819759134],[8.017544619895766,52.05831137992313]],[[8.017544619895766,52.05831137992313],[8.029903883786956,52.067025786976636]],[[8.029903883786956,52.067025786976636],[8.040610278775745,52.063898654854526]],[[8.040610278775745,52.063898654854526],[8.042988600751057,52.06320399145592]],[[8.042988600751057,52.06320399145592],[8.044872929854305,52.063383084480044]],[[8.044872929854305,52.063383084480044],[8.054222098898933,52.06427165827219]],[[8.054222098898933,52.06427165827219],[8.057936664441543,52.06734338094089]],[[8.057936664441543,52.06734338094089],[8.090516544403355,52.06360024155901]],[[8.090516544403355,52.06360024155901],[8.096448004253435,52.05714505047937]],[[8.096448004253435,52.05714505047937],[8.132672405869778,52.07214895782542]],[[8.132672405869778,52.07214895782542],[8.157500215878825,52.07589921051848]],[[8.157500215878825,52.07589921051848],[8.163084590183429,52.075100433916056]],[[8.163084590183429,52.075100433916056],[8.175224218051163,52.07336400938835]],[[8.175224218051163,52.07336400938835],[8.193748435080503,52.07356989766292]],[[8.193748435080503,52.07356989766292],[8.201445830880875,52.08817159015631]],[[8.201445830880875,52.08817159015631],[8.223507109008546,52.10726925741316]],[[8.223507109008546,52.10726925741316],[8.245854336542788,52.120692593172585]],[[8.245854336542788,52.120692593172585],[8.262435892890906,52.12120253969447]],[[8.262435892890906,52.12120253969447],[8.266732162929399,52.132280972390824]],[[8.266732162929399,52.132280972390824],[8.285179471636933,52.13347026245002]],[[8.285179471636933,52.13347026245002],[8.286570531260585,52.125772870337656]],[[8.286570531260585,52.125772870337656],[8.309488913814084,52.11885540530193]],[[8.309488913814084,52.11885540530193],[8.325160723656754,52.125490415447004]],[[8.325160723656754,52.125490415447004],[8.343427133474002,52.12288249382644]],[[8.343427133474002,52.12288249382644],[8.368873690962085,52.11476495061207]],[[8.368873690962085,52.11476495061207],[8.372832200070016,52.110180382199715]],[[8.372832200070016,52.110180382199715],[8.39006799423524,52.10874143434588]],[[8.39006799423524,52.10874143434588],[8.410586442479403,52.11511489013259]],[[8.410586442479403,52.11511489013259],[8.404352958749543,52.12646133550138]],[[8.404352958749543,52.12646133550138],[8.412181779004696,52.13679203271503]],[[8.412181779004696,52.13679203271503],[8.452299661961016,52.15469434087097]],[[8.452299661961016,52.15469434087097],[8.462327706385244,52.15391364077323]],[[8.462327706385244,52.15391364077323],[8.462334114518525,52.15391314149681]],[[8.462334114518525,52.15391314149681],[8.479627826253138,52.15933515981849]],[[8.479627826253138,52.15933515981849],[8.51704912656087,52.18512396006515]],[[8.51704912656087,52.18512396006515],[8.472667757088528,52.19321770330904]],[[8.472667757088528,52.19321770330904],[8.472290288351502,52.19328654193987]],[[8.472290288351502,52.19328654193987],[8.45756290159217,52.19767963122814]],[[8.45756290159217,52.19767963122814],[8.443286273099876,52.21358070533051]],[[8.443286273099876,52.21358070533051],[8.450777325695386,52.220714267250436]],[[8.450777325695386,52.220714267250436],[8.460367877903385,52.22984713617298]],[[8.460367877903385,52.22984713617298],[8.459814332449856,52.241252287488884]],[[8.459814332449856,52.241252287488884],[8.46721057567532,52.247888288657286]],[[8.46721057567532,52.247888288657286],[8.462224664333936,52.25555533810002]],[[8.462224664333936,52.25555533810002],[8.459919743945436,52.259099711957134]],[[8.459919743945436,52.259099711957134],[8.466186629191348,52.267613962542384]],[[8.466186629191348,52.267613962542384],[8.464606900048233,52.27628761112726]],[[8.464606900048233,52.27628761112726],[8.463528902525221,52.27786039025741]],[[8.463528902525221,52.27786039025741],[8.459007089053484,52.284457633046074]],[[8.459007089053484,52.284457633046074],[8.458950720642989,52.302660727079896]],[[8.458950720642989,52.302660727079896],[8.463056584842878,52.30415320089712]],[[8.463056584842878,52.30415320089712],[8.465007740248957,52.30486244142622]],[[8.465007740248957,52.30486244142622],[8.470868747467208,52.31501793467332]],[[8.470868747467208,52.31501793467332],[8.465813695779262,52.31705810081832]],[[8.465813695779262,52.31705810081832],[8.461623559434976,52.31874919642133]],[[8.461623559434976,52.31874919642133],[8.445742769976482,52.35018003080559]],[[8.445742769976482,52.35018003080559],[8.44145780845616,52.35866070775195]],[[8.44145780845616,52.35866070775195],[8.439410637591832,52.36271241334369]],[[8.439410637591832,52.36271241334369],[8.391304052742402,52.38368942225735]],[[8.391304052742402,52.38368942225735],[8.36097029733092,52.39070948609838]],[[8.36097029733092,52.39070948609838],[8.342482459927941,52.39806615326908]],[[8.342482459927941,52.39806615326908],[8.331716567454176,52.39959757614125]],[[8.331716567454176,52.39959757614125],[8.323835257264715,52.40071867242389]],[[8.323835257264715,52.40071867242389],[8.315502010403248,52.405118173085405]],[[8.315502010403248,52.405118173085405],[8.31491726974448,52.40747645157331]],[[8.31491726974448,52.40747645157331],[8.320524930275658,52.409528684683224]],[[8.320524930275658,52.409528684683224],[8.321868522739805,52.41002039839761]],[[8.321868522739805,52.41002039839761],[8.320335784038186,52.41109940630319]],[[8.320335784038186,52.41109940630319],[8.316611853206126,52.41372095833726]],[[8.316611853206126,52.41372095833726],[8.31921448480526,52.420410970716915]],[[8.31921448480526,52.420410970716915],[8.321230667500961,52.42559352615996]],[[8.321230667500961,52.42559352615996],[8.314374168570756,52.432455626081065]],[[8.314374168570756,52.432455626081065],[8.310782664467897,52.4360500647355]],[[8.310782664467897,52.4360500647355],[8.304755698964776,52.43537386661764]],[[8.304755698964776,52.43537386661764],[8.305923896077974,52.444294554849506]],[[8.305923896077974,52.444294554849506],[8.306087316390188,52.44554247127434]],[[8.306087316390188,52.44554247127434],[8.297213501224391,52.45649791980408]],[[8.297213501224391,52.45649791980408],[8.311529286005047,52.45816229176446]],[[8.311529286005047,52.45816229176446],[8.325406832099754,52.45220861245849]],[[8.325406832099754,52.45220861245849],[8.342482459347233,52.4529006731123]],[[8.342482459347233,52.4529006731123],[8.35596440846682,52.44649648855477]],[[8.35596440846682,52.44649648855477],[8.35954214484242,52.444796995458425]],[[8.35954214484242,52.444796995458425],[8.369121911796439,52.44471135691253]],[[8.369121911796439,52.44471135691253],[8.371126664965294,52.44529553876539]],[[8.371126664965294,52.44529553876539],[8.374084850029629,52.44437649030669]],[[8.374084850029629,52.44437649030669],[8.377210347799943,52.44491744913412]],[[8.377210347799943,52.44491744913412],[8.381654865520996,52.44464499236132]],[[8.381654865520996,52.44464499236132],[8.385907100071714,52.445016386940665]],[[8.385907100071714,52.445016386940665],[8.386106479792279,52.44621573408503]],[[8.386106479792279,52.44621573408503],[8.386366086001384,52.447777389973616]],[[8.386366086001384,52.447777389973616],[8.389937582900794,52.44855086552257]],[[8.389937582900794,52.44855086552257],[8.394147366125354,52.44951548401512]],[[8.394147366125354,52.44951548401512],[8.402104955512991,52.45047751193781]],[[8.402104955512991,52.45047751193781],[8.41065300276112,52.447468187880204]],[[8.41065300276112,52.447468187880204],[8.414833643085183,52.445996402152254]],[[8.414833643085183,52.445996402152254],[8.417963462506787,52.447841195660864]],[[8.417963462506787,52.447841195660864],[8.42323469934767,52.450948194601544]],[[8.42323469934767,52.450948194601544],[8.428803803268297,52.450140676629985]],[[8.428803803268297,52.450140676629985],[8.432394434905806,52.44962003576398]],[[8.432394434905806,52.44962003576398],[8.453514134167051,52.46121759600804]],[[8.453514134167051,52.46121759600804],[8.458907656504477,52.47463756563083]],[[8.458907656504477,52.47463756563083],[8.459266455543471,52.47917554815999]],[[8.459266455543471,52.47917554815999],[8.460289703950052,52.49211732959595]],[[8.460289703950052,52.49211732959595],[8.47209156200321,52.49827991555596]],[[8.47209156200321,52.49827991555596],[8.474570097302953,52.498196652658564]],[[8.474570097302953,52.498196652658564],[8.482221827246757,52.49793960146466]],[[8.482221827246757,52.49793960146466],[8.500906589728272,52.509842824270685]],[[8.500906589728272,52.509842824270685],[8.505684862481106,52.51288684862108]],[[8.505684862481106,52.51288684862108],[8.508848316915222,52.514693494270745]],[[8.508848316915222,52.514693494270745],[8.516577156408404,52.50931558467218]],[[8.516577156408404,52.50931558467218],[8.519293219790972,52.50862255846625]],[[8.519293219790972,52.50862255846625],[8.52473981819438,52.507232813246276]],[[8.52473981819438,52.507232813246276],[8.557371736978181,52.50015457035411]],[[8.557371736978181,52.50015457035411],[8.606155009710188,52.51601195945457]],[[8.606155009710188,52.51601195945457],[8.65176128744735,52.530836640400075]],[[8.65176128744735,52.530836640400075],[8.660785396523124,52.524956384452594]],[[8.660785396523124,52.524956384452594],[8.671303366753493,52.51810270472372]],[[8.671303366753493,52.51810270472372],[8.680422953769632,52.51821467128831]],[[8.680422953769632,52.51821467128831],[8.687217741728096,52.51829809497101]],[[8.687217741728096,52.51829809497101],[8.686395904285092,52.51514076261888]],[[8.686395904285092,52.51514076261888],[8.685890087528575,52.513197523947376]],[[8.685890087528575,52.513197523947376],[8.690457136493649,52.511507025643006]],[[8.690457136493649,52.511507025643006],[8.697500926906933,52.5088997590511]],[[8.697500926906933,52.5088997590511],[8.702969761670628,52.500311514225096]],[[8.702969761670628,52.500311514225096],[8.699317679454332,52.486855681337005]],[[8.699317679454332,52.486855681337005],[8.704807331258394,52.48103348551283]],[[8.704807331258394,52.48103348551283],[8.708333858413182,52.47729333538462]],[[8.708333858413182,52.47729333538462],[8.710286055633487,52.46458568189959]],[[8.710286055633487,52.46458568189959],[8.70698038714476,52.45823586701529]],[[8.70698038714476,52.45823586701529],[8.704993403609052,52.454419097190744]],[[8.704993403609052,52.454419097190744],[8.703840239016591,52.44342709840934]],[[8.703840239016591,52.44342709840934],[8.70890528198997,52.43804171545107]],[[8.70890528198997,52.43804171545107],[8.71761473583185,52.42878142442239]],[[8.71761473583185,52.42878142442239],[8.7104035327468,52.42232347798069]],[[8.7104035327468,52.42232347798069],[8.705335282567127,52.417784636363415]],[[8.705335282567127,52.417784636363415],[8.71016771536267,52.407762940546625]],[[8.71016771536267,52.407762940546625],[8.707486698459396,52.39535150606157]],[[8.707486698459396,52.39535150606157],[8.715236513568282,52.39256893002217]],[[8.715236513568282,52.39256893002217],[8.71787918179726,52.394616252147664]],[[8.71787918179726,52.394616252147664],[8.725073872670047,52.40019010685377]],[[8.725073872670047,52.40019010685377],[8.735842342180622,52.39407266823182]],[[8.735842342180622,52.39407266823182],[8.745907336027406,52.38835486519936]],[[8.745907336027406,52.38835486519936],[8.765066750513789,52.39318830775542]],[[8.765066750513789,52.39318830775542],[8.774622457962657,52.395598973214085]],[[8.774622457962657,52.395598973214085],[8.789493292018006,52.39842706966313]],[[8.789493292018006,52.39842706966313],[8.845407328156373,52.390757116573184]],[[8.845407328156373,52.390757116573184],[8.853562475203963,52.38963844268791]],[[8.853562475203963,52.38963844268791],[8.863558440351783,52.39439807878108]],[[8.863558440351783,52.39439807878108],[8.865360961929301,52.395256358566996]],[[8.865360961929301,52.395256358566996],[8.86591124365778,52.395084141352164]],[[8.86591124365778,52.395084141352164],[8.87066023586154,52.39359789177102]],[[8.87066023586154,52.39359789177102],[8.888120028645135,52.396262454633096]],[[8.888120028645135,52.396262454633096],[8.892217042553165,52.4027547628757]],[[8.892217042553165,52.4027547628757],[8.893987652383927,52.405560548275865]],[[8.893987652383927,52.405560548275865],[8.896456941923683,52.4039910935746]],[[8.896456941923683,52.4039910935746],[8.899876233664363,52.4018178267273]],[[8.899876233664363,52.4018178267273],[8.905071618228158,52.40425440734252]],[[8.905071618228158,52.40425440734252],[8.921593245328912,52.40279563199829]],[[8.921593245328912,52.40279563199829],[8.93547616082631,52.4019057913402]],[[8.93547616082631,52.4019057913402],[8.944149387726588,52.40928652862468]],[[8.944149387726588,52.40928652862468],[8.944205131145365,52.40983223211039]],[[8.944205131145365,52.40983223211039],[8.94483748715653,52.41602269920602]],[[8.94483748715653,52.41602269920602],[8.954709643361632,52.41602292727566]],[[8.954709643361632,52.41602292727566],[8.956117125711017,52.416022960046746]],[[8.956117125711017,52.416022960046746],[8.957512301242495,52.41767463657579]],[[8.957512301242495,52.41767463657579],[8.964182811326337,52.42557150600015]],[[8.964182811326337,52.42557150600015],[8.975218101239147,52.42810931557124]],[[8.975218101239147,52.42810931557124],[8.981666185322682,52.42959219442684]],[[8.981666185322682,52.42959219442684],[8.984091593010763,52.43320473049385]],[[8.984091593010763,52.43320473049385],[8.981098876299166,52.4361804591995]],[[8.981098876299166,52.4361804591995],[8.980435173371687,52.43684039365683]],[[8.980435173371687,52.43684039365683],[8.981927225909903,52.43903962974089]],[[8.981927225909903,52.43903962974089],[8.985830476148077,52.4447928921902]],[[8.985830476148077,52.4447928921902],[8.98418600869585,52.44683614434192]],[[8.98418600869585,52.44683614434192],[8.981235074683624,52.450502684970985]],[[8.981235074683624,52.450502684970985],[8.998919584185098,52.457563098496394]],[[8.998919584185098,52.457563098496394],[9.003046772012576,52.457537002974185]],[[9.003046772012576,52.457537002974185],[9.010256384948237,52.45749141799814]],[[9.010256384948237,52.45749141799814],[9.01642879506002,52.46076945496124]],[[9.01642879506002,52.46076945496124],[9.018418683448717,52.465248862083996]],[[9.018418683448717,52.465248862083996],[9.024021474959355,52.477861226657105]],[[9.024021474959355,52.477861226657105],[9.036871663325888,52.48082895728154]],[[9.036871663325888,52.48082895728154],[9.042712017760117,52.48217777864542]],[[9.042712017760117,52.48217777864542],[9.042592824270566,52.48565940937577]],[[9.042592824270566,52.48565940937577],[9.042527512914495,52.487567151101295]],[[9.042527512914495,52.487567151101295],[9.052355169535941,52.499540861917424]],[[9.052355169535941,52.499540861917424],[9.06838774094324,52.49786658740518]],[[9.06838774094324,52.49786658740518],[9.087293879611508,52.49589222871203]],[[9.087293879611508,52.49589222871203],[9.089476925620048,52.49650858019155]],[[9.089476925620048,52.49650858019155],[9.095156229491304,52.49811205007838]],[[9.095156229491304,52.49811205007838],[9.101675979902637,52.49373558909521]],[[9.101675979902637,52.49373558909521],[9.113224897354833,52.485983242094406]],[[9.113224897354833,52.485983242094406],[9.122649030261414,52.4847393708514]],[[9.122649030261414,52.4847393708514],[9.131304599604357,52.48359693929564]],[[9.131304599604357,52.48359693929564],[9.135558448919543,52.47752040865322]],[[9.135558448919543,52.47752040865322],[9.126215286210181,52.47530080872255]],[[9.126215286210181,52.47530080872255],[9.124634601668655,52.47492529478646]],[[9.124634601668655,52.47492529478646],[9.124558217204935,52.473568407139254]],[[9.124558217204935,52.473568407139254],[9.124239987974605,52.467915273051965]],[[9.124239987974605,52.467915273051965],[9.11350126726732,52.46200878676198]],[[9.11350126726732,52.46200878676198],[9.103101439173725,52.45628869806136]],[[9.103101439173725,52.45628869806136],[9.095524276863056,52.44398403268401]],[[9.095524276863056,52.44398403268401],[9.10429349537441,52.438649423122214]],[[9.10429349537441,52.438649423122214],[9.109920965370877,52.43522604361541]],[[9.109920965370877,52.43522604361541],[9.111173606869304,52.4298992492539]],[[9.111173606869304,52.4298992492539],[9.111236914524854,52.429630039257496]],[[9.111236914524854,52.429630039257496],[9.1064100349436,52.42558587799624]],[[9.1064100349436,52.42558587799624],[9.11270600995479,52.421272994480155]],[[9.11270600995479,52.421272994480155],[9.118168135444863,52.42100356013343]],[[9.118168135444863,52.42100356013343],[9.123212227964899,52.42075474717536]],[[9.123212227964899,52.42075474717536],[9.125252500010033,52.4119936173288]],[[9.125252500010033,52.4119936173288],[9.118256909220863,52.39850654931945]],[[9.118256909220863,52.39850654931945],[9.11103500247135,52.394236529305125]],[[9.11103500247135,52.394236529305125],[9.097226946850668,52.386072385825564]],[[9.097226946850668,52.386072385825564],[9.099625792090272,52.379986877553996]],[[9.099625792090272,52.379986877553996],[9.099762159744007,52.37964093631136]],[[9.099762159744007,52.37964093631136],[9.097870187013594,52.37142446612279]],[[9.097870187013594,52.37142446612279],[9.088658781209148,52.3654559366932]],[[9.088658781209148,52.3654559366932],[9.085546576063548,52.358660707228346]],[[9.085546576063548,52.358660707228346],[9.084297748899404,52.35593400244595]],[[9.084297748899404,52.35593400244595],[9.074943381791853,52.350314111103835]],[[9.074943381791853,52.350314111103835],[9.063430666030598,52.34734178622592]],[[9.063430666030598,52.34734178622592],[9.059632002747524,52.34636105666827]],[[9.059632002747524,52.34636105666827],[9.059046005348758,52.34510124342263]],[[9.059046005348758,52.34510124342263],[9.056673645512154,52.34000099683389]],[[9.056673645512154,52.34000099683389],[9.044014915266763,52.342204217675864]],[[9.044014915266763,52.342204217675864],[9.027953156458475,52.34499972631726]],[[9.027953156458475,52.34499972631726],[9.023759184818731,52.33827445678226]],[[9.023759184818731,52.33827445678226],[9.019997497651897,52.33224237644519]],[[9.019997497651897,52.33224237644519],[9.014255914722531,52.33149270431]],[[9.014255914722531,52.33149270431],[9.010729299332969,52.33103223749312]],[[9.010729299332969,52.33103223749312],[9.006435994848946,52.32602501822703]],[[9.006435994848946,52.32602501822703],[8.998261321960204,52.325794000315405]],[[8.998261321960204,52.325794000315405],[8.997357060745966,52.31943329318152]],[[8.997357060745966,52.31943329318152],[8.997290101179342,52.31896228558576]],[[8.997290101179342,52.31896228558576],[8.99479113121192,52.31654202467469]],[[8.99479113121192,52.31654202467469],[8.990599003578462,52.312481936418386]],[[8.990599003578462,52.312481936418386],[8.98887606840371,52.30614943710893]],[[8.98887606840371,52.30614943710893],[8.985948484192788,52.29538936957039]],[[8.985948484192788,52.29538936957039],[8.98701198821883,52.287492096968585]],[[8.98701198821883,52.287492096968585],[8.975525021292025,52.2826920534601]],[[8.975525021292025,52.2826920534601],[8.966656124974412,52.27898601982365]],[[8.966656124974412,52.27898601982365],[8.97098619074473,52.27447023374228]],[[8.97098619074473,52.27447023374228],[8.974848880960563,52.27395454072337]],[[8.974848880960563,52.27395454072337],[8.977903710245165,52.27354670258596]],[[8.977903710245165,52.27354670258596],[8.975828988417055,52.270308605437535]],[[8.975828988417055,52.270308605437535],[8.972774884731946,52.26554194939091]],[[8.972774884731946,52.26554194939091],[8.979522986526803,52.261525886495036]],[[8.979522986526803,52.261525886495036],[8.997893622685543,52.258404346141944]],[[8.997893622685543,52.258404346141944],[9.002466333379875,52.257627351318924]],[[9.002466333379875,52.257627351318924],[9.005203949553255,52.25533153700346]],[[9.005203949553255,52.25533153700346],[9.00813473378651,52.25287373006372]],[[9.00813473378651,52.25287373006372],[9.012421961869128,52.252297530455024]],[[9.012421961869128,52.252297530455024],[9.031731583933896,52.24970233646464]],[[9.031731583933896,52.24970233646464],[9.05820903991736,52.23773346245088]],[[9.05820903991736,52.23773346245088],[9.075343932845568,52.23413355659637]],[[9.075343932845568,52.23413355659637],[9.073899657062741,52.22952113927767]],[[9.073899657062741,52.22952113927767],[9.062140230814999,52.223198390987285]],[[9.062140230814999,52.223198390987285],[9.051179712375086,52.220514321218154]],[[9.051179712375086,52.220514321218154],[9.047262114728943,52.22263856859725]],[[9.047262114728943,52.22263856859725],[9.041526074153316,52.22574883306802]],[[9.041526074153316,52.22574883306802],[9.035966703723624,52.22341916940096]],[[9.035966703723624,52.22341916940096],[9.03511440209589,52.217814680270415]],[[9.03511440209589,52.217814680270415],[9.04128633412011,52.21301996244694]],[[9.04128633412011,52.21301996244694],[9.045630071256689,52.20964549353311]],[[9.045630071256689,52.20964549353311],[9.044074814286986,52.20291980145026]],[[9.044074814286986,52.20291980145026],[9.04752401044273,52.19558490355224]],[[9.04752401044273,52.19558490355224],[9.043878872515197,52.19040790742241]],[[9.043878872515197,52.19040790742241],[9.04418807422307,52.184396320907304]],[[9.04418807422307,52.184396320907304],[9.021131127001278,52.18440675021098]],[[9.021131127001278,52.18440675021098],[9.018164950191574,52.18737798966382]],[[9.018164950191574,52.18737798966382],[9.018233208225226,52.19048071044318]],[[9.018233208225226,52.19048071044318],[9.018277553393709,52.19249644791436]],[[9.018277553393709,52.19249644791436],[9.014577215781546,52.194430828087945]],[[9.014577215781546,52.194430828087945],[9.00903054963826,52.191650289802965]],[[9.00903054963826,52.191650289802965],[9.005583045114308,52.18992205765423]],[[9.005583045114308,52.18992205765423],[8.99922049598178,52.192897062349616]],[[8.99922049598178,52.192897062349616],[8.993302936961124,52.195663999684186]],[[8.993302936961124,52.195663999684186],[8.985833749855479,52.19459840328323]],[[8.985833749855479,52.19459840328323],[8.992267718797141,52.19213591945456]],[[8.992267718797141,52.19213591945456],[8.994845276304606,52.187798798028474]],[[8.994845276304606,52.187798798028474],[8.995402512410704,52.18686116516808]],[[8.995402512410704,52.18686116516808],[8.996101043807352,52.18685126298961]],[[8.996101043807352,52.18685126298961],[9.000456655913226,52.18678952287628]],[[9.000456655913226,52.18678952287628],[9.01054380551327,52.175953545375606]],[[9.01054380551327,52.175953545375606],[9.013097437755228,52.17321034226457]],[[9.013097437755228,52.17321034226457],[9.01468530631495,52.172828594507614]],[[9.01468530631495,52.172828594507614],[9.020651099413872,52.17139432621002]],[[9.020651099413872,52.17139432621002],[9.016813965047785,52.16699292355184]],[[9.016813965047785,52.16699292355184],[9.013259990691822,52.16291632066231]],[[9.013259990691822,52.16291632066231],[9.01660691581178,52.15270070051101]],[[9.01660691581178,52.15270070051101],[9.017427358367305,52.150196506483475]],[[9.017427358367305,52.150196506483475],[9.016534390758286,52.14769453951783]],[[9.016534390758286,52.14769453951783],[9.012207468208803,52.13557113310209]],[[9.012207468208803,52.13557113310209],[9.018353370751873,52.13307348873598]],[[9.018353370751873,52.13307348873598],[9.03494454200015,52.13936612365021]],[[9.03494454200015,52.13936612365021],[9.039944605605227,52.13861010495651]],[[9.039944605605227,52.13861010495651],[9.048274589481379,52.14384585628821]],[[9.048274589481379,52.14384585628821],[9.054788940309724,52.14794040531826]],[[9.054788940309724,52.14794040531826],[9.068140285416764,52.14823480311301]],[[9.068140285416764,52.14823480311301],[9.071414315735684,52.147143182349865]],[[9.071414315735684,52.147143182349865],[9.071871293310396,52.14390586908977]],[[9.071871293310396,52.14390586908977],[9.072305799373074,52.14082774588987]],[[9.072305799373074,52.14082774588987],[9.080722184235904,52.140758619652175]],[[9.080722184235904,52.140758619652175],[9.101376958667526,52.132926247991236]],[[9.101376958667526,52.132926247991236],[9.107773859695234,52.13294008949448]],[[9.107773859695234,52.13294008949448],[9.111669526439604,52.13483061684972]],[[9.111669526439604,52.13483061684972],[9.119089697340085,52.13843155085107]],[[9.119089697340085,52.13843155085107],[9.143998552481653,52.1348201123522]],[[9.143998552481653,52.1348201123522],[9.154794443961087,52.12724141194713]],[[9.154794443961087,52.12724141194713],[9.158314655432001,52.118683346993464]],[[9.158314655432001,52.118683346993464],[9.155369834066107,52.11477833958653]],[[9.155369834066107,52.11477833958653],[9.14973394926899,52.11360056766713]],[[9.14973394926899,52.11360056766713],[9.14692622042004,52.113013816387685]],[[9.14692622042004,52.113013816387685],[9.145436842926214,52.10921537465057]],[[9.145436842926214,52.10921537465057],[9.137194068670539,52.10615954977647]],[[9.137194068670539,52.10615954977647],[9.133854787650895,52.096551716333]],[[9.133854787650895,52.096551716333],[9.141685726854734,52.09849695154877]],[[9.141685726854734,52.09849695154877],[9.144457525688084,52.09918547774204]],[[9.144457525688084,52.09918547774204],[9.155604483790308,52.09782990319302]],[[9.155604483790308,52.09782990319302],[9.155753412388828,52.092040046052254]],[[9.155753412388828,52.092040046052254],[9.166266263385468,52.08883935390523]],[[9.166266263385468,52.08883935390523],[9.175853940056037,52.08592033731661]],[[9.175853940056037,52.08592033731661],[9.188886484997248,52.07084645166225]],[[9.188886484997248,52.07084645166225],[9.18224704699916,52.06547590058536]],[[9.18224704699916,52.06547590058536],[9.175056658560223,52.05965969311729]],[[9.175056658560223,52.05965969311729],[9.172846774316401,52.04806815606352]],[[9.172846774316401,52.04806815606352],[9.176052067295888,52.042900398695885]],[[9.176052067295888,52.042900398695885],[9.174253466990685,52.03939649852961]],[[9.174253466990685,52.03939649852961],[9.17611372062603,52.03548043929957]],[[9.17611372062603,52.03548043929957],[9.186763481651324,52.02729045888343]],[[9.186763481651324,52.02729045888343],[9.188373974041248,52.026051943562656]],[[9.188373974041248,52.026051943562656],[9.19645102708058,52.012748158428764]],[[9.19645102708058,52.012748158428764],[9.18656829410091,52.00627056993985]],[[9.18656829410091,52.00627056993985],[9.180631151985075,52.00237909911113]],[[9.180631151985075,52.00237909911113],[9.184562201697972,52.00105060680333]],[[9.184562201697972,52.00105060680333],[9.196793822233712,51.99691694474422]],[[9.196793822233712,51.99691694474422],[9.185571680066534,51.99191298421958]],[[9.185571680066534,51.99191298421958],[9.185135266046919,51.99122754653784]],[[9.185135266046919,51.99122754653784],[9.180972291597557,51.984689107591386]],[[9.180972291597557,51.984689107591386],[9.174689593722174,51.98325938578448]],[[9.174689593722174,51.98325938578448],[9.186098785845584,51.974711620068966]],[[9.186098785845584,51.974711620068966],[9.18645697379419,51.97444326677309]],[[9.18645697379419,51.97444326677309],[9.187007472363998,51.968578725218904]],[[9.187007472363998,51.968578725218904],[9.187280979392693,51.965665024963904]],[[9.187280979392693,51.965665024963904],[9.19548428985822,51.96336394330886]],[[9.19548428985822,51.96336394330886],[9.20966926055316,51.96070791445935]],[[9.20966926055316,51.96070791445935],[9.210160496849335,51.96501510221075]],[[9.210160496849335,51.96501510221075],[9.21037023484333,51.966854089870345]],[[9.21037023484333,51.966854089870345],[9.217134976504752,51.97285174117429]],[[9.217134976504752,51.97285174117429],[9.236592545641077,51.97612865264245]],[[9.236592545641077,51.97612865264245],[9.261236049316002,51.97659186229006]],[[9.261236049316002,51.97659186229006],[9.268023119720722,51.974288342735264]],[[9.268023119720722,51.974288342735264],[9.268144518214497,51.974247139624254]],[[9.268144518214497,51.974247139624254],[9.26852684820079,51.97411737744372]],[[9.26852684820079,51.97411737744372],[9.2684853408146,51.97391993099603]],[[9.2684853408146,51.97391993099603],[9.267872028508663,51.97100244265881]],[[9.267872028508663,51.97100244265881],[9.2708065387947,51.971691461933574]],[[9.2708065387947,51.971691461933574],[9.274632294050514,51.97258974438996]],[[9.274632294050514,51.97258974438996],[9.27703876811365,51.9657082010325]],[[9.27703876811365,51.9657082010325],[9.278180258554478,51.96244399748624]],[[9.278180258554478,51.96244399748624],[9.28007638048772,51.9612635253263]],[[9.28007638048772,51.9612635253263],[9.283940937331547,51.95885756257979]],[[9.283940937331547,51.95885756257979],[9.276444656713572,51.95622241290416]],[[9.276444656713572,51.95622241290416],[9.272784440729573,51.954935747941086]],[[9.272784440729573,51.954935747941086],[9.26894488079241,51.947103388831685]],[[9.26894488079241,51.947103388831685],[9.273127169492103,51.94460233226289]],[[9.273127169492103,51.94460233226289],[9.277669199022013,51.94188614790561]],[[9.277669199022013,51.94188614790561],[9.274595158340983,51.939582143971315]],[[9.274595158340983,51.939582143971315],[9.27439643116925,51.93943319786788]],[[9.27439643116925,51.93943319786788],[9.273307772127678,51.931674611917266]],[[9.273307772127678,51.931674611917266],[9.294144780039215,51.920023537378356]],[[9.294144780039215,51.920023537378356],[9.308862224095554,51.92296194314334]],[[9.308862224095554,51.92296194314334],[9.332813789518383,51.915598625943744]],[[9.332813789518383,51.915598625943744],[9.340735755520864,51.907157603607786]],[[9.340735755520864,51.907157603607786],[9.345218478599124,51.88915257795843]],[[9.345218478599124,51.88915257795843],[9.340138108236584,51.87516377240397]],[[9.340138108236584,51.87516377240397],[9.335227358510155,51.8565041942196]],[[9.335227358510155,51.8565041942196],[9.323343494292518,51.855061105735146]],[[9.323343494292518,51.855061105735146],[9.335241948170376,51.85403950342893]],[[9.335241948170376,51.85403950342893],[9.340886636334572,51.85637782726258]],[[9.340886636334572,51.85637782726258],[9.359284215001814,51.86399906328338]],[[9.359284215001814,51.86399906328338],[9.3699670020448,51.86415270488712]],[[9.3699670020448,51.86415270488712],[9.384110214098882,51.861007896377764]],[[9.384110214098882,51.861007896377764],[9.398949399910654,51.857708333214006]],[[9.398949399910654,51.857708333214006],[9.407298823032164,51.8558517990606]],[[9.407298823032164,51.8558517990606],[9.436967975643936,51.85660134053472]],[[9.436967975643936,51.85660134053472],[9.450309935642226,51.8602947863867]],[[9.450309935642226,51.8602947863867],[9.459726397199919,51.862901538647186]],[[9.459726397199919,51.862901538647186],[9.460285020639532,51.85466995052888]],[[9.460285020639532,51.85466995052888],[9.453103052611283,51.85063449113264]],[[9.453103052611283,51.85063449113264],[9.433994154814682,51.83989743623874]],[[9.433994154814682,51.83989743623874],[9.43594478929982,51.83722658116788]],[[9.43594478929982,51.83722658116788],[9.439956680539446,51.83173340812397]],[[9.439956680539446,51.83173340812397],[9.43937014361205,51.8244014917939]],[[9.43937014361205,51.8244014917939],[9.43443377489101,51.81900307867705]],[[9.43443377489101,51.81900307867705],[9.427907435387366,51.81186587893054]],[[9.427907435387366,51.81186587893054],[9.431937750292352,51.80516852080901]],[[9.431937750292352,51.80516852080901],[9.437241531951333,51.803764903839536]],[[9.437241531951333,51.803764903839536],[9.439584816794598,51.80314476603088]],[[9.439584816794598,51.80314476603088],[9.439037266750123,51.80136390661975]],[[9.439037266750123,51.80136390661975],[9.437732699183062,51.79712090527891]],[[9.437732699183062,51.79712090527891],[9.442160993010388,51.795162834230666]],[[9.442160993010388,51.795162834230666],[9.445140091999217,51.79384555871093]],[[9.445140091999217,51.79384555871093],[9.427079175374562,51.78211208726137]],[[9.427079175374562,51.78211208726137],[9.414427914264623,51.77389305811209]],[[9.414427914264623,51.77389305811209],[9.408276308708313,51.76793443487252]],[[9.408276308708313,51.76793443487252],[9.4050310748416,51.763540889149496]],[[9.4050310748416,51.763540889149496],[9.401956970185653,51.75937902569587]],[[9.401956970185653,51.75937902569587],[9.393684944959265,51.75826790865559]],[[9.393684944959265,51.75826790865559],[9.3849911205266,51.75710013396587]],[[9.3849911205266,51.75710013396587],[9.38426337217318,51.75425895362844]],[[9.38426337217318,51.75425895362844],[9.384110213448396,51.753661015315004]],[[9.384110213448396,51.753661015315004],[9.383419937402026,51.750966126493076]],[[9.383419937402026,51.750966126493076],[9.379739632523508,51.74748285997306]],[[9.379739632523508,51.74748285997306],[9.376402103344198,51.74432401911608]],[[9.376402103344198,51.74432401911608],[9.378877257204685,51.73809611011248]],[[9.378877257204685,51.73809611011248],[9.384033721531258,51.736063633453604]],[[9.384033721531258,51.736063633453604],[9.384110214777305,51.73603348322558]],[[9.384110214777305,51.73603348322558],[9.394415342402556,51.731971603852635]],[[9.394415342402556,51.731971603852635],[9.391189990767009,51.72628657061722]],[[9.391189990767009,51.72628657061722],[9.38763573043149,51.720021799315816]],[[9.38763573043149,51.720021799315816],[9.39204326918848,51.71462528290476]],[[9.39204326918848,51.71462528290476],[9.397442950179467,51.708014003246376]],[[9.397442950179467,51.708014003246376],[9.400645447000475,51.70398132656868]],[[9.400645447000475,51.70398132656868],[9.400158831472114,51.69905705321171]],[[9.400158831472114,51.69905705321171],[9.391428243784858,51.69189706247767]],[[9.391428243784858,51.69189706247767],[9.38764434276259,51.68879386703707]],[[9.38764434276259,51.68879386703707],[9.389928934422812,51.68586688870792]],[[9.389928934422812,51.68586688870792],[9.39444631036472,51.680079311439414]],[[9.39444631036472,51.680079311439414],[9.394726712408605,51.674027357647056]],[[9.394726712408605,51.674027357647056],[9.386537985599197,51.669740282881996]],[[9.386537985599197,51.669740282881996],[9.384110214742169,51.6684692630161]],[[9.384110214742169,51.6684692630161],[9.38026170676128,51.66645443997365]],[[9.38026170676128,51.66645443997365],[9.375540101190039,51.65070380156644]],[[9.375540101190039,51.65070380156644],[9.384110214794918,51.646912429734094]],[[9.384110214794918,51.646912429734094],[9.417317676420401,51.647269404464026]],[[9.417317676420401,51.647269404464026],[9.440457243412732,51.650394051447115]],[[9.440457243412732,51.650394051447115],[9.43836377783752,51.64792596971802]],[[9.43836377783752,51.64792596971802],[9.43852498341273,51.647797576826314]],[[9.43852498341273,51.647797576826314],[9.443519082722519,51.643820030592344]],[[9.443519082722519,51.643820030592344],[9.431290099962828,51.633345356076205]],[[9.431290099962828,51.633345356076205],[9.398499265761881,51.62455742129421]],[[9.398499265761881,51.62455742129421],[9.39387968131511,51.62488677468529]],[[9.39387968131511,51.62488677468529],[9.384110214048603,51.62558329042247]],[[9.384110214048603,51.62558329042247],[9.375483469525957,51.62619833514019]],[[9.375483469525957,51.62619833514019],[9.370102855771599,51.61971433609579]],[[9.370102855771599,51.61971433609579],[9.355592989498485,51.61958941672592]],[[9.355592989498485,51.61958941672592],[9.339455025846569,51.615248547387615]],[[9.339455025846569,51.615248547387615],[9.336979712633266,51.61199211398452]],[[9.336979712633266,51.61199211398452],[9.355281332827678,51.60072790143632]],[[9.355281332827678,51.60072790143632],[9.370623142781868,51.59128538268608]],[[9.370623142781868,51.59128538268608],[9.365260791517333,51.585373203083236]],[[9.365260791517333,51.585373203083236],[9.35689113316868,51.58206925049449]],[[9.35689113316868,51.58206925049449],[9.353814435242484,51.5808547115381]],[[9.353814435242484,51.5808547115381],[9.347519001026411,51.573959957557754]],[[9.347519001026411,51.573959957557754],[9.333854084177831,51.55899414994309]],[[9.333854084177831,51.55899414994309],[9.3263276108551,51.555623982715055]],[[9.3263276108551,51.555623982715055],[9.320535641217509,51.55303048205529]],[[9.320535641217509,51.55303048205529],[9.311559188095027,51.53598660679671]],[[9.311559188095027,51.53598660679671],[9.310940907571291,51.53102617487806]],[[9.310940907571291,51.53102617487806],[9.31236891752205,51.52846323961326]],[[9.31236891752205,51.52846323961326],[9.315160067206067,51.52345379265962]],[[9.315160067206067,51.52345379265962],[9.307760291334407,51.5132017195935]],[[9.307760291334407,51.5132017195935],[9.300429494276678,51.51347267749991]],[[9.300429494276678,51.51347267749991],[9.282652850249669,51.514129732348195]],[[9.282652850249669,51.514129732348195],[9.268148853110105,51.5058814967924]],[[9.268148853110105,51.5058814967924],[9.266586613263478,51.50324451376749]],[[9.266586613263478,51.50324451376749],[9.263834922870123,51.49859979556632]],[[9.263834922870123,51.49859979556632],[9.247641367940469,51.497518787996405]],[[9.247641367940469,51.497518787996405],[9.24171233848538,51.497122992528624]],[[9.24171233848538,51.497122992528624],[9.23990581277461,51.49518090966187]],[[9.23990581277461,51.49518090966187],[9.23589243353378,51.490866380657536]],[[9.23589243353378,51.490866380657536],[9.229703759837827,51.490074393410325]],[[9.229703759837827,51.490074393410325],[9.225845681497177,51.489580661581996]],[[9.225845681497177,51.489580661581996],[9.217467726463475,51.48093836446749]],[[9.217467726463475,51.48093836446749],[9.21798613232091,51.476532833064354]],[[9.21798613232091,51.476532833064354],[9.218526464896796,51.4719409596047]],[[9.218526464896796,51.4719409596047],[9.21561384702628,51.46043521647845]],[[9.21561384702628,51.46043521647845],[9.202701513368428,51.46284546094371]],[[9.202701513368428,51.46284546094371],[9.1862712203296,51.465912376927214]],[[9.1862712203296,51.465912376927214],[9.176616672477524,51.46357576983313]],[[9.176616672477524,51.46357576983313],[9.164124790590416,51.45143871865832]],[[9.164124790590416,51.45143871865832],[9.163173155319168,51.44943634833089]],[[9.163173155319168,51.44943634833089],[9.160811042080091,51.444466143415575]],[[9.160811042080091,51.444466143415575],[9.155410700127284,51.44267508981029]],[[9.155410700127284,51.44267508981029],[9.148452481836879,51.442748364304805]],[[9.148452481836879,51.442748364304805],[9.147218278398872,51.44340980992039]],[[9.147218278398872,51.44340980992039],[9.13617828353866,51.44932645746243]],[[9.13617828353866,51.44932645746243],[9.12993713047445,51.44639276147929]],[[9.12993713047445,51.44639276147929],[9.120073503338995,51.44584423067076]],[[9.120073503338995,51.44584423067076],[9.095560132505428,51.444481010380706]],[[9.095560132505428,51.444481010380706],[9.08663369798909,51.44978093864889]],[[9.08663369798909,51.44978093864889],[9.085910144537358,51.457732110038215]],[[9.085910144537358,51.457732110038215],[9.085599185323039,51.4611492643626]],[[9.085599185323039,51.4611492643626],[9.084012302007277,51.46168016879171]],[[9.084012302007277,51.46168016879171],[9.079266537138611,51.46326790490015]],[[9.079266537138611,51.46326790490015],[9.078448424664316,51.4662048188817]],[[9.078448424664316,51.4662048188817],[9.084866285790415,51.47821750303778]],[[9.084866285790415,51.47821750303778],[9.092179267209413,51.491905641357455]],[[9.092179267209413,51.491905641357455],[9.07781954417886,51.50256052164277]],[[9.07781954417886,51.50256052164277],[9.069862694650556,51.50064508924339]],[[9.069862694650556,51.50064508924339],[9.063021299994633,51.4989981782818]],[[9.063021299994633,51.4989981782818],[9.058076355374228,51.50125772818269]],[[9.058076355374228,51.50125772818269],[9.055744050255152,51.502323455027486]],[[9.055744050255152,51.502323455027486],[9.042635191476624,51.50237112930855]],[[9.042635191476624,51.50237112930855],[9.03853363526171,51.5023860449453]],[[9.03853363526171,51.5023860449453],[9.030655884039435,51.508662910700835]],[[9.030655884039435,51.508662910700835],[9.019199879620665,51.51779086880427]],[[9.019199879620665,51.51779086880427],[8.970815081260376,51.506655553961785]],[[8.970815081260376,51.506655553961785],[8.912425553742123,51.49120470869659]],[[8.912425553742123,51.49120470869659],[8.891270099692095,51.481635443169644]],[[8.891270099692095,51.481635443169644],[8.894185876920162,51.47181398914146]],[[8.894185876920162,51.47181398914146],[8.906928192178702,51.46413723295655]],[[8.906928192178702,51.46413723295655],[8.909903123595335,51.46234495146864]],[[8.909903123595335,51.46234495146864],[8.911896194858114,51.45822264825072]],[[8.911896194858114,51.45822264825072],[8.915421937515163,51.45093029627048]],[[8.915421937515163,51.45093029627048],[8.918315385290054,51.448712463264535]],[[8.918315385290054,51.448712463264535],[8.921783531191998,51.44605412341463]],[[8.921783531191998,51.44605412341463],[8.920812236693493,51.438423954387666]],[[8.920812236693493,51.438423954387666],[8.919842734950906,51.43080788304033]],[[8.919842734950906,51.43080788304033],[8.927970407211332,51.430883922144524]],[[8.927970407211332,51.430883922144524],[8.935865783291721,51.43095778802832]],[[8.935865783291721,51.43095778802832],[8.947526340748365,51.42734883154117]],[[8.947526340748365,51.42734883154117],[8.947015276664189,51.42347027981323]],[[8.947015276664189,51.42347027981323],[8.946584305661512,51.4201995493118]],[[8.946584305661512,51.4201995493118],[8.946405274171648,51.41884086197536]],[[8.946405274171648,51.41884086197536],[8.950388259685292,51.413369336942424]],[[8.950388259685292,51.413369336942424],[8.943478381319924,51.41110519815378]],[[8.943478381319924,51.41110519815378],[8.941804797485295,51.410556820727436]],[[8.941804797485295,51.410556820727436],[8.941920136025498,51.4065425515696]],[[8.941920136025498,51.4065425515696],[8.942194711633878,51.39698605009688]],[[8.942194711633878,51.39698605009688],[8.9371922626811,51.38932453151985]],[[8.9371922626811,51.38932453151985],[8.920777361248586,51.39192223844496]],[[8.920777361248586,51.39192223844496],[8.915912045837773,51.39269218946826]],[[8.915912045837773,51.39269218946826],[8.890211833030252,51.39253630410413]],[[8.890211833030252,51.39253630410413],[8.874579749623345,51.38606729423279]],[[8.874579749623345,51.38606729423279],[8.854046036567645,51.3775698475716]],[[8.854046036567645,51.3775698475716],[8.842763755452387,51.38187073762736]],[[8.842763755452387,51.38187073762736],[8.839293068307105,51.383193790028265]],[[8.839293068307105,51.383193790028265],[8.83567207365417,51.38772442007671]],[[8.83567207365417,51.38772442007671],[8.828163550267998,51.38593360799119]],[[8.828163550267998,51.38593360799119],[8.822859579838758,51.389193148320814]],[[8.822859579838758,51.389193148320814],[8.80416637964904,51.39051660908264]],[[8.80416637964904,51.39051660908264],[8.77141665884562,51.384668825889285]],[[8.77141665884562,51.384668825889285],[8.762675073817862,51.38006938428758]],[[8.762675073817862,51.38006938428758],[8.758341850654885,51.37778943148686]],[[8.758341850654885,51.37778943148686],[8.73179504109705,51.37250341387118]],[[8.73179504109705,51.37250341387118],[8.723784558315513,51.373753061860015]],[[8.723784558315513,51.373753061860015],[8.700534989864192,51.377380034866924]],[[8.700534989864192,51.377380034866924],[8.678754004888122,51.37208325597977]],[[8.678754004888122,51.37208325597977],[8.680118287199246,51.36751972735244]],[[8.680118287199246,51.36751972735244],[8.682043003140198,51.36108153708184]],[[8.682043003140198,51.36108153708184],[8.66302463925058,51.352081526269764]],[[8.66302463925058,51.352081526269764],[8.655865762542208,51.3486937495745]],[[8.655865762542208,51.3486937495745],[8.655173014821795,51.34499029695062]],[[8.655173014821795,51.34499029695062],[8.654318285867408,51.34042088817943]],[[8.654318285867408,51.34042088817943],[8.6472340774724,51.34152596787632]],[[8.6472340774724,51.34152596787632],[8.637831276850916,51.342992727233074]],[[8.637831276850916,51.342992727233074],[8.622665872752018,51.33682919528263]],[[8.622665872752018,51.33682919528263],[8.6206440712134,51.33311381368388]],[[8.6206440712134,51.33311381368388],[8.61802413551303,51.32829927150709]],[[8.61802413551303,51.32829927150709],[8.612816522443534,51.326150354654324]],[[8.612816522443534,51.326150354654324],[8.604950089883532,51.322904277961065]],[[8.604950089883532,51.322904277961065],[8.601615409232947,51.316185738260806]],[[8.601615409232947,51.316185738260806],[8.599253367043712,51.31142681948897]],[[8.599253367043712,51.31142681948897],[8.576953095860594,51.29424591259592]],[[8.576953095860594,51.29424591259592],[8.570510211258872,51.28928208956582]],[[8.570510211258872,51.28928208956582],[8.557494139189092,51.27774058953634]],[[8.557494139189092,51.27774058953634],[8.567815232216365,51.2702595089092]],[[8.567815232216365,51.2702595089092],[8.57786899427915,51.267025414350755]],[[8.57786899427915,51.267025414350755],[8.58734892774207,51.25212619447281]],[[8.58734892774207,51.25212619447281],[8.597290198449372,51.24717941214525]],[[8.597290198449372,51.24717941214525],[8.599253366274406,51.247386675910555]],[[8.599253366274406,51.247386675910555],[8.613383449469964,51.24812763293312]],[[8.613383449469964,51.24812763293312],[8.625148977340901,51.253695538991714]],[[8.625148977340901,51.253695538991714],[8.62612938682496,51.2549288376039]],[[8.62612938682496,51.2549288376039],[8.63097205928069,51.261020636401426]],[[8.63097205928069,51.261020636401426],[8.663599833333594,51.265947681290925]],[[8.663599833333594,51.265947681290925],[8.677851077885496,51.26809972767704]],[[8.677851077885496,51.26809972767704],[8.687064775585906,51.272847959099195]],[[8.687064775585906,51.272847959099195],[8.692380989919187,51.27558764194566]],[[8.692380989919187,51.27558764194566],[8.720259219615645,51.273719592727765]],[[8.720259219615645,51.273719592727765],[8.72322099925068,51.26791390829139]],[[8.72322099925068,51.26791390829139],[8.723817308943683,51.26674502024357]],[[8.723817308943683,51.26674502024357],[8.725124427895032,51.266378547904026]],[[8.725124427895032,51.266378547904026],[8.733358703727408,51.26406992710916]],[[8.733358703727408,51.26406992710916],[8.735392635843988,51.26133997179729]],[[8.735392635843988,51.26133997179729],[8.733074739694795,51.257248325844785]],[[8.733074739694795,51.257248325844785],[8.728543222068952,51.24924910891013]],[[8.728543222068952,51.24924910891013],[8.74110631871927,51.220020176773474]],[[8.74110631871927,51.220020176773474],[8.749848203323877,51.21435805383669]],[[8.749848203323877,51.21435805383669],[8.759601328854224,51.21144237694696]],[[8.759601328854224,51.21144237694696],[8.768194662367177,51.208873417755754]],[[8.768194662367177,51.208873417755754],[8.764353294803222,51.20421115938407]],[[8.764353294803222,51.20421115938407],[8.756539112415345,51.20093493578402]],[[8.756539112415345,51.20093493578402],[8.750558963404456,51.19842766028655]],[[8.750558963404456,51.19842766028655],[8.75008193270812,51.184163752432916]],[[8.75008193270812,51.184163752432916],[8.75088763402209,51.18315503134952]],[[8.75088763402209,51.18315503134952],[8.755361336314763,51.17755404951173]],[[8.755361336314763,51.17755404951173],[8.74735030568631,51.16857203785045]],[[8.74735030568631,51.16857203785045],[8.737282721888496,51.1633656544846]],[[8.737282721888496,51.1633656544846],[8.71303423856578,51.15082570984077]],[[8.71303423856578,51.15082570984077],[8.692161874132784,51.13283394092326]],[[8.692161874132784,51.13283394092326],[8.702980391835295,51.116923062024085]],[[8.702980391835295,51.116923062024085],[8.708274983535489,51.1161325510809]],[[8.708274983535489,51.1161325510809],[8.720330304618221,51.11433262724748]],[[8.720330304618221,51.11433262724748],[8.717152700596158,51.10978993472193]],[[8.717152700596158,51.10978993472193],[8.706218258873427,51.10936534842685]],[[8.706218258873427,51.10936534842685],[8.691162478928705,51.10878072907039]],[[8.691162478928705,51.10878072907039],[8.672644247563257,51.101328906267156]],[[8.672644247563257,51.101328906267156],[8.668438047614368,51.09952960201385]],[[8.668438047614368,51.09952960201385],[8.659470450436572,51.095693495549206]],[[8.659470450436572,51.095693495549206],[8.64936890473483,51.09511318227009]],[[8.64936890473483,51.09511318227009],[8.640396020593347,51.09637395500244]],[[8.640396020593347,51.09637395500244],[8.599253366270496,51.102154874973884]],[[8.599253366270496,51.102154874973884],[8.594033847726507,51.102439425462116]],[[8.594033847726507,51.102439425462116],[8.585246196360535,51.10200757723043]],[[8.585246196360535,51.10200757723043],[8.578426840122239,51.102572083218234]],[[8.578426840122239,51.102572083218234],[8.571715361405044,51.10193105458362]],[[8.571715361405044,51.10193105458362],[8.564631799802978,51.10166761581165]],[[8.564631799802978,51.10166761581165],[8.561065297540555,51.102556403745446]],[[8.561065297540555,51.102556403745446],[8.55836732045339,51.10345364043264]],[[8.55836732045339,51.10345364043264],[8.556274665399926,51.10290607937774]],[[8.556274665399926,51.10290607937774],[8.551020055371795,51.10276401401733]],[[8.551020055371795,51.10276401401733],[8.549085223744141,51.10186801831406]],[[8.549085223744141,51.10186801831406],[8.542960070051626,51.09670021479789]],[[8.542960070051626,51.09670021479789],[8.538795283166818,51.096602737350956]],[[8.538795283166818,51.096602737350956],[8.528376543127804,51.096358885219644]],[[8.528376543127804,51.096358885219644],[8.502740909078197,51.07960423590915]],[[8.502740909078197,51.07960423590915],[8.505546336020105,51.07314483913423]],[[8.505546336020105,51.07314483913423],[8.51454687303089,51.07112964565617]],[[8.51454687303089,51.07112964565617],[8.519497883056083,51.07002112944044]],[[8.519497883056083,51.07002112944044],[8.526038210364556,51.06502790150879]],[[8.526038210364556,51.06502790150879],[8.526416206365251,51.060995707079236]],[[8.526416206365251,51.060995707079236],[8.519648219329971,51.050902859676775]],[[8.519648219329971,51.050902859676775],[8.515104568578135,51.04953701715424]],[[8.515104568578135,51.04953701715424],[8.51338059378506,51.04901878339868]],[[8.51338059378506,51.04901878339868],[8.506332224236052,51.040985248080425]],[[8.506332224236052,51.040985248080425],[8.511120381901916,51.03820421635058]],[[8.511120381901916,51.03820421635058],[8.51331576663931,51.03930397403225]],[[8.51331576663931,51.03930397403225],[8.519781576516747,51.04254295866349]],[[8.519781576516747,51.04254295866349],[8.523864096739203,51.0387348544387]],[[8.523864096739203,51.0387348544387],[8.52543352667198,51.03136142099467]],[[8.52543352667198,51.03136142099467],[8.534598958167507,51.024211445077746]],[[8.534598958167507,51.024211445077746],[8.52907500548786,51.012877374380054]],[[8.52907500548786,51.012877374380054],[8.518832524637363,51.00997819740774]],[[8.518832524637363,51.00997819740774],[8.515586235668628,51.009059320985244]],[[8.515586235668628,51.009059320985244],[8.51527316052144,51.00711059282858]],[[8.51527316052144,51.00711059282858],[8.514985558184762,51.00532040405457]],[[8.514985558184762,51.00532040405457],[8.50861705534959,51.00174809346496]],[[8.50861705534959,51.00174809346496],[8.50058156947989,50.99724071520321]],[[8.50058156947989,50.99724071520321],[8.497977448613947,50.99317628327044]],[[8.497977448613947,50.99317628327044],[8.494756527351655,50.98814916732782]],[[8.494756527351655,50.98814916732782],[8.483748601614467,50.98171279629389]],[[8.483748601614467,50.98171279629389],[8.475487559269206,50.9768825382383]],[[8.475487559269206,50.9768825382383],[8.474016820713997,50.97380817663268]],[[8.474016820713997,50.97380817663268],[8.477892011593559,50.96904734524525]],[[8.477892011593559,50.96904734524525],[8.475274444002245,50.96957793335606]],[[8.475274444002245,50.96957793335606],[8.469218731304453,50.96903602237193]],[[8.469218731304453,50.96903602237193],[8.46589895199405,50.96815347721531]],[[8.46589895199405,50.96815347721531],[8.460007860830615,50.965211228232704]],[[8.460007860830615,50.965211228232704],[8.460519638608863,50.956241081593895]],[[8.460519638608863,50.956241081593895],[8.460923545469537,50.949161665362745]],[[8.460923545469537,50.949161665362745],[8.459016977296413,50.9476888858646]],[[8.459016977296413,50.9476888858646],[8.450318295890927,50.940969357376616]],[[8.450318295890927,50.940969357376616],[8.451027645917135,50.93365425784274]],[[8.451027645917135,50.93365425784274],[8.455252952330616,50.92626643804064]],[[8.455252952330616,50.92626643804064],[8.457887652193529,50.92165974230931]],[[8.457887652193529,50.92165974230931],[8.457019015623231,50.918143502785306]],[[8.457019015623231,50.918143502785306],[8.449050008440883,50.917947135049204]],[[8.449050008440883,50.917947135049204],[8.433668788916977,50.917568118026495]],[[8.433668788916977,50.917568118026495],[8.418995518336587,50.90915135699586]],[[8.418995518336587,50.90915135699586],[8.389045175238813,50.89171870144162]],[[8.389045175238813,50.89171870144162],[8.388272373315191,50.88842689666029]],[[8.388272373315191,50.88842689666029],[8.385478695411008,50.87652703215651]],[[8.385478695411008,50.87652703215651],[8.371442309346316,50.87340478119911]],[[8.371442309346316,50.87340478119911],[8.36639857958757,50.86295048072873]],[[8.36639857958757,50.86295048072873],[8.355496183441447,50.862000849061765]],[[8.355496183441447,50.862000849061765],[8.351914997784965,50.86495987770587]],[[8.351914997784965,50.86495987770587],[8.337235125359776,50.865488556245786]],[[8.337235125359776,50.865488556245786],[8.315929811439783,50.86283619734352]],[[8.315929811439783,50.86283619734352],[8.306544718301392,50.86166782058606]],[[8.306544718301392,50.86166782058606],[8.29460137995403,50.8734196447808]],[[8.29460137995403,50.8734196447808],[8.2931000056356,50.8770630510279]],[[8.2931000056356,50.8770630510279],[8.291298185425147,50.88143555616248]],[[8.291298185425147,50.88143555616248],[8.284251528533785,50.88234495592289]],[[8.284251528533785,50.88234495592289],[8.268038368237772,50.880531984746355]],[[8.268038368237772,50.880531984746355],[8.260344466033276,50.87290072299886]],[[8.260344466033276,50.87290072299886],[8.258616073398871,50.87118640448206]],[[8.258616073398871,50.87118640448206],[8.238233011973607,50.8582725825579]],[[8.238233011973607,50.8582725825579],[8.234318468608828,50.855792496432116]],[[8.234318468608828,50.855792496432116],[8.234214378105017,50.85561399824937]],[[8.234214378105017,50.85561399824937],[8.231313856709871,50.85064003881212]],[[8.231313856709871,50.85064003881212],[8.226714012494414,50.84786735915811]],[[8.226714012494414,50.84786735915811],[8.220868063252754,50.845583629524]],[[8.220868063252754,50.845583629524],[8.214183554423421,50.84157185415572]],[[8.214183554423421,50.84157185415572],[8.211229365421069,50.838615073192]],[[8.211229365421069,50.838615073192],[8.208766126066669,50.83667595285366]],[[8.208766126066669,50.83667595285366],[8.204900453232046,50.83622096119661]],[[8.204900453232046,50.83622096119661],[8.203620892515309,50.83607035624085]],[[8.203620892515309,50.83607035624085],[8.198384760706501,50.83386963871115]],[[8.198384760706501,50.83386963871115],[8.175298895516447,50.81759013768384]],[[8.175298895516447,50.81759013768384],[8.174061368706644,50.81581893264708]],[[8.174061368706644,50.81581893264708],[8.165528816588855,50.80360673850598]],[[8.165528816588855,50.80360673850598],[8.163084589181066,50.802458254076804]],[[8.163084589181066,50.802458254076804],[8.137444494655144,50.79041057245532]],[[8.137444494655144,50.79041057245532],[8.135087417368824,50.79003516873054]],[[8.135087417368824,50.79003516873054],[8.129247744050279,50.789105102618755]],[[8.129247744050279,50.789105102618755],[8.131467412393105,50.77872698131961]],[[8.131467412393105,50.77872698131961],[8.136365574757175,50.77435100507031]],[[8.136365574757175,50.77435100507031],[8.139369950113082,50.77166692142732]],[[8.139369950113082,50.77166692142732],[8.138736253817468,50.76872826775106]],[[8.138736253817468,50.76872826775106],[8.138279939628879,50.76661219521627]],[[8.138279939628879,50.76661219521627],[8.142012841657476,50.76455604207512]],[[8.142012841657476,50.76455604207512],[8.149384084214411,50.760495820045186]],[[8.149384084214411,50.760495820045186],[8.153900241812632,50.75066399278423]],[[8.153900241812632,50.75066399278423],[8.163084589725338,50.744972120037886]],[[8.163084589725338,50.744972120037886],[8.166338121068538,50.735605079033796]],[[8.166338121068538,50.735605079033796],[8.163084589341091,50.73009980508315]],[[8.163084589341091,50.73009980508315],[8.14260627321393,50.69544859120219]],[[8.14260627321393,50.69544859120219],[8.138658177793092,50.69559291767591]],[[8.138658177793092,50.69559291767591],[8.13040599219099,50.69589458448354]],[[8.13040599219099,50.69589458448354],[8.12672869327188,50.69240308479687]],[[8.12672869327188,50.69240308479687],[8.125776634084326,50.685813921922396]],[[12.28354692858069,51.09192402285771],[12.275721753944008,51.09877200919158]],[[12.275721753944008,51.09877200919158],[12.260439962768128,51.098147114418786]],[[12.260439962768128,51.098147114418786],[12.254380224541306,51.09789932298514]],[[12.254380224541306,51.09789932298514],[12.227882426862616,51.10651331478831]],[[12.227882426862616,51.10651331478831],[12.224080955152642,51.111543026442625]],[[12.224080955152642,51.111543026442625],[12.224301795462248,51.12032520910511]],[[12.224301795462248,51.12032520910511],[12.23108747143667,51.12410204613661]],[[12.23108747143667,51.12410204613661],[12.241284292870857,51.12977749212788]],[[12.241284292870857,51.12977749212788],[12.229815060914685,51.13623169577191]],[[12.229815060914685,51.13623169577191],[12.215431771775714,51.138659693528076]],[[12.215431771775714,51.138659693528076],[12.196192329498528,51.14190744343392]],[[12.196192329498528,51.14190744343392],[12.197325375256735,51.158522116667]],[[12.197325375256735,51.158522116667],[12.202261527610993,51.16311450399917]],[[12.202261527610993,51.16311450399917],[12.20517054877827,51.16959968364156]],[[12.20517054877827,51.16959968364156],[12.208190905653026,51.171523447264335]],[[12.208190905653026,51.171523447264335],[12.211391355481883,51.17356191674045]],[[12.211391355481883,51.17356191674045],[12.212175211798158,51.18290673175347]],[[12.212175211798158,51.18290673175347],[12.192075307373582,51.18515266579371]],[[12.192075307373582,51.18515266579371],[12.18440958725982,51.183859943148335]],[[12.18440958725982,51.183859943148335],[12.175325557353615,51.18232804341001]],[[12.175325557353615,51.18232804341001],[12.174460112380656,51.18924093185103]],[[12.174460112380656,51.18924093185103],[12.18022277603332,51.18982419748122]],[[12.18022277603332,51.18982419748122],[12.180710679263262,51.18987358114592]],[[12.180710679263262,51.18987358114592],[12.190668023853153,51.19591709353751]],[[12.190668023853153,51.19591709353751],[12.190720234222994,51.20307409740863]],[[12.190720234222994,51.20307409740863],[12.190730972568165,51.204546265114935]],[[12.190730972568165,51.204546265114935],[12.193726529088247,51.206868644489155]],[[12.193726529088247,51.206868644489155],[12.203646764647566,51.21455955680866]],[[12.203646764647566,51.21455955680866],[12.199646319627352,51.21719947056757]],[[12.199646319627352,51.21719947056757],[12.19756752749236,51.2185712768218]],[[12.19756752749236,51.2185712768218],[12.192933614602705,51.2354646101968]],[[12.192933614602705,51.2354646101968],[12.19410444698089,51.23599202754059]],[[12.19410444698089,51.23599202754059],[12.199492130572525,51.23841898236037]],[[12.199492130572525,51.23841898236037],[12.193538552627551,51.24127013403945]],[[12.193538552627551,51.24127013403945],[12.188945282976084,51.25679009871276]],[[12.188945282976084,51.25679009871276],[12.179916857873382,51.258037499894726]],[[12.179916857873382,51.258037499894726],[12.174755149823486,51.258750660986756]],[[12.174755149823486,51.258750660986756],[12.173841680109545,51.261840070884524]],[[12.173841680109545,51.261840070884524],[12.172791791566679,51.26539085773742]],[[12.172791791566679,51.26539085773742],[12.170822322249514,51.26586735354389]],[[12.170822322249514,51.26586735354389],[12.166727981479692,51.26685794125169]],[[12.166727981479692,51.26685794125169],[12.170904669070827,51.27550845399235]],[[12.170904669070827,51.27550845399235],[12.17181450116076,51.28417791831962]],[[12.17181450116076,51.28417791831962],[12.16879700704101,51.29232147054421]],[[12.16879700704101,51.29232147054421],[12.163210131720744,51.29267518239895]],[[12.163210131720744,51.29267518239895],[12.15807576443587,51.293000245836616]],[[12.15807576443587,51.293000245836616],[12.15567473745,51.30048138979251]],[[12.15567473745,51.30048138979251],[12.156386232231538,51.30531214068603]],[[12.156386232231538,51.30531214068603],[12.149038959635435,51.319823389265025]],[[12.149038959635435,51.319823389265025],[12.160998125423355,51.32092204659485]],[[12.160998125423355,51.32092204659485],[12.16310205197508,51.321115328610006]],[[12.16310205197508,51.321115328610006],[12.163875798953843,51.32194739084861]],[[12.163875798953843,51.32194739084861],[12.168682929832125,51.32711682393378]],[[12.168682929832125,51.32711682393378],[12.183599864328949,51.32897528344849]],[[12.183599864328949,51.32897528344849],[12.190524579255285,51.329838013002394]],[[12.190524579255285,51.329838013002394],[12.19354429657191,51.332518588368046]],[[12.19354429657191,51.332518588368046],[12.190881602112821,51.3496461221246]],[[12.190881602112821,51.3496461221246],[12.192210338261281,51.35312240278223]],[[12.192210338261281,51.35312240278223],[12.194275829691465,51.358526207411145]],[[12.194275829691465,51.358526207411145],[12.190746419953728,51.36141664532603]],[[12.190746419953728,51.36141664532603],[12.18726145887764,51.36427068001553]],[[12.18726145887764,51.36427068001553],[12.188023355255211,51.36571542667083]],[[12.188023355255211,51.36571542667083],[12.189887937947635,51.369251144617664]],[[12.189887937947635,51.369251144617664],[12.184486551056153,51.371298825023004]],[[12.184486551056153,51.371298825023004],[12.183969514779328,51.37149483582841]],[[12.183969514779328,51.37149483582841],[12.184097407559898,51.371913148103765]],[[12.184097407559898,51.371913148103765],[12.185766107218369,51.37737107598602]],[[12.185766107218369,51.37737107598602],[12.180635595702606,51.37737816067398]],[[12.180635595702606,51.37737816067398],[12.177019815808011,51.37738315210223]],[[12.177019815808011,51.37738315210223],[12.17341704573754,51.38397221978121]],[[12.17341704573754,51.38397221978121],[12.17574283474718,51.3851021485904]],[[12.17574283474718,51.3851021485904],[12.18155766321121,51.38792714300337]],[[12.18155766321121,51.38792714300337],[12.177399397654925,51.391833161842214]],[[12.177399397654925,51.391833161842214],[12.176956768089113,51.40492106282938]],[[12.176956768089113,51.40492106282938],[12.175667275512218,51.40693085524906]],[[12.175667275512218,51.40693085524906],[12.173533223052551,51.41025697117601]],[[12.173533223052551,51.41025697117601],[12.178183518566152,51.41039673482074]],[[12.178183518566152,51.41039673482074],[12.180000975078276,51.410451359227075]],[[12.180000975078276,51.410451359227075],[12.183202386945158,51.410770976937066]],[[12.183202386945158,51.410770976937066],[12.182614046973574,51.41435203931695]],[[12.182614046973574,51.41435203931695],[12.18668048880388,51.414441437189275]],[[12.18668048880388,51.414441437189275],[12.189821968012604,51.42085336602799]],[[12.189821968012604,51.42085336602799],[12.186469579434094,51.4218099870786]],[[12.186469579434094,51.4218099870786],[12.185887410364508,51.421976111939884]],[[12.185887410364508,51.421976111939884],[12.185179623759122,51.423478722022814]],[[12.185179623759122,51.423478722022814],[12.180972353732404,51.43241063156575]],[[12.180972353732404,51.43241063156575],[12.172430855683219,51.433755191715605]],[[12.172430855683219,51.433755191715605],[12.168636533729536,51.43138115895183]],[[12.168636533729536,51.43138115895183],[12.16774288658417,51.43082202150921]],[[12.16774288658417,51.43082202150921],[12.158287258615172,51.4329404925969]],[[12.158287258615172,51.4329404925969],[12.157785230967441,51.44329542317538]],[[12.157785230967441,51.44329542317538],[12.15741495417414,51.45093284412364]],[[12.15741495417414,51.45093284412364],[12.155110716704947,51.453189568384886]],[[12.155110716704947,51.453189568384886],[12.148672585891848,51.45949494173033]],[[12.148672585891848,51.45949494173033],[12.150281081908215,51.46277704100901]],[[12.150281081908215,51.46277704100901],[12.163256187554023,51.466274173615794]],[[12.163256187554023,51.466274173615794],[12.174325214869603,51.469257570423274]],[[12.174325214869603,51.469257570423274],[12.175263454593132,51.47354451108973]],[[12.175263454593132,51.47354451108973],[12.177138144337398,51.482110219868105]],[[12.177138144337398,51.482110219868105],[12.193266907900663,51.48444550619057]],[[12.193266907900663,51.48444550619057],[12.202081352090069,51.48572175136742]],[[12.202081352090069,51.48572175136742],[12.20782081585694,51.50093039180556]],[[12.20782081585694,51.50093039180556],[12.197013754928676,51.50576576455942]],[[12.197013754928676,51.50576576455942],[12.193969230304926,51.50712796715564]],[[12.193969230304926,51.50712796715564],[12.191305971821214,51.522054148356276]],[[12.191305971821214,51.522054148356276],[12.19363384683484,51.530673666494614]],[[12.19363384683484,51.530673666494614],[12.19893875162625,51.53132055402929]],[[12.19893875162625,51.53132055402929],[12.211340861893886,51.54182137707213]],[[12.211340861893886,51.54182137707213],[12.2144383159356,51.54279437655537]],[[12.2144383159356,51.54279437655537],[12.230157620644423,51.54773226647841]],[[12.230157620644423,51.54773226647841],[12.231061752743214,51.55228282771094]],[[12.231061752743214,51.55228282771094],[12.235147386709563,51.55377272592036]],[[12.235147386709563,51.55377272592036],[12.23440989442838,51.55757868761349]],[[12.23440989442838,51.55757868761349],[12.233839360582595,51.560523033070616]],[[12.233839360582595,51.560523033070616],[12.241424582825957,51.56573674988367]],[[12.241424582825957,51.56573674988367],[12.246338756319401,51.56566413317944]],[[12.246338756319401,51.56566413317944],[12.248677322380248,51.56293026127567]],[[12.248677322380248,51.56293026127567],[12.251272903417986,51.559895930519566]],[[12.251272903417986,51.559895930519566],[12.290024169671984,51.560798462425566]],[[12.290024169671984,51.560798462425566],[12.293263192207187,51.563662526621066]],[[12.293263192207187,51.563662526621066],[12.295713521663746,51.565829198071455]],[[12.295713521663746,51.565829198071455],[12.3018765649438,51.56686822513309]],[[12.3018765649438,51.56686822513309],[12.312686057184747,51.568690596173816]],[[12.312686057184747,51.568690596173816],[12.316351029762707,51.572255287856144]],[[12.316351029762707,51.572255287856144],[12.322001273990043,51.57775093007789]],[[12.322001273990043,51.57775093007789],[12.337420441113482,51.58009683748282]],[[12.337420441113482,51.58009683748282],[12.341634344183683,51.580737950214065]],[[12.341634344183683,51.580737950214065],[12.34111487684142,51.58147182054497]],[[12.34111487684142,51.58147182054497],[12.33785656297285,51.58607495547314]],[[12.33785656297285,51.58607495547314],[12.341285719186672,51.585017057496444]],[[12.341285719186672,51.585017057496444],[12.347939316307464,51.58401172037302]],[[12.347939316307464,51.58401172037302],[12.348032657923362,51.583997616815694]],[[12.348032657923362,51.583997616815694],[12.348039155764033,51.584048878032405]],[[12.348039155764033,51.584048878032405],[12.348368781272688,51.58664935568551]],[[12.348368781272688,51.58664935568551],[12.356339348157787,51.58526687171693]],[[12.356339348157787,51.58526687171693],[12.358812576332845,51.585170980164676]],[[12.358812576332845,51.585170980164676],[12.35938798311968,51.58503577450447]],[[12.35938798311968,51.58503577450447],[12.367681138030747,51.58308708326151]],[[12.367681138030747,51.58308708326151],[12.368732236295893,51.58475241622981]],[[12.368732236295893,51.58475241622981],[12.370090079322484,51.586903745082026]],[[12.370090079322484,51.586903745082026],[12.391781127999701,51.587760899999665]],[[12.391781127999701,51.587760899999665],[12.406262858465656,51.58361433077647]],[[12.406262858465656,51.58361433077647],[12.410385451404231,51.58243390318666]],[[12.410385451404231,51.58243390318666],[12.424192962545591,51.582635623785045]],[[12.424192962545591,51.582635623785045],[12.42536653469978,51.588704042217636]],[[12.42536653469978,51.588704042217636],[12.427121032183683,51.597776356434814]],[[12.427121032183683,51.597776356434814],[12.435601830169462,51.598946526212906]],[[12.435601830169462,51.598946526212906],[12.437938738938715,51.6050371561022]],[[12.437938738938715,51.6050371561022],[12.444700581070737,51.6095720104327]],[[12.444700581070737,51.6095720104327],[12.461235518255158,51.60367667184876]],[[12.461235518255158,51.60367667184876],[12.485295976739579,51.60400990242101]],[[12.485295976739579,51.60400990242101],[12.486225159919913,51.60129364901304]],[[12.486225159919913,51.60129364901304],[12.481896646316843,51.59839642639226]],[[12.481896646316843,51.59839642639226],[12.478345564972424,51.5960195646642]],[[12.478345564972424,51.5960195646642],[12.482942016404412,51.5939666044347]],[[12.482942016404412,51.5939666044347],[12.496147669093961,51.59726466851997]],[[12.496147669093961,51.59726466851997],[12.497492299888455,51.60051592960327]],[[12.497492299888455,51.60051592960327],[12.498862737828413,51.60382958593414]],[[12.498862737828413,51.60382958593414],[12.507613316025571,51.60774878622792]],[[12.507613316025571,51.60774878622792],[12.524666200406417,51.60634093386791]],[[12.524666200406417,51.60634093386791],[12.530682472637169,51.60499569552313]],[[12.530682472637169,51.60499569552313],[12.539847815044288,51.60294632539493]],[[12.539847815044288,51.60294632539493],[12.542714815968315,51.60504171231334]],[[12.542714815968315,51.60504171231334],[12.546960831345379,51.60814497018336]],[[12.546960831345379,51.60814497018336],[12.548404661609291,51.6082275534336]],[[12.548404661609291,51.6082275534336],[12.558599750943367,51.60881068548753]],[[12.558599750943367,51.60881068548753],[12.564236706095999,51.61420796630144]],[[12.564236706095999,51.61420796630144],[12.574722514223813,51.61660444037375]],[[12.574722514223813,51.61660444037375],[12.580262892166026,51.62606552005166]],[[12.580262892166026,51.62606552005166],[12.593788371760368,51.6186266603005]],[[12.593788371760368,51.6186266603005],[12.600344534021684,51.62288223088327]],[[12.600344534021684,51.62288223088327],[12.60554763028901,51.626259533200404]],[[12.60554763028901,51.626259533200404],[12.620978761324677,51.62742196030993]],[[12.620978761324677,51.62742196030993],[12.626497492257014,51.62501960255714]],[[12.626497492257014,51.62501960255714],[12.626216353759634,51.62272943051101]],[[12.626216353759634,51.62272943051101],[12.623248204424895,51.61925160099971]],[[12.623248204424895,51.61925160099971],[12.621265732344508,51.61692870844828]],[[12.621265732344508,51.61692870844828],[12.609602903573634,51.61091452114457]],[[12.609602903573634,51.61091452114457],[12.646794073215304,51.62005875292303]],[[12.646794073215304,51.62005875292303],[12.649196067012506,51.62361535215593]],[[12.649196067012506,51.62361535215593],[12.650367343544486,51.62534964743759]],[[12.650367343544486,51.62534964743759],[12.660516054021967,51.62949104873899]],[[12.660516054021967,51.62949104873899],[12.664455059873637,51.63109844377534]],[[12.664455059873637,51.63109844377534],[12.665567612240864,51.635000025269186]],[[12.665567612240864,51.635000025269186],[12.667812710954044,51.642873312339105]],[[12.667812710954044,51.642873312339105],[12.687284261845637,51.66184723107517]],[[12.687284261845637,51.66184723107517],[12.71368660716768,51.661667926270916]],[[12.71368660716768,51.661667926270916],[12.738005606435964,51.65578443366183]],[[12.738005606435964,51.65578443366183],[12.747380314348266,51.6518976565752]],[[12.747380314348266,51.6518976565752],[12.751804973689518,51.65006318012989]],[[12.751804973689518,51.65006318012989],[12.77047379204545,51.647305097037176]],[[12.77047379204545,51.647305097037176],[12.78124447296735,51.65332033825264]],[[12.78124447296735,51.65332033825264],[12.782895383992063,51.65514965636123]],[[12.782895383992063,51.65514965636123],[12.79151772805503,51.664703779819675]],[[12.79151772805503,51.664703779819675],[12.800367267066282,51.6661283771156]],[[12.800367267066282,51.6661283771156],[12.80623813709235,51.66707346871634]],[[12.80623813709235,51.66707346871634],[12.811214118776775,51.66895832887026]],[[12.811214118776775,51.66895832887026],[12.830460636660472,51.67624874737103]],[[12.830460636660472,51.67624874737103],[12.830324396772813,51.67827681054887]],[[12.830324396772813,51.67827681054887],[12.83009689800014,51.68166335095507]],[[12.83009689800014,51.68166335095507],[12.844214283962357,51.68395397130023]],[[12.844214283962357,51.68395397130023],[12.856677089641412,51.6780521232856]],[[12.856677089641412,51.6780521232856],[12.86101035347977,51.66946770329048]],[[12.86101035347977,51.66946770329048],[12.86751185381907,51.65658790136394]],[[12.86751185381907,51.65658790136394],[12.880101714811108,51.660013733944794]],[[12.880101714811108,51.660013733944794],[12.88253455645484,51.661913762321944]],[[12.88253455645484,51.661913762321944],[12.887908734604272,51.666110952339935]],[[12.887908734604272,51.666110952339935],[12.89210287715857,51.66560071467016]],[[12.89210287715857,51.66560071467016],[12.89475281033551,51.66193183716043]],[[12.89475281033551,51.66193183716043],[12.893916447951435,51.65918269043492]],[[12.893916447951435,51.65918269043492],[12.89206963878933,51.65311218183086]],[[12.89206963878933,51.65311218183086],[12.901510362829075,51.646184110083155]],[[12.901510362829075,51.646184110083155],[12.912520463407883,51.645006287818305]],[[12.912520463407883,51.645006287818305],[12.912801053809487,51.645192374323706]],[[12.912801053809487,51.645192374323706],[12.918682870942114,51.64909315259291]],[[12.918682870942114,51.64909315259291],[12.929882251782159,51.648639839444826]],[[12.929882251782159,51.648639839444826],[12.937689647706387,51.64187966639019]],[[12.937689647706387,51.64187966639019],[12.942163302499162,51.638006071576164]],[[12.942163302499162,51.638006071576164],[12.951116485401753,51.64383335945857]],[[12.951116485401753,51.64383335945857],[12.951200533528002,51.645037478713675]],[[12.951200533528002,51.645037478713675],[12.951523116016448,51.64965901483875]],[[12.951523116016448,51.64965901483875],[12.963447503199598,51.65048201604186]],[[12.963447503199598,51.65048201604186],[12.970953521249966,51.651000069232055]],[[12.970953521249966,51.651000069232055],[12.969654400848825,51.6568633068133]],[[12.969654400848825,51.6568633068133],[12.968053124259525,51.664090241094556]],[[12.968053124259525,51.664090241094556],[12.972885851715795,51.664116834544274]],[[12.972885851715795,51.664116834544274],[12.978552425200027,51.6641480154211]],[[12.978552425200027,51.6641480154211],[12.97853195605609,51.665188994423595]],[[12.97853195605609,51.665188994423595],[12.97848031978151,51.667815139875266]],[[12.97848031978151,51.667815139875266],[12.983048083481915,51.66883019794297]],[[12.983048083481915,51.66883019794297],[12.995453159642326,51.66887639150216]],[[12.995453159642326,51.66887639150216],[13.002424360888172,51.66465632311205]],[[13.002424360888172,51.66465632311205],[13.00565747785231,51.66269913251422]],[[13.00565747785231,51.66269913251422],[13.008058108399789,51.662775249767186]],[[13.008058108399789,51.662775249767186],[13.013294258905136,51.662941275822185]],[[13.013294258905136,51.662941275822185],[13.019423028910378,51.65518079526913]],[[13.019423028910378,51.65518079526913],[13.018915019878868,51.65123660279042]],[[13.018915019878868,51.65123660279042],[13.018153290907982,51.6453225459743]],[[13.018153290907982,51.6453225459743],[13.023895362953402,51.638168990929195]],[[13.023895362953402,51.638168990929195],[13.051024799527756,51.647676925763285]],[[12.100900624937974,50.318028073181836],[12.092093648060251,50.3256989840062]],[[12.092093648060251,50.3256989840062],[12.092418630452382,50.32890246116278]],[[12.092418630452382,50.32890246116278],[12.087050992444519,50.3312619436377]],[[12.087050992444519,50.3312619436377],[12.082456380336183,50.3291708400743]],[[12.082456380336183,50.3291708400743],[12.07909720677479,50.327642009830655]],[[12.07909720677479,50.327642009830655],[12.073052469218599,50.32959721081469]],[[12.073052469218599,50.32959721081469],[12.064406962522035,50.33239364408573]],[[12.064406962522035,50.33239364408573],[12.057634643974472,50.330855216916476]],[[12.057634643974472,50.330855216916476],[12.057356574822974,50.33030885762699]],[[12.057356574822974,50.33030885762699],[12.056036468263995,50.327715079222585]],[[12.056036468263995,50.327715079222585],[12.04990709167035,50.330524549291106]],[[12.04990709167035,50.330524549291106],[12.047672048036603,50.32583381101208]],[[12.047672048036603,50.32583381101208],[12.043846141510228,50.33092141580475]],[[12.043846141510228,50.33092141580475],[12.043187319302351,50.331797505303264]],[[12.043187319302351,50.331797505303264],[12.03989159127378,50.331100714049036]],[[12.03989159127378,50.331100714049036],[12.033298887001214,50.329706869481164]],[[12.033298887001214,50.329706869481164],[12.031028769240567,50.335661724544316]],[[12.031028769240567,50.335661724544316],[12.029525850902074,50.33960410094067]],[[12.029525850902074,50.33960410094067],[12.024880122023578,50.34006178015191]],[[12.024880122023578,50.34006178015191],[12.019917827683118,50.34055064441037]],[[12.019917827683118,50.34055064441037],[12.015742443868199,50.34486020827493]],[[12.015742443868199,50.34486020827493],[12.014058029539811,50.34659875186195]],[[12.014058029539811,50.34659875186195],[12.008592542361583,50.3465757549405]],[[12.008592542361583,50.3465757549405],[11.999544248536207,50.34653768375649]],[[11.999544248536207,50.34653768375649],[11.998413128806247,50.34901820429411]],[[11.998413128806247,50.34901820429411],[11.996479094045707,50.35325950016337]],[[11.996479094045707,50.35325950016337],[11.988776009741915,50.351330534348804]],[[11.988776009741915,50.351330534348804],[11.984202358598337,50.35018522455184]],[[11.984202358598337,50.35018522455184],[11.976043554004816,50.35229263041252]],[[11.976043554004816,50.35229263041252],[11.979955440118985,50.35566103097379]],[[11.979955440118985,50.35566103097379],[11.98178248985055,50.35723424585301]],[[11.98178248985055,50.35723424585301],[11.97988831176086,50.36933303492342]],[[11.97988831176086,50.36933303492342],[11.983629640022002,50.37533480564958]],[[11.983629640022002,50.37533480564958],[11.979752236594123,50.37977237497271]],[[11.979752236594123,50.37977237497271],[11.981302161068818,50.38484436657787]],[[11.981302161068818,50.38484436657787],[11.979468339139826,50.3897937928511]],[[11.979468339139826,50.3897937928511],[11.972396615090249,50.39219192089108]],[[11.972396615090249,50.39219192089108],[11.965837961159552,50.39891547006834]],[[11.965837961159552,50.39891547006834],[11.956916756965738,50.39613266581525]],[[11.956916756965738,50.39613266581525],[11.9514631018434,50.394431499863764]],[[11.9514631018434,50.394431499863764],[11.948390296363607,50.39922361835512]],[[11.948390296363607,50.39922361835512],[11.95027170534755,50.402247723158]],[[11.95027170534755,50.402247723158],[11.952811907841244,50.40633074748574]],[[11.952811907841244,50.40633074748574],[11.944689081231205,50.41173895259523]],[[11.944689081231205,50.41173895259523],[11.944145336615387,50.41647058770535]],[[11.944145336615387,50.41647058770535],[11.934595483328284,50.42278626494421]],[[11.934595483328284,50.42278626494421],[11.919323121843766,50.42472801408931]],[[13.051024799527756,51.647676925763285],[13.08793150194665,51.608708207994226]],[[13.08793150194665,51.608708207994226],[13.104654156273998,51.608740676858766]],[[13.104654156273998,51.608740676858766],[13.105690535631,51.61182003528197]],[[13.105690535631,51.61182003528197],[13.11031912671841,51.61365324420304]],[[13.11031912671841,51.61365324420304],[13.120239958892613,51.61758250652044]],[[13.120239958892613,51.61758250652044],[13.132150994963444,51.60843862819995]],[[13.132150994963444,51.60843862819995],[13.14360020019563,51.59964928754881]],[[13.14360020019563,51.59964928754881],[13.148908354922739,51.59990535324064]],[[13.148908354922739,51.59990535324064],[13.154954822752238,51.60019703578732]],[[13.154954822752238,51.60019703578732],[13.160584493044409,51.592271328409396]],[[13.160584493044409,51.592271328409396],[13.155357611433733,51.588916804191676]],[[13.155357611433733,51.588916804191676],[13.149518166675463,51.58079954561688]],[[13.149518166675463,51.58079954561688],[13.142047454026878,51.57041471061468]],[[13.142047454026878,51.57041471061468],[13.146763328969687,51.5642083261646]],[[13.146763328969687,51.5642083261646],[13.157529032220884,51.56383228815044]],[[13.157529032220884,51.56383228815044],[13.160826741984167,51.558969616770035]],[[13.160826741984167,51.558969616770035],[13.173735217449178,51.55827349831279]],[[13.173735217449178,51.55827349831279],[13.184069356662029,51.557716206709465]],[[13.184069356662029,51.557716206709465],[13.187395465038934,51.55189013932201]],[[13.187395465038934,51.55189013932201],[13.189392395361317,51.54459712586435]],[[13.189392395361317,51.54459712586435],[13.190987313091776,51.53877230835282]],[[13.190987313091776,51.53877230835282],[13.20116189525438,51.52639901551271]],[[13.20116189525438,51.52639901551271],[13.201203930688365,51.52637918454593]],[[13.201203930688365,51.52637918454593],[13.207199022687426,51.52355088064573]],[[13.207199022687426,51.52355088064573],[13.208013006050818,51.50947861733451]],[[13.208013006050818,51.50947861733451],[13.204071015102715,51.504736529706726]],[[13.204071015102715,51.504736529706726],[13.202876315797644,51.503299345130245]],[[13.202876315797644,51.503299345130245],[13.202848659042429,51.50262538296113]],[[13.202848659042429,51.50262538296113],[13.202631106401563,51.49732402985897]],[[13.202631106401563,51.49732402985897],[13.19824964010719,51.49473067444153]],[[13.19824964010719,51.49473067444153],[13.197901151591429,51.494524407400476]],[[13.197901151591429,51.494524407400476],[13.198030880085666,51.49435514916948]],[[13.198030880085666,51.49435514916948],[13.200119387221577,51.491630255475066]],[[13.200119387221577,51.491630255475066],[13.19839969225471,51.48957232222305]],[[13.19839969225471,51.48957232222305],[13.194686985985639,51.4886149962082]],[[13.194686985985639,51.4886149962082],[13.193569289279582,51.488326797464225]],[[13.193569289279582,51.488326797464225],[13.182296680159622,51.491959601131654]],[[13.182296680159622,51.491959601131654],[13.186543630862419,51.485540152190076]],[[13.186543630862419,51.485540152190076],[13.183011291396179,51.47510075740404]],[[13.183011291396179,51.47510075740404],[13.184284069321018,51.47015855677214]],[[13.184284069321018,51.47015855677214],[13.193543281994069,51.463280593608765]],[[13.193543281994069,51.463280593608765],[13.203711846970753,51.4557271411122]],[[13.203711846970753,51.4557271411122],[13.202028555555666,51.449632309253325]],[[13.202028555555666,51.449632309253325],[13.191225230890987,51.43795634521807]],[[13.191225230890987,51.43795634521807],[13.188397661680447,51.43798311102241]],[[13.188397661680447,51.43798311102241],[13.18545097108392,51.43801100555683]],[[13.18545097108392,51.43801100555683],[13.175608654590574,51.432161533655474]],[[13.175608654590574,51.432161533655474],[13.17663884332455,51.42702429488402]],[[13.17663884332455,51.42702429488402],[13.187554786545393,51.42545790056247]],[[13.187554786545393,51.42545790056247],[13.187838619562386,51.43127217832526]],[[13.187838619562386,51.43127217832526],[13.188641583477649,51.43210271932575]],[[13.188641583477649,51.43210271932575],[13.19127644857894,51.43482807641725]],[[13.19127644857894,51.43482807641725],[13.20118507782907,51.431521313164325]],[[13.20118507782907,51.431521313164325],[13.203137154556408,51.41587460611091]],[[13.203137154556408,51.41587460611091],[13.2101499634963,51.40473586696714]],[[13.2101499634963,51.40473586696714],[13.21696411493391,51.395574373349156]],[[13.21696411493391,51.395574373349156],[13.24346163092709,51.39318743537142]],[[13.24346163092709,51.39318743537142],[13.255812881547618,51.391869969655836]],[[13.255812881547618,51.391869969655836],[13.267650449783275,51.38529056021578]],[[13.267650449783275,51.38529056021578],[13.269280996202735,51.3896059366401]],[[13.269280996202735,51.3896059366401],[13.260791046944453,51.39528726700891]],[[13.260791046944453,51.39528726700891],[13.259959010551238,51.39584405181619]],[[13.259959010551238,51.39584405181619],[13.26033035714712,51.39944756677006]],[[13.26033035714712,51.39944756677006],[13.276984997851349,51.39964495118817]],[[13.276984997851349,51.39964495118817],[13.285247928521699,51.39974288056019]],[[13.285247928521699,51.39974288056019],[13.285994254001183,51.40368498757994]],[[13.285994254001183,51.40368498757994],[13.287402869284744,51.411125323409394]],[[13.287402869284744,51.411125323409394],[13.306074604908552,51.41844873843459]],[[13.306074604908552,51.41844873843459],[13.32708185425661,51.426688185951235]],[[13.32708185425661,51.426688185951235],[13.32543128940752,51.43268042383009]],[[13.32543128940752,51.43268042383009],[13.325229993338985,51.43341121484713]],[[13.325229993338985,51.43341121484713],[13.320322990672922,51.43750036963616]],[[13.320322990672922,51.43750036963616],[13.32989626138348,51.43740541366769]],[[13.32989626138348,51.43740541366769],[13.333353387444246,51.43744090492013]],[[13.333353387444246,51.43744090492013],[13.333405828743585,51.43532439803439]],[[13.333405828743585,51.43532439803439],[13.333595866825059,51.43482718477433]],[[13.333595866825059,51.43482718477433],[13.33423290191746,51.433160464972694]],[[13.33423290191746,51.433160464972694],[13.3363999729621,51.43083046409106]],[[13.3363999729621,51.43083046409106],[13.337948736496863,51.42916454805939]],[[13.337948736496863,51.42916454805939],[13.352221341495568,51.4319359688348]],[[13.352221341495568,51.4319359688348],[13.359099716226236,51.43327159554646]],[[13.359099716226236,51.43327159554646],[13.370807984693528,51.429050781633244]],[[13.370807984693528,51.429050781633244],[13.380442739877324,51.42557746558483]],[[13.380442739877324,51.42557746558483],[13.382320776914792,51.42791401351806]],[[13.382320776914792,51.42791401351806],[13.38024097280874,51.43100416400224]],[[13.38024097280874,51.43100416400224],[13.378208242057486,51.43402437298569]],[[13.378208242057486,51.43402437298569],[13.386978837552217,51.44076912085629]],[[13.386978837552217,51.44076912085629],[13.38961231704379,51.44812932101567]],[[13.38961231704379,51.44812932101567],[13.400736955677546,51.45325799931866]],[[13.400736955677546,51.45325799931866],[13.405957517948027,51.451738927088684]],[[13.405957517948027,51.451738927088684],[13.409447154699027,51.443219941937116]],[[13.409447154699027,51.443219941937116],[13.42542861216238,51.432330273777445]],[[13.42542861216238,51.432330273777445],[13.424924816272503,51.428020353931274]],[[13.424924816272503,51.428020353931274],[13.424419225838035,51.42369507966046]],[[13.424419225838035,51.42369507966046],[13.434258796661137,51.42647939531824]],[[13.434258796661137,51.42647939531824],[13.44529691695189,51.42960286719344]],[[13.44529691695189,51.42960286719344],[13.45259017815576,51.42331804502041]],[[13.45259017815576,51.42331804502041],[13.464646809200117,51.42423334635583]],[[13.464646809200117,51.42423334635583],[13.467636867199438,51.420709656963005]],[[13.467636867199438,51.420709656963005],[13.464544233366103,51.41434971694707]],[[13.464544233366103,51.41434971694707],[13.463281773097915,51.41175349234907]],[[13.463281773097915,51.41175349234907],[13.475175930274602,51.41003649811421]],[[13.475175930274602,51.41003649811421],[13.489171261420665,51.40801618787532]],[[13.489171261420665,51.40801618787532],[13.491886173376235,51.40597560661154]],[[13.491886173376235,51.40597560661154],[13.495143213320594,51.403527551465416]],[[13.495143213320594,51.403527551465416],[13.505448872335407,51.402679624360324]],[[13.505448872335407,51.402679624360324],[13.515174615929128,51.401879410774406]],[[13.515174615929128,51.401879410774406],[13.521035932064754,51.40062849666119]],[[13.521035932064754,51.40062849666119],[13.522874545179612,51.38957265802225]],[[13.522874545179612,51.38957265802225],[13.524199157595397,51.38160758674401]],[[13.524199157595397,51.38160758674401],[13.530467951416378,51.38118780765284]],[[13.530467951416378,51.38118780765284],[13.536180624872067,51.380805268321225]],[[13.536180624872067,51.380805268321225],[13.537768294798886,51.37715651266312]],[[13.537768294798886,51.37715651266312],[13.538565926757029,51.376344421348584]],[[13.538565926757029,51.376344421348584],[13.545169785810746,51.369620842726015]],[[13.545169785810746,51.369620842726015],[13.549138493645946,51.37543751749899]],[[13.549138493645946,51.37543751749899],[13.551307645760646,51.378616702986214]],[[13.551307645760646,51.378616702986214],[13.569962214038068,51.38566608089913]],[[13.569962214038068,51.38566608089913],[13.589854919751746,51.38423509790991]],[[13.589854919751746,51.38423509790991],[13.588817926871904,51.38121422766204]],[[13.588817926871904,51.38121422766204],[13.59207567697244,51.375384845411844]],[[13.59207567697244,51.375384845411844],[13.595136734394597,51.369907423008165]],[[13.595136734394597,51.369907423008165],[13.60559777648979,51.36952900758059]],[[13.60559777648979,51.36952900758059],[13.617225245847061,51.37105741621845]],[[13.617225245847061,51.37105741621845],[13.659869753541038,51.369262792031705]],[[13.659869753541038,51.369262792031705],[13.665575554721618,51.37305775542927]],[[13.665575554721618,51.37305775542927],[13.668895391153749,51.3752658003312]],[[13.668895391153749,51.3752658003312],[13.67281032693518,51.37332694969121]],[[13.67281032693518,51.37332694969121],[13.682634592837111,51.36846153237772]],[[13.682634592837111,51.36846153237772],[13.691250283931069,51.374013068121734]],[[13.691250283931069,51.374013068121734],[13.710497030612892,51.36433307637769]],[[13.710497030612892,51.36433307637769],[13.714939227195961,51.36434073219988]],[[13.714939227195961,51.36434073219988],[13.719101275333651,51.364347904387806]],[[13.719101275333651,51.364347904387806],[13.720030674777705,51.36434950575758]],[[13.720030674777705,51.36434950575758],[13.727617913749986,51.3643625815932]],[[13.727617913749986,51.3643625815932],[13.739111645208663,51.36120199279883]],[[13.739111645208663,51.36120199279883],[13.740841706473226,51.36126249294919]],[[13.740841706473226,51.36126249294919],[13.754738021742282,51.36891002176504]],[[13.754738021742282,51.36891002176504],[13.758456442349619,51.37095637128003]],[[13.758456442349619,51.37095637128003],[13.767599431825216,51.36928536410535]],[[13.767599431825216,51.36928536410535],[13.764984844579505,51.366185185129105]],[[13.764984844579505,51.366185185129105],[13.762996174330207,51.363827172131195]],[[13.762996174330207,51.363827172131195],[13.765259312624673,51.36078203066353]],[[13.765259312624673,51.36078203066353],[13.776537428572757,51.36277491032945]],[[13.776537428572757,51.36277491032945],[13.777544691772745,51.363934518337665]],[[13.777544691772745,51.363934518337665],[13.782524990259905,51.36966806929239]],[[13.782524990259905,51.36966806929239],[13.806134667340052,51.372730562395844]],[[13.806134667340052,51.372730562395844],[13.811706915095206,51.37153677687842]],[[13.811706915095206,51.37153677687842],[13.819431129783833,51.369881961503474]],[[13.819431129783833,51.369881961503474],[13.826485222768207,51.37436598818169]],[[13.826485222768207,51.37436598818169],[13.827871011088432,51.37513384069634]],[[13.827871011088432,51.37513384069634],[13.829090303893986,51.375809438000395]],[[13.829090303893986,51.375809438000395],[13.83110904196459,51.37655296831234]],[[13.83110904196459,51.37655296831234],[13.835312829888633,51.37678989805276]],[[13.835312829888633,51.37678989805276],[13.836171367957974,51.38326788881383]],[[13.836171367957974,51.38326788881383],[13.861771168403134,51.3815470332586]],[[13.861771168403134,51.3815470332586],[13.86357120684691,51.38048466034175]],[[13.86357120684691,51.38048466034175],[13.870065499519312,51.3766517591836]],[[13.870065499519312,51.3766517591836],[13.883679124756924,51.37520805767087]],[[13.883679124756924,51.37520805767087],[13.907995527357238,51.37880378490735]],[[13.907995527357238,51.37880378490735],[13.909142181290287,51.38111786263331]],[[13.909142181290287,51.38111786263331],[13.910292214440709,51.38343876010002]],[[13.910292214440709,51.38343876010002],[13.932903501703608,51.38817257004649]],[[13.932903501703608,51.38817257004649],[13.940345328449508,51.38973056162117]],[[13.940345328449508,51.38973056162117],[13.943191398506821,51.39122703385174]],[[13.943191398506821,51.39122703385174],[13.952679526736436,51.39621592225748]],[[13.952679526736436,51.39621592225748],[13.963678468129515,51.395908568598195]],[[13.963678468129515,51.395908568598195],[13.967183407616755,51.394595043984765]],[[13.967183407616755,51.394595043984765],[13.971907301648757,51.39282470119987]],[[13.971907301648757,51.39282470119987],[13.971767595951992,51.385208270624226]],[[13.971767595951992,51.385208270624226],[13.971597689689352,51.375945454081055]],[[13.971597689689352,51.375945454081055],[14.000697479955713,51.37259606243153]],[[14.000697479955713,51.37259606243153],[13.99905885574352,51.377767844865765]],[[13.99905885574352,51.377767844865765],[13.9971736573937,51.38371785718004]],[[13.9971736573937,51.38371785718004],[14.004033081736196,51.388015108072025]],[[14.004033081736196,51.388015108072025],[14.006798304693046,51.38974744889503]],[[14.006798304693046,51.38974744889503],[14.005899683376152,51.39186044283147]],[[14.005899683376152,51.39186044283147],[14.004405537420281,51.395373743588145]],[[14.004405537420281,51.395373743588145],[14.010535622253327,51.397812963315054]],[[14.010535622253327,51.397812963315054],[14.012089366677609,51.39770036300697]],[[14.012089366677609,51.39770036300697],[14.026936733837285,51.39662437426871]],[[14.026936733837285,51.39662437426871],[14.025074484439633,51.400074239760905]],[[14.025074484439633,51.400074239760905],[14.01754456525428,51.40118686028931]],[[14.01754456525428,51.40118686028931],[14.017474789964654,51.401484421415184]],[[14.017474789964654,51.401484421415184],[14.016689151107578,51.404834829243136]],[[14.016689151107578,51.404834829243136],[14.028530696864463,51.40930978399056]],[[14.028530696864463,51.40930978399056],[14.036849463467245,51.41679812637827]],[[14.036849463467245,51.41679812637827],[14.040193767097525,51.417447873213455]],[[14.040193767097525,51.417447873213455],[14.042492639349689,51.41789450933112]],[[14.042492639349689,51.41789450933112],[14.044589788430812,51.418753532556494]],[[14.044589788430812,51.418753532556494],[14.043144215490855,51.42431298594202]],[[14.043144215490855,51.42431298594202],[14.040614084928162,51.426446335792754]],[[14.040614084928162,51.426446335792754],[14.038244900263475,51.42844398176389]],[[14.038244900263475,51.42844398176389],[14.040731571055616,51.42927345822451]],[[14.040731571055616,51.42927345822451],[14.042795037577726,51.429961766304466]],[[14.042795037577726,51.429961766304466],[14.041253350014406,51.434320097522004]],[[14.041253350014406,51.434320097522004],[14.040414438536898,51.43669169213831]],[[14.040414438536898,51.43669169213831],[14.049148580976386,51.44108716185516]],[[14.049148580976386,51.44108716185516],[14.059091273145599,51.44609083418188]],[[14.059091273145599,51.44609083418188],[14.054040052253864,51.45197246983032]],[[14.054040052253864,51.45197246983032],[14.054011344263776,51.45200589931078]],[[14.054011344263776,51.45200589931078],[14.05400861986952,51.452032349137085]],[[14.05400861986952,51.452032349137085],[14.053049790095285,51.46134102311308]],[[14.053049790095285,51.46134102311308],[14.047177059834391,51.46504593843838]],[[14.047177059834391,51.46504593843838],[14.037065661706249,51.47142489138063]],[[14.037065661706249,51.47142489138063],[14.035728476493517,51.476384934465585]],[[14.035728476493517,51.476384934465585],[14.04237143491026,51.4788382115457]],[[14.04237143491026,51.4788382115457],[14.055246213478611,51.47595520107293]],[[14.055246213478611,51.47595520107293],[14.071855730811334,51.47223588207983]],[[14.071855730811334,51.47223588207983],[14.087503453225786,51.479522011521595]],[[14.087503453225786,51.479522011521595],[14.079572468346303,51.487675204778334]],[[14.079572468346303,51.487675204778334],[14.075058265580683,51.492315885963386]],[[14.075058265580683,51.492315885963386],[14.080981772096662,51.49404524296471]],[[14.080981772096662,51.49404524296471],[14.093954597341748,51.49783263539779]],[[14.093954597341748,51.49783263539779],[14.100010340417999,51.51167433513234]],[[14.100010340417999,51.51167433513234],[14.1011543265533,51.51428916240023]],[[14.1011543265533,51.51428916240023],[14.10711125306303,51.52078300599501]],[[14.10711125306303,51.52078300599501],[14.125184020408867,51.52216872687994]],[[14.125184020408867,51.52216872687994],[14.137251225640677,51.523093975781414]],[[14.137251225640677,51.523093975781414],[14.134543214818315,51.52724413894144]],[[14.134543214818315,51.52724413894144],[14.130357229698363,51.53365937318186]],[[14.130357229698363,51.53365937318186],[14.134383155766741,51.54075942748238]],[[14.134383155766741,51.54075942748238],[14.141421567822281,51.543656670442765]],[[14.141421567822281,51.543656670442765],[14.16095429101977,51.541325888346805]],[[14.16095429101977,51.541325888346805],[14.163324720625358,51.54104303211374]],[[14.163324720625358,51.54104303211374],[14.213610835706083,51.539596118219315]],[[14.213610835706083,51.539596118219315],[14.247750472350912,51.528797821911816]],[[14.247750472350912,51.528797821911816],[14.257879259461964,51.53224366371597]],[[14.257879259461964,51.53224366371597],[14.277476786939108,51.53108753192199]],[[14.277476786939108,51.53108753192199],[14.322116313693853,51.51940436936445]],[[14.322116313693853,51.51940436936445],[14.327359881712223,51.507363074467804]],[[14.327359881712223,51.507363074467804],[14.337884607990384,51.506372579369646]],[[14.337884607990384,51.506372579369646],[14.342511087564873,51.513484453001375]],[[14.342511087564873,51.513484453001375],[14.340571128240484,51.52014052593314]],[[14.340571128240484,51.52014052593314],[14.354191617788043,51.52132342282784]],[[14.354191617788043,51.52132342282784],[14.375797258867317,51.53289224732493]],[[14.375797258867317,51.53289224732493],[14.385446804186271,51.53440521597903]],[[14.385446804186271,51.53440521597903],[14.387923934952154,51.540730227264504]],[[14.387923934952154,51.540730227264504],[14.398359221833863,51.5415100864206]],[[14.398359221833863,51.5415100864206],[14.409425635542794,51.53777525720931]],[[14.409425635542794,51.53777525720931],[14.439011763642506,51.544215688842236]],[[14.439011763642506,51.544215688842236],[14.447770934697989,51.5420690274846]],[[14.447770934697989,51.5420690274846],[14.447196683477985,51.5519562989965]],[[14.447196683477985,51.5519562989965],[14.45236614256439,51.55574886679472]],[[14.45236614256439,51.55574886679472],[14.498814122016462,51.55912524356886]],[[14.498814122016462,51.55912524356886],[14.516618046773408,51.554800036723975]],[[14.516618046773408,51.554800036723975],[14.547487179825227,51.563617348812826]],[[14.547487179825227,51.563617348812826],[14.54443859759334,51.57361508732484]],[[14.54443859759334,51.57361508732484],[14.558980098492864,51.5731868141191]],[[14.558980098492864,51.5731868141191],[14.569634859441367,51.58119054588964]],[[14.569634859441367,51.58119054588964],[14.57903879927051,51.58029221906264]],[[14.57903879927051,51.58029221906264],[14.583582453982821,51.57530903889772]],[[14.583582453982821,51.57530903889772],[14.599025919737972,51.57175012737466]],[[14.599025919737972,51.57175012737466],[14.60184901658874,51.56204313311344]],[[14.60184901658874,51.56204313311344],[14.609887247318278,51.550150068826945]],[[14.609887247318278,51.550150068826945],[14.628401860871852,51.550451526739856]],[[14.628401860871852,51.550451526739856],[14.643205942442258,51.55417773348648]],[[14.643205942442258,51.55417773348648],[14.675624073859202,51.55146964597938]],[[14.675624073859202,51.55146964597938],[14.688179157126147,51.55943934705324]],[[14.688179157126147,51.55943934705324],[14.696083784193831,51.575381689814904]],[[14.696083784193831,51.575381689814904],[14.705544203526708,51.57710094970186]],[[14.705544203526708,51.57710094970186],[14.696647512730946,51.59666095522065]],[[14.696647512730946,51.59666095522065],[14.710015341497387,51.59616247168217]],[[14.710015341497387,51.59616247168217],[14.729861788905849,51.58177711183472]],[[13.103102730355543,51.61520511152974],[13.10362397433426,51.61350575617118]],[[13.10362397433426,51.61350575617118],[13.103851017600139,51.61276554910468]],[[13.103851017600139,51.61276554910468],[13.099059898251154,51.611758884657185]],[[13.099059898251154,51.611758884657185],[13.098710802140243,51.61339752459273]],[[13.098710802140243,51.61339752459273],[13.097815328687073,51.6176008123835]],[[13.097815328687073,51.6176008123835],[13.103102730355543,51.61520511152974]],[[11.919323121843766,50.42472801408931],[11.925229289001054,50.42757801014043]],[[11.925229289001054,50.42757801014043],[11.926248145060466,50.4321443394101]],[[11.926248145060466,50.4321443394101],[11.91198565427227,50.43432903792367]],[[11.91198565427227,50.43432903792367],[11.898251250523723,50.436432845177336]],[[11.898251250523723,50.436432845177336],[11.88953923733786,50.44255024838322]],[[11.88953923733786,50.44255024838322],[11.89404595373937,50.44472505787751]],[[11.89404595373937,50.44472505787751],[11.894137398294275,50.44518018823599]],[[11.894137398294275,50.44518018823599],[11.894375790085546,50.44636667913553]],[[11.894375790085546,50.44636667913553],[11.894996885492944,50.44945789278428]],[[11.894996885492944,50.44945789278428],[11.917781391572941,50.45472078671187]],[[11.917781391572941,50.45472078671187],[11.931686076467225,50.4622615812887]],[[11.931686076467225,50.4622615812887],[11.941207564812942,50.45830990702664]],[[11.941207564812942,50.45830990702664],[11.946210189471019,50.45623368185967]],[[11.946210189471019,50.45623368185967],[11.946183696578466,50.46356159974652]],[[11.946183696578466,50.46356159974652],[11.942371381144165,50.46735911575022]],[[11.942371381144165,50.46735911575022],[11.93833290203304,50.47138191715965]],[[11.93833290203304,50.47138191715965],[11.947271618390651,50.47856367517621]],[[11.947271618390651,50.47856367517621],[11.948337207445697,50.47875201051109]],[[11.948337207445697,50.47875201051109],[11.960266010164817,50.48086034090007]],[[11.960266010164817,50.48086034090007],[11.963072273408708,50.48490590122886]],[[11.963072273408708,50.48490590122886],[11.962036252463962,50.48995094641688]],[[11.962036252463962,50.48995094641688],[11.954806321363552,50.4938185634122]],[[11.954806321363552,50.4938185634122],[11.951963877951465,50.495339114572594]],[[11.951963877951465,50.495339114572594],[11.94667291259162,50.502010063819405]],[[11.94667291259162,50.502010063819405],[11.94381367534633,50.50561504539846]],[[11.94381367534633,50.50561504539846],[11.943303462107496,50.50540358029355]],[[11.943303462107496,50.50540358029355],[11.939280024953675,50.50373600363032]],[[11.939280024953675,50.50373600363032],[11.933335746603975,50.50708656879849]],[[11.933335746603975,50.50708656879849],[11.932580473803851,50.516203154786346]],[[11.932580473803851,50.516203154786346],[11.932215287983391,50.52061117487618]],[[11.932215287983391,50.52061117487618],[11.925247900583503,50.52539658888626]],[[11.925247900583503,50.52539658888626],[11.917158017357403,50.523932048869035]],[[11.917158017357403,50.523932048869035],[11.916589851368572,50.51993576967713]],[[11.916589851368572,50.51993576967713],[11.916167435691083,50.516964657659884]],[[11.916167435691083,50.516964657659884],[11.887935125615043,50.51760329496728]],[[11.887935125615043,50.51760329496728],[11.872940376354682,50.537947726052955]],[[11.872940376354682,50.537947726052955],[11.873898031468308,50.54178955702698]],[[11.873898031468308,50.54178955702698],[11.885743768140067,50.55176529562892]],[[11.885743768140067,50.55176529562892],[11.898925039606322,50.55359709267803]],[[11.898925039606322,50.55359709267803],[11.910297032500495,50.55517745624336]],[[11.910297032500495,50.55517745624336],[11.91281387286154,50.55664236600469]],[[11.91281387286154,50.55664236600469],[11.917586438787357,50.55942020423978]],[[11.917586438787357,50.55942020423978],[11.9198783276517,50.55819132109844]],[[11.9198783276517,50.55819132109844],[11.922972680895572,50.55653216787505]],[[11.922972680895572,50.55653216787505],[11.923748189577774,50.55903982854254]],[[11.923748189577774,50.55903982854254],[11.923835634868977,50.55932258717072]],[[11.923835634868977,50.55932258717072],[11.925011400238292,50.56312450611486]],[[11.925011400238292,50.56312450611486],[11.93257620267682,50.56895236989937]],[[11.93257620267682,50.56895236989937],[11.927208733249987,50.58032596149352]],[[11.927208733249987,50.58032596149352],[11.924757940900177,50.58551915925795]],[[11.924757940900177,50.58551915925795],[11.944137312206722,50.591275411344824]],[[11.944137312206722,50.591275411344824],[11.954552781812007,50.597071819774065]],[[11.954552781812007,50.597071819774065],[11.959110422692047,50.60325372791606]],[[11.959110422692047,50.60325372791606],[11.964025407276058,50.60178522733328]],[[11.964025407276058,50.60178522733328],[11.967644245415233,50.60070398963319]],[[11.967644245415233,50.60070398963319],[11.986733346833995,50.60978491379372]],[[11.986733346833995,50.60978491379372],[11.985133243116492,50.612939613491065]],[[11.985133243116492,50.612939613491065],[11.980735768004061,50.62160949858525]],[[11.980735768004061,50.62160949858525],[11.999435706456863,50.6277046001288]],[[11.999435706456863,50.6277046001288],[12.003475147337284,50.63434501222935]],[[12.003475147337284,50.63434501222935],[12.010245236359113,50.63489811351583]],[[12.010245236359113,50.63489811351583],[12.020560229725582,50.626029941205296]],[[12.020560229725582,50.626029941205296],[12.013444031079155,50.619182180302445]],[[12.013444031079155,50.619182180302445],[12.005985554585273,50.61200505339616]],[[12.005985554585273,50.61200505339616],[12.021160792990663,50.59904574391492]],[[12.021160792990663,50.59904574391492],[12.024408693253296,50.5984872868181]],[[12.024408693253296,50.5984872868181],[12.032076137123095,50.597168917120406]],[[12.032076137123095,50.597168917120406],[12.035393427306271,50.59323723574529]],[[12.035393427306271,50.59323723574529],[12.031983866595864,50.58354838033709]],[[12.031983866595864,50.58354838033709],[12.034133391276741,50.58078719872873]],[[12.034133391276741,50.58078719872873],[12.028948597412988,50.576743112957644]],[[12.028948597412988,50.576743112957644],[12.017535553963613,50.567841053822924]],[[12.017535553963613,50.567841053822924],[12.030777018054078,50.55719120686805]],[[12.030777018054078,50.55719120686805],[12.031494072456383,50.55069279285514]],[[12.031494072456383,50.55069279285514],[12.041485953303077,50.55315027259076]],[[12.041485953303077,50.55315027259076],[12.053217768470589,50.55167486505569]],[[12.053217768470589,50.55167486505569],[12.075260897331027,50.55720011699586]],[[12.075260897331027,50.55720011699586],[12.07764472342594,50.567417777536065]],[[12.07764472342594,50.567417777536065],[12.079847171075444,50.57685800807471]],[[12.079847171075444,50.57685800807471],[12.101517932284851,50.57894045514039]],[[12.101517932284851,50.57894045514039],[12.104813334193672,50.57509396238205]],[[12.104813334193672,50.57509396238205],[12.106441922215607,50.57319302424588]],[[12.106441922215607,50.57319302424588],[12.119999220946985,50.56720342491694]],[[12.119999220946985,50.56720342491694],[12.128261704735154,50.57358515454056]],[[12.128261704735154,50.57358515454056],[12.136196567523957,50.57349559482332]],[[12.136196567523957,50.57349559482332],[12.154957638113785,50.573617451125884]],[[12.154957638113785,50.573617451125884],[12.159393659688694,50.579623661923215]],[[12.159393659688694,50.579623661923215],[12.158579982584278,50.583118427508474]],[[12.158579982584278,50.583118427508474],[12.145663774048604,50.58534138827123]],[[12.145663774048604,50.58534138827123],[12.135147739802216,50.58285780792668]],[[12.135147739802216,50.58285780792668],[12.133965864063198,50.58257868268395]],[[12.133965864063198,50.58257868268395],[12.111397784844565,50.58919591082224]],[[12.111397784844565,50.58919591082224],[12.116414388537565,50.59712890790382]],[[12.116414388537565,50.59712890790382],[12.133566459904259,50.60207953507579]],[[12.133566459904259,50.60207953507579],[12.145647310564508,50.60556644788135]],[[12.145647310564508,50.60556644788135],[12.149854095832188,50.615690076313484]],[[12.149854095832188,50.615690076313484],[12.148943507983713,50.61773591216029]],[[12.148943507983713,50.61773591216029],[12.146775460580166,50.62260690351791]],[[12.146775460580166,50.62260690351791],[12.152219672802767,50.6296690039551]],[[12.152219672802767,50.6296690039551],[12.169193033845772,50.62874074247172]],[[12.169193033845772,50.62874074247172],[12.174726395797983,50.62470465550843]],[[12.174726395797983,50.62470465550843],[12.175261252420915,50.620769745113854]],[[12.175261252420915,50.620769745113854],[12.176125571431523,50.61441100842857]],[[12.176125571431523,50.61441100842857],[12.182966498038619,50.61248479534721]],[[12.182966498038619,50.61248479534721],[12.190734337259077,50.61552324073565]],[[12.190734337259077,50.61552324073565],[12.189376137162613,50.62392640779417]],[[12.189376137162613,50.62392640779417],[12.195450225382364,50.62917235362231]],[[12.195450225382364,50.62917235362231],[12.198830446711867,50.632091714787286]],[[12.198830446711867,50.632091714787286],[12.199436123263055,50.64075372478568]],[[12.199436123263055,50.64075372478568],[12.213335415078362,50.635157297513345]],[[12.213335415078362,50.635157297513345],[12.22300577926441,50.63126361169743]],[[12.22300577926441,50.63126361169743],[12.229766406358882,50.63157844048254]],[[12.229766406358882,50.63157844048254],[12.23339742290893,50.62756451352684]],[[12.23339742290893,50.62756451352684],[12.240512158102588,50.62941758552184]],[[12.240512158102588,50.62941758552184],[12.245669676882466,50.63312915368052]],[[12.245669676882466,50.63312915368052],[12.264345905169037,50.6312392443815]],[[12.264345905169037,50.6312392443815],[12.264870960660868,50.63710868928094]],[[12.264870960660868,50.63710868928094],[12.265433074220342,50.643392409918924]],[[12.265433074220342,50.643392409918924],[12.277218038061953,50.644028861733155]],[[12.277218038061953,50.644028861733155],[12.279951458473967,50.64417648029553]],[[12.279951458473967,50.64417648029553],[12.282513424004264,50.646996766805714]],[[12.282513424004264,50.646996766805714],[12.282867021110079,50.64738601740826]],[[12.282867021110079,50.64738601740826],[12.283559919134808,50.64758329762343]],[[12.283559919134808,50.64758329762343],[12.298476614285116,50.651830315083586]],[[12.298476614285116,50.651830315083586],[12.302285024815163,50.65807816317076]],[[12.302285024815163,50.65807816317076],[12.304733491715403,50.66209497214944]],[[12.304733491715403,50.66209497214944],[12.307850143080142,50.66239958637401]],[[12.307850143080142,50.66239958637401],[12.317718132238587,50.66336405967245]],[[12.317718132238587,50.66336405967245],[12.314893155500998,50.670359262441956]],[[12.314893155500998,50.670359262441956],[12.318916289297261,50.67653238238069]],[[12.318916289297261,50.67653238238069],[12.320924139783697,50.68182893458069]],[[12.320924139783697,50.68182893458069],[12.314810390411228,50.68524434249324]],[[12.314810390411228,50.68524434249324],[12.308482083037292,50.68322003791884]],[[12.308482083037292,50.68322003791884],[12.28706593046671,50.68555429450589]],[[12.28706593046671,50.68555429450589],[12.274421525248842,50.68693247293682]],[[12.274421525248842,50.68693247293682],[12.264040966357149,50.694492880357345]],[[12.264040966357149,50.694492880357345],[12.26247548746655,50.698982991275294]],[[12.26247548746655,50.698982991275294],[12.26425808334593,50.70185340174195]],[[12.26425808334593,50.70185340174195],[12.264855234314167,50.70281496065261]],[[12.264855234314167,50.70281496065261],[12.26118549375543,50.70749151353661]],[[12.26118549375543,50.70749151353661],[12.254574180539036,50.715916680201126]],[[12.254574180539036,50.715916680201126],[12.261725872153065,50.72057634031762]],[[12.261725872153065,50.72057634031762],[12.273429767602027,50.72820197214642]],[[12.273429767602027,50.72820197214642],[12.263704501104415,50.73704034077188]],[[12.263704501104415,50.73704034077188],[12.252459468624366,50.73575605704152]],[[12.252459468624366,50.73575605704152],[12.235823813776577,50.73385611595985]],[[12.235823813776577,50.73385611595985],[12.229017146101585,50.73969509958208]],[[12.229017146101585,50.73969509958208],[12.228084087814658,50.74760392127888]],[[12.228084087814658,50.74760392127888],[12.229311767896679,50.757159880333276]],[[12.229311767896679,50.757159880333276],[12.24012485217429,50.766372241370284]],[[12.24012485217429,50.766372241370284],[12.257157808942575,50.76298840109412]],[[12.257157808942575,50.76298840109412],[12.265759874606214,50.76127947835382]],[[12.265759874606214,50.76127947835382],[12.284145442414147,50.773971214803424]],[[12.284145442414147,50.773971214803424],[12.29016101610582,50.78342690425708]],[[12.29016101610582,50.78342690425708],[12.286120728074904,50.78920606098429]],[[12.286120728074904,50.78920606098429],[12.275980024545985,50.789084440883954]],[[12.275980024545985,50.789084440883954],[12.255504783852533,50.78883887631728]],[[12.255504783852533,50.78883887631728],[12.253536062925638,50.79333796372734]],[[12.253536062925638,50.79333796372734],[12.252646343573751,50.79766357278407]],[[12.252646343573751,50.79766357278407],[12.252111405653485,50.80026432804989]],[[12.252111405653485,50.80026432804989],[12.24959554835752,50.80265011773419]],[[12.24959554835752,50.80265011773419],[12.24283555544761,50.809060627393606]],[[12.24283555544761,50.809060627393606],[12.247714771271554,50.8128420664333]],[[12.247714771271554,50.8128420664333],[12.249703636246247,50.81438345861672]],[[12.249703636246247,50.81438345861672],[12.250495470131911,50.818537440049816]],[[12.250495470131911,50.818537440049816],[12.260393706941757,50.812148375276074]],[[12.260393706941757,50.812148375276074],[12.270474274075635,50.8132536263565]],[[12.270474274075635,50.8132536263565],[12.276195498969653,50.81701410117911]],[[12.276195498969653,50.81701410117911],[12.27853671769991,50.81057349415009]],[[12.27853671769991,50.81057349415009],[12.282492699274478,50.810358175338614]],[[12.282492699274478,50.810358175338614],[12.285527225950732,50.81230679089098]],[[12.285527225950732,50.81230679089098],[12.286437431611976,50.81989383087268]],[[12.286437431611976,50.81989383087268],[12.286448188873926,50.819983494238095]],[[12.286448188873926,50.819983494238095],[12.290598664722781,50.82265592765754]],[[12.290598664722781,50.82265592765754],[12.293248374291652,50.820150865303056]],[[12.293248374291652,50.820150865303056],[12.296760494537049,50.81683047176439]],[[12.296760494537049,50.81683047176439],[12.300970924121843,50.81678501150405]],[[12.300970924121843,50.81678501150405],[12.299386394599114,50.82038250423311]],[[12.299386394599114,50.82038250423311],[12.296650168168762,50.82659478898628]],[[12.296650168168762,50.82659478898628],[12.299336233774042,50.82961805212387]],[[12.299336233774042,50.82961805212387],[12.306470745128363,50.820649855763385]],[[12.306470745128363,50.820649855763385],[12.307592311777514,50.819240029023355]],[[12.307592311777514,50.819240029023355],[12.332292110600532,50.8207557192851]],[[12.332292110600532,50.8207557192851],[12.347034851514772,50.82439520390133]],[[12.347034851514772,50.82439520390133],[12.347599644827449,50.83184823705393]],[[12.347599644827449,50.83184823705393],[12.347980715982377,50.836876871623915]],[[12.347980715982377,50.836876871623915],[12.367556277258576,50.84740601747497]],[[12.367556277258576,50.84740601747497],[12.373596716617998,50.848960012101074]],[[12.373596716617998,50.848960012101074],[12.376471807244313,50.853301296696365]],[[12.376471807244313,50.853301296696365],[12.378493230653024,50.84955549753814]],[[12.378493230653024,50.84955549753814],[12.385949152901109,50.8495541880941]],[[12.385949152901109,50.8495541880941],[12.402798856645086,50.84955122806663]],[[12.402798856645086,50.84955122806663],[12.406003183786288,50.85376745256962]],[[12.406003183786288,50.85376745256962],[12.407934602794683,50.85630879529761]],[[12.407934602794683,50.85630879529761],[12.412752778575769,50.85671491309985]],[[12.412752778575769,50.85671491309985],[12.416936249866481,50.854787734726415]],[[12.416936249866481,50.854787734726415],[12.414029814773224,50.84880378300414]],[[12.414029814773224,50.84880378300414],[12.412922974542544,50.84652494964917]],[[12.412922974542544,50.84652494964917],[12.420206271812386,50.839589648100606]],[[12.420206271812386,50.839589648100606],[12.426132779339758,50.84234617516797]],[[12.426132779339758,50.84234617516797],[12.42880968848222,50.84359125491735]],[[12.42880968848222,50.84359125491735],[12.434897906204862,50.84370585917707]],[[12.434897906204862,50.84370585917707],[12.44098147196849,50.843820374630525]],[[12.44098147196849,50.843820374630525],[12.441554024751587,50.84911175409226]],[[12.441554024751587,50.84911175409226],[12.447494244483677,50.85656064612217]],[[12.447494244483677,50.85656064612217],[12.446521134568883,50.85831435004196]],[[12.446521134568883,50.85831435004196],[12.444151934964053,50.862584041543975]],[[12.444151934964053,50.862584041543975],[12.4506130557482,50.867861743481384]],[[12.4506130557482,50.867861743481384],[12.45466093847271,50.86854474737608]],[[12.45466093847271,50.86854474737608],[12.464025662508977,50.870124870607775]],[[12.464025662508977,50.870124870607775],[12.461843791366595,50.87757241675637]],[[12.461843791366595,50.87757241675637],[12.460810959335513,50.881097855415085]],[[12.460810959335513,50.881097855415085],[12.480070211255269,50.88808112911131]],[[12.480070211255269,50.88808112911131],[12.486665788430349,50.8938971391281]],[[12.486665788430349,50.8938971391281],[12.503910212953766,50.894039533184134]],[[12.503910212953766,50.894039533184134],[12.511120381971626,50.89409907008501]],[[12.511120381971626,50.89409907008501],[12.510079489296585,50.89903428348627]],[[12.510079489296585,50.89903428348627],[12.509111318467749,50.903624704843864]],[[12.509111318467749,50.903624704843864],[12.519838109004953,50.906968572808864]],[[12.519838109004953,50.906968572808864],[12.523572250324223,50.90462702295216]],[[12.523572250324223,50.90462702295216],[12.526551127219312,50.90275907256907]],[[12.526551127219312,50.90275907256907],[12.537634557147495,50.90112079361577]],[[12.537634557147495,50.90112079361577],[12.553573686378181,50.90480803028409]],[[12.553573686378181,50.90480803028409],[12.558314635547866,50.90590476515062]],[[12.558314635547866,50.90590476515062],[12.561596647497975,50.904856435244255]],[[12.561596647497975,50.904856435244255],[12.573426054735423,50.901077922626826]],[[12.573426054735423,50.901077922626826],[12.58473538017635,50.90402097981042]],[[12.58473538017635,50.90402097981042],[12.606530959955874,50.90512753777346]],[[12.606530959955874,50.90512753777346],[12.614504814685983,50.90553236823982]],[[12.614504814685983,50.90553236823982],[12.62006128973386,50.90938156540979]],[[12.62006128973386,50.90938156540979],[12.63308044951656,50.9052877181944]],[[12.63308044951656,50.9052877181944],[12.64012080841585,50.90307389212961]],[[12.64012080841585,50.90307389212961],[12.64174205422141,50.91054525156599]],[[12.64174205422141,50.91054525156599],[12.641978506199068,50.9116349253166]],[[12.641978506199068,50.9116349253166],[12.643583095793833,50.912718858088304]],[[12.643583095793833,50.912718858088304],[12.652863131015794,50.91898771508315]],[[12.652863131015794,50.91898771508315],[12.652865525858246,50.92367806148584]],[[12.652865525858246,50.92367806148584],[12.644407335811033,50.92687718733448]],[[12.644407335811033,50.92687718733448],[12.640695087210236,50.93260451882527]],[[12.640695087210236,50.93260451882527],[12.640546995287126,50.93283299887958]],[[12.640546995287126,50.93283299887958],[12.639429568336555,50.93353272094702]],[[12.639429568336555,50.93353272094702],[12.625541147692664,50.942229499169926]],[[12.625541147692664,50.942229499169926],[12.62824770155013,50.943746812756316]],[[12.62824770155013,50.943746812756316],[12.629232726786313,50.944299023479246]],[[12.629232726786313,50.944299023479246],[12.620998117598457,50.97551369510491]],[[12.620998117598457,50.97551369510491],[12.617354822231611,50.980793091176515]],[[12.617354822231611,50.980793091176515],[12.608381777173253,50.99009602193837]],[[12.608381777173253,50.99009602193837],[12.60815842601984,50.990781097111366]],[[12.60815842601984,50.990781097111366],[12.606439637753072,50.996053032313604]],[[12.606439637753072,50.996053032313604],[12.58286488665386,50.98947118588981]],[[12.58286488665386,50.98947118588981],[12.582178112481298,50.988706056408795]],[[12.582178112481298,50.988706056408795],[12.578706916006466,50.9848388297916]],[[12.578706916006466,50.9848388297916],[12.572835020760605,50.98877461069463]],[[12.572835020760605,50.98877461069463],[12.566764329623505,50.99284363976782]],[[12.566764329623505,50.99284363976782],[12.552090399351224,50.99767667708471]],[[12.552090399351224,50.99767667708471],[12.541615505825854,50.99819800981457]],[[12.541615505825854,50.99819800981457],[12.527549969766707,50.998898046026724]],[[12.527549969766707,50.998898046026724],[12.528573484642315,51.00235752599745]],[[12.528573484642315,51.00235752599745],[12.536916026714533,51.0055376059994]],[[12.536916026714533,51.0055376059994],[12.539356372997766,51.00646783704018]],[[12.539356372997766,51.00646783704018],[12.536523771033858,51.01351744749288]],[[12.536523771033858,51.01351744749288],[12.535622153783303,51.01576134185724]],[[12.535622153783303,51.01576134185724],[12.53630034894224,51.01806263714108]],[[12.53630034894224,51.01806263714108],[12.537958622842952,51.02368959508615]],[[12.537958622842952,51.02368959508615],[12.520233390947908,51.02343351834479]],[[12.520233390947908,51.02343351834479],[12.516162061092418,51.026826285608585]],[[12.516162061092418,51.026826285608585],[12.515624127336226,51.02095400549598]],[[12.515624127336226,51.02095400549598],[12.515405771152986,51.018570335843755]],[[12.515405771152986,51.018570335843755],[12.508490901006503,51.01742357381655]],[[12.508490901006503,51.01742357381655],[12.509814616088295,51.023660454050145]],[[12.509814616088295,51.023660454050145],[12.51044873737622,51.026648212319735]],[[12.51044873737622,51.026648212319735],[12.508806584518819,51.02851996938504]],[[12.508806584518819,51.02851996938504],[12.503700579869408,51.03433988101893]],[[12.503700579869408,51.03433988101893],[12.503244709105397,51.04842184557339]],[[12.503244709105397,51.04842184557339],[12.502959997339477,51.051294355927]],[[12.502959997339477,51.051294355927],[12.50395034984108,51.05193085710518]],[[12.50395034984108,51.05193085710518],[12.507627356199515,51.05429407724068]],[[12.507627356199515,51.05429407724068],[12.50152263907091,51.06407611485794]],[[12.50152263907091,51.06407611485794],[12.481557810877224,51.06425004373516]],[[12.481557810877224,51.06425004373516],[12.47053786437086,51.064346045764864]],[[12.47053786437086,51.064346045764864],[12.461429426458391,51.06930409525252]],[[12.461429426458391,51.06930409525252],[12.459766130059554,51.077628381670685]],[[12.459766130059554,51.077628381670685],[12.458382986794925,51.084550588250316]],[[12.458382986794925,51.084550588250316],[12.453039765752742,51.08263575484984]],[[12.453039765752742,51.08263575484984],[12.452035620912962,51.081011788288826]],[[12.452035620912962,51.081011788288826],[12.449629296104884,51.07712012278797]],[[12.449629296104884,51.07712012278797],[12.421292774125233,51.0779896104573]],[[12.421292774125233,51.0779896104573],[12.410448207390031,51.07285495660069]],[[12.410448207390031,51.07285495660069],[12.398712560867219,51.07993254825082]],[[12.398712560867219,51.07993254825082],[12.392721604168967,51.0835456038739]],[[12.392721604168967,51.0835456038739],[12.381595256809007,51.07958610039658]],[[12.381595256809007,51.07958610039658],[12.376041146149914,51.077609573278224]],[[12.376041146149914,51.077609573278224],[12.368021755470993,51.07859896901787]],[[12.368021755470993,51.07859896901787],[12.355142274772659,51.083839300129014]],[[12.355142274772659,51.083839300129014],[12.355458651124083,51.088600550128646]],[[12.355458651124083,51.088600550128646],[12.3557963405586,51.093682517189954]],[[12.3557963405586,51.093682517189954],[12.352051653663882,51.09618805883562]],[[12.352051653663882,51.09618805883562],[12.332073507436675,51.103217753362465]],[[12.332073507436675,51.103217753362465],[12.32766539706904,51.100100561457914]],[[12.32766539706904,51.100100561457914],[12.319426672503225,51.09427455305891]],[[12.319426672503225,51.09427455305891],[12.306636739210461,51.09620329002601]],[[12.306636739210461,51.09620329002601],[12.304133714256103,51.09658074858418]],[[12.304133714256103,51.09658074858418],[12.299995271033982,51.094972416671055]],[[12.299995271033982,51.094972416671055],[12.291149423308434,51.091534637754386]],[[12.291149423308434,51.091534637754386],[12.28354692858069,51.09192402285771]],[[10.701372107169034,51.64218763762723],[10.693889698101698,51.64476672678222]],[[10.693889698101698,51.64476672678222],[10.68587797250452,51.65435788652598]],[[10.68587797250452,51.65435788652598],[10.682146672361064,51.66068568532117]],[[10.682146672361064,51.66068568532117],[10.671095035913055,51.667212333638325]],[[10.671095035913055,51.667212333638325],[10.666170059667062,51.683669646219755]],[[10.666170059667062,51.683669646219755],[10.66404163642941,51.69079818296263]],[[10.66404163642941,51.69079818296263],[10.667682318645015,51.694128922476246]],[[10.667682318645015,51.694128922476246],[10.671744166471084,51.697844972565676]],[[10.671744166471084,51.697844972565676],[10.66971627909619,51.704061218373894]],[[10.66971627909619,51.704061218373894],[10.665795945360783,51.711467572345015]],[[10.665795945360783,51.711467572345015],[10.656962879033834,51.717495109790114]],[[10.656962879033834,51.717495109790114],[10.656623842695918,51.71752829923283]],[[10.656623842695918,51.71752829923283],[10.650783803248464,51.718100013185754]],[[10.650783803248464,51.718100013185754],[10.643269264012881,51.725145109587665]],[[10.643269264012881,51.725145109587665],[10.641283916792181,51.73156873043103]],[[10.641283916792181,51.73156873043103],[10.632948783293473,51.737798861049875]],[[10.632948783293473,51.737798861049875],[10.629524141655981,51.74982037808498]],[[10.629524141655981,51.74982037808498],[10.627215216334577,51.757925388857196]],[[10.627215216334577,51.757925388857196],[10.618496015305706,51.75980099730711]],[[10.618496015305706,51.75980099730711],[10.605641841000182,51.762566088297504]],[[10.605641841000182,51.762566088297504],[10.602559349366773,51.76379940336603]],[[10.602559349366773,51.76379940336603],[10.600997099523779,51.76488651574941]],[[10.600997099523779,51.76488651574941],[10.598246682573599,51.76592600215802]],[[10.598246682573599,51.76592600215802],[10.58176162377911,51.78028176568296]],[[10.58176162377911,51.78028176568296],[10.583649582052267,51.78521753617073]],[[10.583649582052267,51.78521753617073],[10.585101644410638,51.789013725988994]],[[10.585101644410638,51.789013725988994],[10.583561156800549,51.79824484952752]],[[10.583561156800549,51.79824484952752],[10.57928953159448,51.80489694497022]],[[10.57928953159448,51.80489694497022],[10.575129705646775,51.81137494053606]],[[10.575129705646775,51.81137494053606],[10.579238878488521,51.828271678046775]],[[10.579238878488521,51.828271678046775],[10.580486281129062,51.82918157195713]],[[10.580486281129062,51.82918157195713],[10.588155990694027,51.834776086631344]],[[10.588155990694027,51.834776086631344],[10.585425464342926,51.83926652971306]],[[10.585425464342926,51.83926652971306],[10.582299038099254,51.84064249737771]],[[10.582299038099254,51.84064249737771],[10.576971026681942,51.842987401311795]],[[10.576971026681942,51.842987401311795],[10.583938740899105,51.85155941923]],[[10.583938740899105,51.85155941923],[10.593309023745253,51.853342243293895]],[[10.593309023745253,51.853342243293895],[10.600678396591762,51.85474436628333]],[[10.600678396591762,51.85474436628333],[10.616505666880737,51.86876889470743]],[[10.616505666880737,51.86876889470743],[10.63533661539984,51.87662336738666]],[[10.63533661539984,51.87662336738666],[10.648751774756061,51.8892025997839]],[[10.648751774756061,51.8892025997839],[10.650001119334025,51.900770324346496]],[[10.650001119334025,51.900770324346496],[10.646558840699397,51.90922259465674]],[[10.646558840699397,51.90922259465674],[10.637515100968121,51.9158680070584]],[[10.637515100968121,51.9158680070584],[10.629192596994521,51.91794551601879]],[[10.629192596994521,51.91794551601879],[10.627634746705706,51.918334395224825]],[[10.627634746705706,51.918334395224825],[10.61438528309643,51.92190248786324]],[[10.61438528309643,51.92190248786324],[10.617395939488992,51.931338970683285]],[[10.617395939488992,51.931338970683285],[10.617471669787012,51.93157633654863]],[[10.617471669787012,51.93157633654863],[10.617182839477245,51.93212344931721]],[[10.617182839477245,51.93212344931721],[10.61380902561794,51.93851428749813]],[[10.61380902561794,51.93851428749813],[10.62341459841861,51.94722238567531]],[[10.62341459841861,51.94722238567531],[10.629797424120579,51.94905504205934]],[[10.629797424120579,51.94905504205934],[10.6432946955368,51.95293042038457]],[[10.6432946955368,51.95293042038457],[10.649838696451177,51.95803346833321]],[[10.649838696451177,51.95803346833321],[10.641808920301184,51.961942609270366]],[[10.641808920301184,51.961942609270366],[10.629423496927313,51.95970945152295]],[[10.629423496927313,51.95970945152295],[10.620973560181291,51.958185883459684]],[[10.620973560181291,51.958185883459684],[10.61930116921725,51.96431751376644]],[[10.61930116921725,51.96431751376644],[10.61876881040342,51.96626934476899]],[[10.61876881040342,51.96626934476899],[10.610341238596945,51.9683964075133]],[[10.610341238596945,51.9683964075133],[10.607197532115313,51.96918985810641]],[[10.607197532115313,51.96918985810641],[10.607010985077144,51.96991246447381]],[[10.607010985077144,51.96991246447381],[10.605233917710127,51.976796063571285]],[[10.605233917710127,51.976796063571285],[10.593150442652888,51.97622229919844]],[[10.593150442652888,51.97622229919844],[10.58730261897512,51.9759446250063]],[[10.58730261897512,51.9759446250063],[10.585452268667332,51.98257692517231]],[[10.585452268667332,51.98257692517231],[10.585035369430871,51.98407123864582]],[[10.585035369430871,51.98407123864582],[10.561227170684953,52.00406591890172]],[[10.561227170684953,52.00406591890172],[10.572891267454185,52.0062246081632]],[[10.572891267454185,52.0062246081632],[10.574904949281699,52.01038654116771]],[[10.574904949281699,52.01038654116771],[10.589537202476043,52.01136178873145]],[[10.589537202476043,52.01136178873145],[10.594018420052768,52.0140527239519]],[[10.594018420052768,52.0140527239519],[10.599577371316176,52.00967365345691]],[[10.599577371316176,52.00967365345691],[10.602212415438492,52.00759789386482]],[[10.602212415438492,52.00759789386482],[10.636390169495154,52.014485920625084]],[[10.636390169495154,52.014485920625084],[10.639591479761352,52.01862007176052]],[[10.639591479761352,52.01862007176052],[10.642416224322636,52.02226792886199]],[[10.642416224322636,52.02226792886199],[10.647876350939855,52.02401894631984]],[[10.647876350939855,52.02401894631984],[10.655986047805763,52.0266196591469]],[[10.655986047805763,52.0266196591469],[10.65146718550679,52.035045025098206]],[[10.65146718550679,52.035045025098206],[10.647886549532616,52.04172107682987]],[[10.647886549532616,52.04172107682987],[10.657775666498171,52.043057413984606]],[[10.657775666498171,52.043057413984606],[10.658636655267816,52.04317376150237]],[[10.658636655267816,52.04317376150237],[10.67228071087901,52.04501751264229]],[[10.67228071087901,52.04501751264229],[10.7017682095303,52.04969410845727]],[[10.7017682095303,52.04969410845727],[10.722114360415324,52.04965902044566]],[[10.722114360415324,52.04965902044566],[10.74407325167402,52.048790097993894]],[[10.74407325167402,52.048790097993894],[10.755973009533394,52.04646022870064]],[[10.755973009533394,52.04646022870064],[10.761662389746608,52.045346297174476]],[[10.761662389746608,52.045346297174476],[10.765963550166722,52.0467975495579]],[[10.765963550166722,52.0467975495579],[10.775376976443528,52.04997372799424]],[[10.775376976443528,52.04997372799424],[10.80148890439614,52.04799702790046]],[[10.80148890439614,52.04799702790046],[10.830503386433115,52.047959555147884]],[[10.830503386433115,52.047959555147884],[10.841476588845712,52.05024934804279]],[[10.841476588845712,52.05024934804279],[10.858060193072573,52.05192516636283]],[[10.858060193072573,52.05192516636283],[10.87336235430714,52.05832089521012]],[[10.87336235430714,52.05832089521012],[10.947887832261596,52.05866759329985]],[[10.947887832261596,52.05866759329985],[10.964385542040205,52.0566827491698]],[[10.964385542040205,52.0566827491698],[10.972449903722925,52.07368968495467]],[[10.972449903722925,52.07368968495467],[10.970496038540743,52.084999604516355]],[[10.970496038540743,52.084999604516355],[10.965438857182454,52.08669923667238]],[[10.965438857182454,52.08669923667238],[10.944093908454517,52.09387290882575]],[[10.944093908454517,52.09387290882575],[10.941627289307796,52.0962659047576]],[[10.941627289307796,52.0962659047576],[10.942159751721386,52.10309052671736]],[[10.942159751721386,52.10309052671736],[10.961473517445354,52.10485615747417]],[[10.961473517445354,52.10485615747417],[10.976907398338785,52.106267094196966]],[[10.976907398338785,52.106267094196966],[11.00963984308172,52.12054895282381]],[[11.00963984308172,52.12054895282381],[11.01477432823373,52.1250904046473]],[[11.01477432823373,52.1250904046473],[11.017899211035727,52.12785436356046]],[[11.017899211035727,52.12785436356046],[11.027914643530782,52.13033508782743]],[[11.027914643530782,52.13033508782743],[11.030184378901287,52.130940423876496]],[[11.030184378901287,52.130940423876496],[11.044474767161804,52.13475166139297]],[[11.044474767161804,52.13475166139297],[11.045889433330538,52.14361923853413]],[[11.045889433330538,52.14361923853413],[11.051516691782847,52.14859338228971]],[[11.051516691782847,52.14859338228971],[11.059322231391157,52.15370975337524]],[[11.059322231391157,52.15370975337524],[11.055759486239317,52.16021837684013]],[[11.055759486239317,52.16021837684013],[11.060807234789404,52.16556629959065]],[[11.060807234789404,52.16556629959065],[11.060336806962784,52.17238735455939]],[[11.060336806962784,52.17238735455939],[11.048059169246592,52.172258124393174]],[[11.048059169246592,52.172258124393174],[11.035324416096731,52.1721240833032]],[[11.035324416096731,52.1721240833032],[11.019704146853144,52.17807694393629]],[[11.019704146853144,52.17807694393629],[11.013956887597004,52.18363969956944]],[[11.013956887597004,52.18363969956944],[11.014359800334994,52.198502084737854]],[[11.014359800334994,52.198502084737854],[11.020974051675934,52.200192485408785]],[[11.020974051675934,52.200192485408785],[11.023020801000637,52.200715572634515]],[[11.023020801000637,52.200715572634515],[11.022964201293433,52.201161466812216]],[[11.022964201293433,52.201161466812216],[11.022470298612475,52.20505246500214]],[[11.022470298612475,52.20505246500214],[11.026360759785698,52.21007328812313]],[[11.026360759785698,52.21007328812313],[11.037033222017609,52.211024814763526]],[[11.037033222017609,52.211024814763526],[11.044883626592602,52.21505599164962]],[[11.044883626592602,52.21505599164962],[11.053480742837133,52.216019608607425]],[[11.053480742837133,52.216019608607425],[11.077184925463852,52.21867651624471]],[[11.077184925463852,52.21867651624471],[11.079665191331575,52.224718897461955]],[[11.079665191331575,52.224718897461955],[11.086243773173315,52.22863388374531]],[[11.086243773173315,52.22863388374531],[11.074742667090064,52.24202639506756]],[[11.074742667090064,52.24202639506756],[11.066501407064704,52.24172209470985]],[[11.066501407064704,52.24172209470985],[11.059703034306297,52.24147107086624]],[[11.059703034306297,52.24147107086624],[11.053263751973978,52.25302641765304]],[[11.053263751973978,52.25302641765304],[11.05367189067648,52.25378973734474]],[[11.05367189067648,52.25378973734474],[11.056312318194108,52.258727984953566]],[[11.056312318194108,52.258727984953566],[11.050671590626507,52.26784820067754]],[[11.050671590626507,52.26784820067754],[11.044688753030073,52.271073301127565]],[[11.044688753030073,52.271073301127565],[11.035868705875577,52.270535689408874]],[[11.035868705875577,52.270535689408874],[11.029066852683465,52.27012109334447]],[[11.029066852683465,52.27012109334447],[11.012506412655751,52.291320136386034]],[[11.012506412655751,52.291320136386034],[11.027269414652583,52.29707926895895]],[[11.027269414652583,52.29707926895895],[11.037474242267354,52.3010602303291]],[[11.037474242267354,52.3010602303291],[11.036184403622068,52.30910893703519]],[[11.036184403622068,52.30910893703519],[11.014733445738246,52.32513951217911]],[[11.014733445738246,52.32513951217911],[11.008657999331293,52.32665646682644]],[[11.008657999331293,52.32665646682644],[11.001181683814767,52.328523197123495]],[[11.001181683814767,52.328523197123495],[11.003248923446831,52.330831009591684]],[[11.003248923446831,52.330831009591684],[11.00389873497836,52.331556443091934]],[[11.00389873497836,52.331556443091934],[11.001624663735885,52.33587648080558]],[[11.001624663735885,52.33587648080558],[10.99708083749871,52.335591330456985]],[[10.99708083749871,52.335591330456985],[10.987912474625848,52.33501596522632]],[[10.987912474625848,52.33501596522632],[10.986445119391913,52.33779789538836]],[[10.986445119391913,52.33779789538836],[10.983674224827565,52.341686384174466]],[[10.983674224827565,52.341686384174466],[11.018047417567441,52.34662694315413]],[[11.018047417567441,52.34662694315413],[11.031291446090995,52.34633530959593]],[[11.031291446090995,52.34633530959593],[11.038881088255806,52.34616818474761]],[[11.038881088255806,52.34616818474761],[11.05559693675464,52.35069840386645]],[[11.05559693675464,52.35069840386645],[11.06840011555253,52.360160082082274]],[[11.06840011555253,52.360160082082274],[11.068232758796816,52.374295541427024]],[[11.068232758796816,52.374295541427024],[11.047637338409436,52.38631722013865]],[[11.047637338409436,52.38631722013865],[11.039384611108051,52.38761452898693]],[[11.039384611108051,52.38761452898693],[11.019538396791932,52.390734305936704]],[[11.019538396791932,52.390734305936704],[11.014527589403126,52.39949568932288]],[[11.014527589403126,52.39949568932288],[10.998418200926146,52.41136451483278]],[[10.998418200926146,52.41136451483278],[10.989653579181146,52.41825800951472]],[[10.989653579181146,52.41825800951472],[10.979169273370864,52.426504061869466]],[[10.979169273370864,52.426504061869466],[10.96984798313683,52.43112830993729]],[[10.96984798313683,52.43112830993729],[10.96328790785678,52.43438273314134]],[[10.96328790785678,52.43438273314134],[10.94672048157641,52.45419253407535]],[[10.94672048157641,52.45419253407535],[10.93501133003636,52.46068329707611]],[[10.93501133003636,52.46068329707611],[10.934542289008695,52.47179507870765]],[[10.934542289008695,52.47179507870765],[10.936061070257834,52.475916971508816]],[[10.936061070257834,52.475916971508816],[10.939053033620983,52.477364877876994]],[[10.939053033620983,52.477364877876994],[10.94171430474934,52.47865275180212]],[[10.94171430474934,52.47865275180212],[10.94224269303516,52.48130341929755]],[[10.94224269303516,52.48130341929755],[10.944407270847503,52.49216207089272]],[[10.944407270847503,52.49216207089272],[10.949993472322618,52.49560536535012]],[[10.949993472322618,52.49560536535012],[10.959188667272365,52.49744556026669]],[[10.959188667272365,52.49744556026669],[10.974328707799561,52.50076061250774]],[[10.974328707799561,52.50076061250774],[10.983241375674165,52.497202802686274]],[[10.983241375674165,52.497202802686274],[11.008781586290812,52.496747439397275]],[[11.008781586290812,52.496747439397275],[10.962737439286363,52.533408311545614]],[[10.962737439286363,52.533408311545614],[10.957871142544413,52.53688906296661]],[[10.957871142544413,52.53688906296661],[10.952914698309414,52.54269005843197]],[[10.952914698309414,52.54269005843197],[10.943598652845168,52.55430938216482]],[[10.943598652845168,52.55430938216482],[10.938627207875017,52.56655566581276]],[[10.938627207875017,52.56655566581276],[10.941311390572135,52.57816154999519]],[[10.941311390572135,52.57816154999519],[10.943282697388991,52.57994284339057]],[[10.943282697388991,52.57994284339057],[10.946215602635132,52.582593045115324]],[[10.946215602635132,52.582593045115324],[10.94392997860457,52.58523694353517]],[[10.94392997860457,52.58523694353517],[10.940908148373985,52.588732449568084]],[[10.940908148373985,52.588732449568084],[10.95933432065841,52.597991400680456]],[[10.95933432065841,52.597991400680456],[10.97361453977755,52.60516705541754]],[[10.97361453977755,52.60516705541754],[10.976970438251755,52.62409014244621]],[[10.976970438251755,52.62409014244621],[10.968582638063916,52.626296518589086]],[[10.968582638063916,52.626296518589086],[10.947785897243804,52.62094216442296]],[[10.947785897243804,52.62094216442296],[10.945910852817173,52.618940994280194]],[[10.945910852817173,52.618940994280194],[10.941980587012484,52.61474635794868]],[[10.941980587012484,52.61474635794868],[10.925285284929547,52.60975058771094]],[[10.925285284929547,52.60975058771094],[10.920304547212853,52.6152355870025]],[[10.920304547212853,52.6152355870025],[10.91247690490752,52.62385572227971]],[[10.91247690490752,52.62385572227971],[10.91022194703125,52.62499366720154]],[[10.91022194703125,52.62499366720154],[10.905349633930026,52.62745244014662]],[[10.905349633930026,52.62745244014662],[10.903001558045442,52.63270433214926]],[[10.903001558045442,52.63270433214926],[10.90294719825659,52.63282591940418]],[[10.90294719825659,52.63282591940418],[10.895842692787927,52.64329149842353]],[[10.895842692787927,52.64329149842353],[10.888072998788772,52.64864656741244]],[[10.888072998788772,52.64864656741244],[10.88270412275808,52.652346930526676]],[[10.88270412275808,52.652346930526676],[10.880432235369863,52.65680614971011]],[[10.880432235369863,52.65680614971011],[10.876800118803635,52.663935206845565]],[[10.876800118803635,52.663935206845565],[10.86888836748454,52.66913386593166]],[[10.86888836748454,52.66913386593166],[10.859617509553715,52.67522556949242]],[[10.859617509553715,52.67522556949242],[10.840164065854047,52.69637733971521]],[[10.840164065854047,52.69637733971521],[10.833559462099453,52.703558539713704]],[[10.833559462099453,52.703558539713704],[10.834292189157967,52.70607918291289]],[[10.834292189157967,52.70607918291289],[10.834960222831302,52.70837727728511]],[[10.834960222831302,52.70837727728511],[10.826409759498475,52.717210432895875]],[[10.826409759498475,52.717210432895875],[10.812127156906374,52.7161677655873]],[[10.812127156906374,52.7161677655873],[10.797139472729238,52.71507362529488]],[[10.797139472729238,52.71507362529488],[10.789110065029984,52.73382307043317]],[[10.789110065029984,52.73382307043317],[10.789852761526419,52.742769376123825]],[[10.789852761526419,52.742769376123825],[10.79042857725835,52.74970549237279]],[[10.79042857725835,52.74970549237279],[10.785311603102102,52.75178443487684]],[[10.785311603102102,52.75178443487684],[10.77701500167635,52.75515520575067]],[[10.77701500167635,52.75515520575067],[10.774299543528853,52.76349212937834]],[[10.774299543528853,52.76349212937834],[10.75798615800674,52.7814969527954]],[[10.75798615800674,52.7814969527954],[10.756032556132036,52.78760418380334]],[[10.756032556132036,52.78760418380334],[10.759314669460762,52.795830554568184]],[[10.759314669460762,52.795830554568184],[10.759942985426216,52.800807884615786]],[[10.759942985426216,52.800807884615786],[10.760637187621674,52.80630714194416]],[[10.760637187621674,52.80630714194416],[10.757409335251326,52.81846413163463]],[[10.757409335251326,52.81846413163463],[10.758757645257726,52.820053445572995]],[[10.758757645257726,52.820053445572995],[10.769825835481674,52.833100027528374]],[[10.769825835481674,52.833100027528374],[10.770512849306611,52.83390984151061]],[[10.770512849306611,52.83390984151061],[10.770228216371548,52.83452675182171]],[[10.770228216371548,52.83452675182171],[10.766691402152896,52.8421924085565]],[[10.766691402152896,52.8421924085565],[10.793422181243042,52.84386759247692]],[[10.793422181243042,52.84386759247692],[10.803371636840435,52.84952078467382]],[[10.803371636840435,52.84952078467382],[10.82101711382106,52.848518964659206]],[[10.82101711382106,52.848518964659206],[10.83254255123666,52.84786460820312]],[[10.83254255123666,52.84786460820312],[10.841555999527683,52.852205126437234]],[[10.841555999527683,52.852205126437234],[10.858815437554568,52.85209885753119]],[[10.858815437554568,52.85209885753119],[10.866878395301626,52.85517781727877]],[[10.866878395301626,52.85517781727877],[10.876319628996068,52.848909654247784]],[[10.876319628996068,52.848909654247784],[10.878449450766485,52.847495636359696]],[[10.878449450766485,52.847495636359696],[10.887731615582029,52.845883985695664]],[[10.887731615582029,52.845883985695664],[10.892250841344005,52.84777202460691]],[[10.892250841344005,52.84777202460691],[10.892889904964987,52.849014003996636]],[[10.892889904964987,52.849014003996636],[10.896239146880774,52.855523035729874]],[[10.896239146880774,52.855523035729874],[10.90639483416794,52.85489590499681]],[[10.90639483416794,52.85489590499681],[10.927070992115869,52.85367871718355]],[[10.927070992115869,52.85367871718355],[10.929699216620127,52.85352399635461]],[[10.929699216620127,52.85352399635461],[10.940751714760536,52.85432523503172]],[[10.940751714760536,52.85432523503172],[10.946534437579766,52.859194583226646]],[[10.946534437579766,52.859194583226646],[10.951463481634063,52.863345093057994]],[[10.951463481634063,52.863345093057994],[10.968331638814364,52.87754894447109]],[[10.968331638814364,52.87754894447109],[10.975323881789631,52.878033417790796]],[[10.975323881789631,52.878033417790796],[10.978353496118187,52.87824333069048]],[[10.978353496118187,52.87824333069048],[10.985032658288576,52.8819723105116]],[[10.985032658288576,52.8819723105116],[10.989238269567396,52.88752841638711]],[[10.989238269567396,52.88752841638711],[10.98916823182997,52.89190729338193]],[[10.98916823182997,52.89190729338193],[10.989083202000268,52.8972235287894]],[[10.989083202000268,52.8972235287894],[10.99257225321647,52.90645741676754]],[[10.99257225321647,52.90645741676754],[11.001464383876723,52.910885991339896]],[[11.001464383876723,52.910885991339896],[11.013076273747213,52.90989000044927]],[[11.013076273747213,52.90989000044927],[11.040657165609279,52.9131110142278]],[[11.040657165609279,52.9131110142278],[11.053514474319261,52.91138189082835]],[[11.053514474319261,52.91138189082835],[11.066056488682989,52.90969516857758]],[[11.066056488682989,52.90969516857758],[11.090464750951238,52.91286543297389]],[[11.090464750951238,52.91286543297389],[11.091181239792085,52.91295849399061]],[[11.091181239792085,52.91295849399061],[11.096914146101804,52.91112572113679]],[[11.096914146101804,52.91112572113679],[11.096467293872863,52.9067752104068]],[[11.096467293872863,52.9067752104068],[11.095711829632886,52.89942012625963]],[[11.095711829632886,52.89942012625963],[11.10743336522487,52.89639336246909]],[[11.10743336522487,52.89639336246909],[11.139634011044722,52.89864635538575]],[[11.139634011044722,52.89864635538575],[11.151796538109854,52.90157898243744]],[[11.151796538109854,52.90157898243744],[11.153594541849264,52.90337227498448]],[[11.153594541849264,52.90337227498448],[11.156281280728257,52.9060519702326]],[[11.156281280728257,52.9060519702326],[11.210987177810889,52.898811037310324]],[[11.210987177810889,52.898811037310324],[11.219149776641752,52.89756276591252]],[[11.219149776641752,52.89756276591252],[11.219746132164657,52.89609225960527]],[[11.219746132164657,52.89609225960527],[11.22129575378192,52.89227117650407]],[[11.22129575378192,52.89227117650407],[11.226863779805957,52.891720981250266]],[[11.226863779805957,52.891720981250266],[11.230626960369307,52.891349129471315]],[[11.230626960369307,52.891349129471315],[11.23534416933429,52.88651277985392]],[[11.23534416933429,52.88651277985392],[11.242618867294864,52.879054350005525]],[[11.242618867294864,52.879054350005525],[11.267017506273879,52.88035586672192]],[[11.267017506273879,52.88035586672192],[11.272989198660007,52.884497285647015]],[[11.272989198660007,52.884497285647015],[11.276976005595326,52.88726217188636]],[[11.276976005595326,52.88726217188636],[11.288781373005888,52.88845059784658]],[[11.288781373005888,52.88845059784658],[11.294126345507951,52.886027752644154]],[[11.294126345507951,52.886027752644154],[11.294907965864256,52.881233702824524]],[[11.294907965864256,52.881233702824524],[11.295809774645269,52.87570248404726]],[[11.295809774645269,52.87570248404726],[11.314250241045439,52.878236431024845]],[[11.314250241045439,52.878236431024845],[11.328312199061973,52.883880764263004]],[[11.328312199061973,52.883880764263004],[11.339391813397159,52.88832801354694]],[[11.339391813397159,52.88832801354694],[11.349865127447101,52.88982443471843]],[[11.349865127447101,52.88982443471843],[11.35451291049411,52.89048850623879]],[[11.35451291049411,52.89048850623879],[11.357772665884838,52.89200510340112]],[[11.357772665884838,52.89200510340112],[11.375131104599001,52.900081091717155]],[[11.375131104599001,52.900081091717155],[11.400294908022879,52.903731499204575]],[[11.400294908022879,52.903731499204575],[11.40766517980917,52.904800672900855]],[[11.40766517980917,52.904800672900855],[11.413827565132031,52.90959193540123]],[[11.413827565132031,52.90959193540123],[11.421890199175618,52.91586064269735]],[[11.421890199175618,52.91586064269735],[11.42617279098708,52.91919036244415]],[[11.42617279098708,52.91919036244415],[11.438748213076249,52.92406113809906]],[[11.438748213076249,52.92406113809906],[11.445124567113117,52.92799511888958]],[[11.445124567113117,52.92799511888958],[11.454444622662455,52.9333969106803]],[[11.454444622662455,52.9333969106803],[11.462034580420692,52.935680909588235]],[[11.462034580420692,52.935680909588235],[11.462671402579083,52.93587254416967]],[[11.462671402579083,52.93587254416967],[11.464456513695739,52.93666704133836]],[[11.464456513695739,52.93666704133836],[11.465679031745088,52.93721114707543]],[[11.465679031745088,52.93721114707543],[11.470061620175159,52.93892535034486]],[[11.470061620175159,52.93892535034486],[11.47914993481734,52.939651948059414]],[[11.47914993481734,52.939651948059414],[11.482080649406246,52.93968535755404]],[[11.482080649406246,52.93968535755404],[11.491763298405395,52.941633925826096]],[[11.491763298405395,52.941633925826096],[11.4986116239598,52.94132361755472]],[[11.4986116239598,52.94132361755472],[11.505026933444398,52.94103256941888]],[[11.505026933444398,52.94103256941888],[11.493555589740257,52.957881357987624]],[[11.493555589740257,52.957881357987624],[11.4923426493674,52.95966289358065]],[[11.4923426493674,52.95966289358065],[11.494464770783406,52.96536304932751]],[[11.494464770783406,52.96536304932751],[11.498653575728401,52.97585559389975]],[[11.498653575728401,52.97585559389975],[11.506485119729803,52.99854619534581]],[[11.506485119729803,52.99854619534581],[11.512490569286712,53.00744506304972]],[[11.512490569286712,53.00744506304972],[11.526866668168307,53.007475799512484]],[[11.526866668168307,53.007475799512484],[11.539951105891811,53.001082691785406]],[[11.539951105891811,53.001082691785406],[11.542170853095742,52.99999811467547]],[[11.542170853095742,52.99999811467547],[11.556416340220963,52.99866601473189]],[[11.556416340220963,52.99866601473189],[11.559274733588499,53.00335367780088]],[[11.559274733588499,53.00335367780088],[11.557088004033304,53.004134226058355]],[[11.557088004033304,53.004134226058355],[11.5532300815251,53.0055113002417]],[[11.5532300815251,53.0055113002417],[11.558022330917561,53.011494611528946]],[[11.558022330917561,53.011494611528946],[11.597784478437307,53.0359266474552]],[[11.597784478437307,53.0359266474552],[11.629611809026386,53.0417134357693]],[[11.629611809026386,53.0417134357693],[11.637571042977855,53.03909619507893]],[[11.637571042977855,53.03909619507893],[11.641307507134353,53.03449638657016]],[[11.641307507134353,53.03449638657016],[11.625938436361315,53.01907972140241]],[[11.625938436361315,53.01907972140241],[11.625661004451919,53.0146887584851]],[[11.625661004451919,53.0146887584851],[11.629308824682951,53.01027013873488]],[[11.629308824682951,53.01027013873488],[11.645727097949155,53.00559436041661]],[[11.645727097949155,53.00559436041661],[11.66257878691067,53.007878940303804]],[[11.66257878691067,53.007878940303804],[11.672754578378957,53.00925847037097]],[[11.672754578378957,53.00925847037097],[11.683435986808288,53.00157162294018]],[[11.683435986808288,53.00157162294018],[11.683277770500773,52.99557571416892]],[[11.683277770500773,52.99557571416892],[11.683077841864671,52.9879989835386]],[[11.683077841864671,52.9879989835386],[11.686550849591576,52.98206426853205]],[[11.686550849591576,52.98206426853205],[11.694310401964952,52.978068458327]],[[11.694310401964952,52.978068458327],[11.704946379320981,52.97867612928139]],[[11.704946379320981,52.97867612928139],[11.7162131258758,52.98276708245058]],[[11.7162131258758,52.98276708245058],[11.73081324961534,52.98806838529242]],[[11.73081324961534,52.98806838529242],[11.743263506172916,52.98849076266731]],[[11.743263506172916,52.98849076266731],[11.76407397121428,52.981352699184676]],[[11.76407397121428,52.981352699184676],[11.78097836290505,52.96630184362212]],[[11.78097836290505,52.96630184362212],[11.786971390751091,52.960965942780064]],[[11.786971390751091,52.960965942780064],[11.798883002688266,52.959868582083296]],[[11.798883002688266,52.959868582083296],[11.82045387078565,52.95788135790089]],[[11.82045387078565,52.95788135790089],[11.830373809557623,52.95696748183645]],[[11.830373809557623,52.95696748183645],[11.848304214717869,52.94951548992523]],[[11.848304214717869,52.94951548992523],[11.847110703976625,52.94053862898992]],[[11.847110703976625,52.94053862898992],[11.833458728157474,52.93162470314862]],[[11.833458728157474,52.93162470314862],[11.825322097120768,52.92631196853644]],[[11.825322097120768,52.92631196853644],[11.824312619784518,52.91719098716024]],[[11.824312619784518,52.91719098716024],[11.826636779302316,52.915860642706654]],[[11.826636779302316,52.915860642706654],[11.837353511035257,52.90972640831477]],[[11.837353511035257,52.90972640831477],[11.848875490475324,52.909355090683114]],[[11.848875490475324,52.909355090683114],[11.872541051894737,52.908592423035614]],[[11.872541051894737,52.908592423035614],[11.891543263214938,52.89622952119964]],[[11.891543263214938,52.89622952119964],[11.894554291747273,52.89427053554831]],[[11.894554291747273,52.89427053554831],[11.900795437381756,52.8937124064801]],[[11.900795437381756,52.8937124064801],[11.923684234327398,52.891665521820556]],[[11.923684234327398,52.891665521820556],[11.947231435534308,52.88816207277783]],[[11.947231435534308,52.88816207277783],[11.955914968876659,52.88230723043619]],[[11.955914968876659,52.88230723043619],[11.959444657225099,52.879927350657034]],[[11.959444657225099,52.879927350657034],[11.98425438693067,52.87656469902893]],[[11.98425438693067,52.87656469902893],[11.990248022462549,52.88042004740837]],[[11.990248022462549,52.88042004740837],[11.991408122114022,52.88116627063491]],[[11.991408122114022,52.88116627063491],[11.994135691883683,52.88137487380287]],[[11.994135691883683,52.88137487380287],[12.004209088420918,52.88214528265994]],[[12.004209088420918,52.88214528265994],[12.00565185620425,52.884203288363864]],[[12.00565185620425,52.884203288363864],[12.006402030936732,52.885273358603136]],[[12.006402030936732,52.885273358603136],[12.023579056410371,52.889751263779466]],[[12.023579056410371,52.889751263779466],[12.048152740374418,52.8859134614908]],[[12.048152740374418,52.8859134614908],[12.056047141105276,52.888539586581956]],[[12.056047141105276,52.888539586581956],[12.068145273525401,52.88406920178786]],[[12.068145273525401,52.88406920178786],[12.075657530457738,52.88566554284847]],[[12.075657530457738,52.88566554284847],[12.08030865004728,52.88024791324117]],[[12.08030865004728,52.88024791324117],[12.083217986227085,52.87685911499828]],[[12.083217986227085,52.87685911499828],[12.11089117121941,52.876129673151794]],[[12.11089117121941,52.876129673151794],[12.116983424942832,52.88428681943068]],[[12.116983424942832,52.88428681943068],[12.122263659114598,52.891356722212514]],[[12.122263659114598,52.891356722212514],[12.126518260034382,52.892900325834745]],[[12.126518260034382,52.892900325834745],[12.126811585676203,52.89019955375319]],[[12.126811585676203,52.89019955375319],[12.121641173545154,52.87837194224462]],[[12.121641173545154,52.87837194224462],[12.13024795963633,52.86599882427002]],[[12.13024795963633,52.86599882427002],[12.129281032360455,52.85593279928725]],[[12.129281032360455,52.85593279928725],[12.169623159444438,52.86435499175504]],[[12.169623159444438,52.86435499175504],[12.18147715862547,52.87010092787929]],[[12.18147715862547,52.87010092787929],[12.193577887294817,52.87596646075161]],[[12.193577887294817,52.87596646075161],[12.212280777976462,52.86495391329664]],[[12.212280777976462,52.86495391329664],[12.2142750469731,52.863779656400986]],[[12.2142750469731,52.863779656400986],[12.215289033441811,52.85970925618142]],[[12.215289033441811,52.85970925618142],[12.219141838547635,52.86005377647991]],[[12.219141838547635,52.86005377647991],[12.22010511023873,52.861873699226855]],[[12.22010511023873,52.861873699226855],[12.221328694948246,52.864185436656705]],[[12.221328694948246,52.864185436656705],[12.229484139617217,52.86096911956644]],[[12.229484139617217,52.86096911956644],[12.237817215453129,52.84398809860487]],[[12.237817215453129,52.84398809860487],[12.242582209387285,52.82681056715974]],[[12.242582209387285,52.82681056715974],[12.243883308202355,52.82212017284239]],[[12.243883308202355,52.82212017284239],[12.24534769188991,52.82005344550693]],[[12.24534769188991,52.82005344550693],[12.248024081970282,52.81627618024994]],[[12.248024081970282,52.81627618024994],[12.254482795874527,52.80716080931738]],[[12.254482795874527,52.80716080931738],[12.252290512559158,52.800807884614414]],[[12.252290512559158,52.800807884614414],[12.249203418807472,52.7918619230301]],[[12.249203418807472,52.7918619230301],[12.242929752477778,52.78714943192142]],[[12.242929752477778,52.78714943192142],[12.231690401965773,52.788432008851096]],[[12.231690401965773,52.788432008851096],[12.223527428387156,52.78936352565759]],[[12.223527428387156,52.78936352565759],[12.223105360587954,52.78316269202434]],[[12.223105360587954,52.78316269202434],[12.222600154466505,52.7757404079943]],[[12.222600154466505,52.7757404079943],[12.21657079692639,52.773798744018315]],[[12.21657079692639,52.773798744018315],[12.21387876672216,52.77293181584695]],[[12.21387876672216,52.77293181584695],[12.212711752209445,52.76826878151046]],[[12.212711752209445,52.76826878151046],[12.212057407950569,52.76565422395745]],[[12.212057407950569,52.76565422395745],[12.209911203276222,52.76361025894491]],[[12.209911203276222,52.76361025894491],[12.206927978735123,52.76076914598142]],[[12.206927978735123,52.76076914598142],[12.209393214225079,52.75403403962453]],[[12.209393214225079,52.75403403962453],[12.21529161639903,52.75196367894752]],[[12.21529161639903,52.75196367894752],[12.21842883844812,52.750862502042054]],[[12.21842883844812,52.750862502042054],[12.222078531159571,52.73895376347493]],[[12.222078531159571,52.73895376347493],[12.213336284860576,52.73476870033687]],[[12.213336284860576,52.73476870033687],[12.201294611132283,52.72900414488381]],[[12.201294611132283,52.72900414488381],[12.203346811017067,52.724755973130435]],[[12.203346811017067,52.724755973130435],[12.200665597079569,52.721167598365916]],[[12.200665597079569,52.721167598365916],[12.200602781757576,52.72108353067025]],[[12.200602781757576,52.72108353067025],[12.198633153692539,52.71844749804034]],[[12.198633153692539,52.71844749804034],[12.202854468819009,52.71834479038797]],[[12.202854468819009,52.71834479038797],[12.208004793236857,52.71821948042466]],[[12.208004793236857,52.71821948042466],[12.209370918674583,52.71617898946155]],[[12.209370918674583,52.71617898946155],[12.206891748314167,52.71343422503951]],[[12.206891748314167,52.71343422503951],[12.205759767691193,52.71218097580779]],[[12.205759767691193,52.71218097580779],[12.20942196258886,52.71035670922973]],[[12.20942196258886,52.71035670922973],[12.222329317993758,52.70392710713275]],[[12.222329317993758,52.70392710713275],[12.218386548890658,52.69945303021676]],[[12.218386548890658,52.69945303021676],[12.217913329889951,52.69891604296987]],[[12.217913329889951,52.69891604296987],[12.218508127781144,52.695236797451116]],[[12.218508127781144,52.695236797451116],[12.222741275597311,52.689166805826986]],[[12.222741275597311,52.689166805826986],[12.227119774565843,52.68883075429714]],[[12.227119774565843,52.68883075429714],[12.232124936414207,52.688446608122035]],[[12.232124936414207,52.688446608122035],[12.229816147355287,52.68555113987633]],[[12.229816147355287,52.68555113987633],[12.227931561187926,52.68318766667472]],[[12.227931561187926,52.68318766667472],[12.234428659952545,52.6799409150273]],[[12.234428659952545,52.6799409150273],[12.234736639986815,52.67978700991745]],[[12.234736639986815,52.67978700991745],[12.234856256083766,52.679420827408435]],[[12.234856256083766,52.679420827408435],[12.234922636837544,52.67921761272984]],[[12.234922636837544,52.67921761272984],[12.23929951776785,52.6658184543173]],[[12.23929951776785,52.6658184543173],[12.235866636017377,52.66423949908525]],[[12.235866636017377,52.66423949908525],[12.23432177682015,52.657077337112426]],[[12.23432177682015,52.657077337112426],[12.233416499211597,52.6528803507852]],[[12.233416499211597,52.6528803507852],[12.234152739701349,52.65084872031494]],[[12.234152739701349,52.65084872031494],[12.236962061855833,52.64309650885449]],[[12.236962061855833,52.64309650885449],[12.23385531810921,52.63988939343389]],[[12.23385531810921,52.63988939343389],[12.230993941137474,52.63693557001501]],[[12.230993941137474,52.63693557001501],[12.23152739373555,52.63081674450627]],[[12.23152739373555,52.63081674450627],[12.23155561595572,52.6304930168819]],[[12.23155561595572,52.6304930168819],[12.236807310332178,52.62986736208894]],[[12.236807310332178,52.62986736208894],[12.215789525902267,52.625384691086374]],[[12.215789525902267,52.625384691086374],[12.211360152284502,52.624439996047435]],[[12.211360152284502,52.624439996047435],[12.20859076160938,52.622899979838905]],[[12.20859076160938,52.622899979838905],[12.201434954173758,52.618920743671296]],[[12.201434954173758,52.618920743671296],[12.193420133871744,52.62083179342417]],[[12.193420133871744,52.62083179342417],[12.171969975890553,52.62594636008219]],[[12.171969975890553,52.62594636008219],[12.169348915599137,52.618935626481615]],[[12.169348915599137,52.618935626481615],[12.172293011254876,52.61528039359242]],[[12.172293011254876,52.61528039359242],[12.17077222958961,52.60860657813862]],[[12.17077222958961,52.60860657813862],[12.174259958565308,52.60635910333759]],[[12.174259958565308,52.60635910333759],[12.175773361533176,52.60538387548804]],[[12.175773361533176,52.60538387548804],[12.174730294595996,52.60215594149238]],[[12.174730294595996,52.60215594149238],[12.173215080067795,52.597466871917916]],[[12.173215080067795,52.597466871917916],[12.173654088691324,52.59058660957138]],[[12.173654088691324,52.59058660957138],[12.173384390966977,52.58225500317403]],[[12.173384390966977,52.58225500317403],[12.174215458486882,52.57959014473444]],[[12.174215458486882,52.57959014473444],[12.176728143423079,52.57649687359236]],[[12.176728143423079,52.57649687359236],[12.177632254646868,52.57622250210249]],[[12.177632254646868,52.57622250210249],[12.181077768092187,52.57517688548377]],[[12.181077768092187,52.57517688548377],[12.176530864630253,52.572028967954324]],[[12.176530864630253,52.572028967954324],[12.174305875226617,52.57068135056949]],[[12.174305875226617,52.57068135056949],[12.162753799047387,52.563684560577705]],[[12.162753799047387,52.563684560577705],[12.150429324033006,52.54225614040557]],[[12.150429324033006,52.54225614040557],[12.144511199689259,52.53697356780435]],[[12.144511199689259,52.53697356780435],[12.144447876367842,52.53077972013196]],[[12.144447876367842,52.53077972013196],[12.153138941565427,52.52979788880506]],[[12.153138941565427,52.52979788880506],[12.160744582753189,52.533136355871584]],[[12.160744582753189,52.533136355871584],[12.172360829869607,52.53823526432]],[[12.172360829869607,52.53823526432],[12.187534623070704,52.53204257005957]],[[12.187534623070704,52.53204257005957],[12.185675661985718,52.52779791566111]],[[12.185675661985718,52.52779791566111],[12.178635672744942,52.52264909450653]],[[12.178635672744942,52.52264909450653],[12.168490895787306,52.51522953397987]],[[12.168490895787306,52.51522953397987],[12.171291236282055,52.506182397657135]],[[12.171291236282055,52.506182397657135],[12.186216002371633,52.496975121423795]],[[12.186216002371633,52.496975121423795],[12.220704777050468,52.50134453228609]],[[12.220704777050468,52.50134453228609],[12.225278343218973,52.50455661324937]],[[12.225278343218973,52.50455661324937],[12.225674778033833,52.51126209178915]],[[12.225674778033833,52.51126209178915],[12.227733350651913,52.51415312232012]],[[12.227733350651913,52.51415312232012],[12.2327684378757,52.52122432989239]],[[12.2327684378757,52.52122432989239],[12.238631548056256,52.522765898247286]],[[12.238631548056256,52.522765898247286],[12.256637255763934,52.51744841670112]],[[12.256637255763934,52.51744841670112],[12.260078344909243,52.50652084936069]],[[12.260078344909243,52.50652084936069],[12.26603326468078,52.50063605345871]],[[12.26603326468078,52.50063605345871],[12.265559896143042,52.49797172870756]],[[12.265559896143042,52.49797172870756],[12.265104961168037,52.495411156390084]],[[12.265104961168037,52.495411156390084],[12.273269184316824,52.48842145429769]],[[12.273269184316824,52.48842145429769],[12.287635055042665,52.49249466719498]],[[12.287635055042665,52.49249466719498],[12.296915201938537,52.495125905571385]],[[12.296915201938537,52.495125905571385],[12.310478975247483,52.49159309433114]],[[12.310478975247483,52.49159309433114],[12.32604032186919,52.49493019914553]],[[12.32604032186919,52.49493019914553],[12.325638488768107,52.49221798454308]],[[12.325638488768107,52.49221798454308],[12.31438442544799,52.48935118233316]],[[12.31438442544799,52.48935118233316],[12.311825403866612,52.48646636189828]],[[12.311825403866612,52.48646636189828],[12.309978568698522,52.48438440127616]],[[12.309978568698522,52.48438440127616],[12.310244676600224,52.480050458731945]],[[12.310244676600224,52.480050458731945],[12.314668331728647,52.47659047832093]],[[12.314668331728647,52.47659047832093],[12.32417982239906,52.476901666780606]],[[12.32417982239906,52.476901666780606],[12.32874849120181,52.47705114049642]],[[12.32874849120181,52.47705114049642],[12.32436175936189,52.465350086136944]],[[12.32436175936189,52.465350086136944],[12.320127774189208,52.46214172010478]],[[12.320127774189208,52.46214172010478],[12.316739929177908,52.45957453149753]],[[12.316739929177908,52.45957453149753],[12.31718023545635,52.454095386917004]],[[12.31718023545635,52.454095386917004],[12.305796379980663,52.45063090502026]],[[12.305796379980663,52.45063090502026],[12.304101315292352,52.44695626889049]],[[12.304101315292352,52.44695626889049],[12.306152065309247,52.444096235965965]],[[12.306152065309247,52.444096235965965],[12.305105162270799,52.44182824999454]],[[12.305105162270799,52.44182824999454],[12.301687135316863,52.434423508283444]],[[12.301687135316863,52.434423508283444],[12.295766350794358,52.43234089561977]],[[12.295766350794358,52.43234089561977],[12.29054765655601,52.43050524054709]],[[12.29054765655601,52.43050524054709],[12.292083949432588,52.428599923518476]],[[12.292083949432588,52.428599923518476],[12.295639689838454,52.424190085347355]],[[12.295639689838454,52.424190085347355],[12.281615618665976,52.41796508440695]],[[12.281615618665976,52.41796508440695],[12.27497386283839,52.41501694397611]],[[12.27497386283839,52.41501694397611],[12.276699977152951,52.41185984068406]],[[12.276699977152951,52.41185984068406],[12.286342770324186,52.40889006294284]],[[12.286342770324186,52.40889006294284],[12.289742982388882,52.40865412644943]],[[12.289742982388882,52.40865412644943],[12.299824492296832,52.407954583706484]],[[12.299824492296832,52.407954583706484],[12.301648142418637,52.39543348773791]],[[12.301648142418637,52.39543348773791],[12.300678943114976,52.39488888130864]],[[12.300678943114976,52.39488888130864],[12.294933892551661,52.391660664837424]],[[12.294933892551661,52.391660664837424],[12.293701312231242,52.38290305872936]],[[12.293701312231242,52.38290305872936],[12.302000725168027,52.37982723630197]],[[12.302000725168027,52.37982723630197],[12.305614696795264,52.37848787227341]],[[12.305614696795264,52.37848787227341],[12.30108096811162,52.37178366023566]],[[12.30108096811162,52.37178366023566],[12.29660541249381,52.37095496654493]],[[12.29660541249381,52.37095496654493],[12.287796296363602,52.36932387159352]],[[12.287796296363602,52.36932387159352],[12.28452143198032,52.3653117812858]],[[12.28452143198032,52.3653117812858],[12.291538430745089,52.35866070766966]],[[12.291538430745089,52.35866070766966],[12.292521179815848,52.35772920818578]],[[12.292521179815848,52.35772920818578],[12.306926950845915,52.344074675333225]],[[12.306926950845915,52.344074675333225],[12.290479013317803,52.32403132559245]],[[12.290479013317803,52.32403132559245],[12.286474632383857,52.321527814449205]],[[12.286474632383857,52.321527814449205],[12.281790759328874,52.31859948937095]],[[12.281790759328874,52.31859948937095],[12.274142413948343,52.3065972793696]],[[12.274142413948343,52.3065972793696],[12.272981270416919,52.30477514503982]],[[12.272981270416919,52.30477514503982],[12.270764362045904,52.302507490928775]],[[12.270764362045904,52.302507490928775],[12.263799101871065,52.295382798627145]],[[12.263799101871065,52.295382798627145],[12.253708945258673,52.277724909088356]],[[12.253708945258673,52.277724909088356],[12.252914443906365,52.26427466061486]],[[12.252914443906365,52.26427466061486],[12.25270807610065,52.26078102735606]],[[12.25270807610065,52.26078102735606],[12.250861063729644,52.257909938296365]],[[12.250861063729644,52.257909938296365],[12.246799119853385,52.25159584451606]],[[12.246799119853385,52.25159584451606],[12.25800805106652,52.243152902420476]],[[12.25800805106652,52.243152902420476],[12.268411355445496,52.241547906253516]],[[12.268411355445496,52.241547906253516],[12.273945981127646,52.23532761344466]],[[12.273945981127646,52.23532761344466],[12.282190965994298,52.23271771697959]],[[12.282190965994298,52.23271771697959],[12.290955125776698,52.22994347804842]],[[12.290955125776698,52.22994347804842],[12.296097265511078,52.226969518684975]],[[12.296097265511078,52.226969518684975],[12.27971960079132,52.218138625932816]],[[12.27971960079132,52.218138625932816],[12.267456326584382,52.21681062652522]],[[12.267456326584382,52.21681062652522],[12.25955816442162,52.21595532889051]],[[12.25955816442162,52.21595532889051],[12.248746072137468,52.21117454389778]],[[12.248746072137468,52.21117454389778],[12.246454580142567,52.2077038112113]],[[12.246454580142567,52.2077038112113],[12.250481962689841,52.2056036120218]],[[12.250481962689841,52.2056036120218],[12.252668837035099,52.204463199751025]],[[12.252668837035099,52.204463199751025],[12.248941435388678,52.20115950443161]],[[12.248941435388678,52.20115950443161],[12.243121309307968,52.19600096787847]],[[12.243121309307968,52.19600096787847],[12.244473719102993,52.191088894009816]],[[12.244473719102993,52.191088894009816],[12.24493358382818,52.18959765956841]],[[12.24493358382818,52.18959765956841],[12.246684381653106,52.18392022953418]],[[12.246684381653106,52.18392022953418],[12.241024784949378,52.184227113778554]],[[12.241024784949378,52.184227113778554],[12.228248052812601,52.18491991810926]],[[12.228248052812601,52.18491991810926],[12.217567329141,52.17032630090992]],[[12.217567329141,52.17032630090992],[12.227381228253522,52.165404786480785]],[[12.227381228253522,52.165404786480785],[12.232829396059733,52.16267261737046]],[[12.232829396059733,52.16267261737046],[12.232602597765489,52.160195661971436]],[[12.232602597765489,52.160195661971436],[12.232143954401534,52.1551866514211]],[[12.232143954401534,52.1551866514211],[12.2423181602435,52.141805240387825]],[[12.2423181602435,52.141805240387825],[12.256552182982306,52.13464553556314]],[[12.256552182982306,52.13464553556314],[12.259722943525041,52.13313891157315]],[[12.259722943525041,52.13313891157315],[12.26368375067377,52.13125688764167]],[[12.26368375067377,52.13125688764167],[12.276724574490668,52.10401790663073]],[[12.276724574490668,52.10401790663073],[12.290791909454216,52.10164964069848]],[[12.290791909454216,52.10164964069848],[12.315577943031254,52.092271724160376]],[[12.315577943031254,52.092271724160376],[12.332095688544067,52.06704249588281]],[[12.332095688544067,52.06704249588281],[12.34752488608629,52.0593067927189]],[[12.34752488608629,52.0593067927189],[12.359467646652078,52.04705543950787]],[[12.359467646652078,52.04705543950787],[12.376122676364824,52.04511949580771]],[[12.376122676364824,52.04511949580771],[12.389508480739169,52.04312017553697]],[[12.389508480739169,52.04312017553697],[12.4083301559877,52.02984699446152]],[[12.4083301559877,52.02984699446152],[12.43620779279786,52.017142045249166]],[[12.43620779279786,52.017142045249166],[12.449424277765429,52.016926448513566]],[[12.449424277765429,52.016926448513566],[12.453521412091959,52.02617983250099]],[[12.453521412091959,52.02617983250099],[12.461510601484838,52.0342731313149]],[[12.461510601484838,52.0342731313149],[12.478503850679978,52.0335579595215]],[[12.478503850679978,52.0335579595215],[12.484242324259501,52.019300671018456]],[[12.484242324259501,52.019300671018456],[12.497792102351726,52.00972536844651]],[[12.497792102351726,52.00972536844651],[12.535337740556832,52.00109700422368]],[[12.535337740556832,52.00109700422368],[12.54115797347174,51.98500729868245]],[[12.54115797347174,51.98500729868245],[12.603019389182753,51.98108643880578]],[[12.603019389182753,51.98108643880578],[12.614025250786018,51.98254030734313]],[[12.614025250786018,51.98254030734313],[12.615402707942806,51.99129968484013]],[[12.615402707942806,51.99129968484013],[12.624537734949904,51.992230244358055]],[[12.624537734949904,51.992230244358055],[12.643744180221779,51.99476327679144]],[[12.643744180221779,51.99476327679144],[12.649216675216381,52.00837688460558]],[[12.649216675216381,52.00837688460558],[12.658525319516704,52.01286866707543]],[[12.658525319516704,52.01286866707543],[12.671427086852118,52.01181910090246]],[[12.671427086852118,52.01181910090246],[12.682916048049366,52.00355288667046]],[[12.682916048049366,52.00355288667046],[12.700088101897418,52.002650973822966]],[[12.700088101897418,52.002650973822966],[12.71022472826151,52.000109588282555]],[[12.71022472826151,52.000109588282555],[12.72961710024417,51.98922985340741]],[[12.72961710024417,51.98922985340741],[12.752487358201476,51.9870316321985]],[[12.752487358201476,51.9870316321985],[12.76978049585147,51.97927454315272]],[[12.76978049585147,51.97927454315272],[12.776108031282913,51.97561889245048]],[[12.776108031282913,51.97561889245048],[12.77608327223037,51.972596247165285]],[[12.77608327223037,51.972596247165285],[12.776022000801415,51.96511647552262]],[[12.776022000801415,51.96511647552262],[12.800367267576114,51.96325459779227]],[[12.800367267576114,51.96325459779227],[12.809555772622987,51.9625518785949]],[[12.809555772622987,51.9625518785949],[12.826161633727049,51.96482420553728]],[[12.826161633727049,51.96482420553728],[12.84328865301111,51.96716784762415]],[[12.84328865301111,51.96716784762415],[12.850720693816683,51.95636579946159]],[[12.850720693816683,51.95636579946159],[12.851420387925314,51.94892772286368]],[[12.851420387925314,51.94892772286368],[12.8527300323534,51.935005562291686]],[[12.8527300323534,51.935005562291686],[12.886747859064172,51.93444352122495]],[[12.886747859064172,51.93444352122495],[12.893785066946243,51.92843509592445]],[[12.893785066946243,51.92843509592445],[12.915437094196994,51.932408048566344]],[[12.915437094196994,51.932408048566344],[12.91733487776236,51.93493451535795]],[[12.91733487776236,51.93493451535795],[12.92055341890204,51.939219270595245]],[[12.92055341890204,51.939219270595245],[12.959018235488754,51.9347109063288]],[[12.959018235488754,51.9347109063288],[12.958158642444975,51.92898081878127]],[[12.958158642444975,51.92898081878127],[12.957255377183204,51.92295961608893]],[[12.957255377183204,51.92295961608893],[12.96365932256567,51.921686937100766]],[[12.96365932256567,51.921686937100766],[12.975736142637952,51.919286869046]],[[12.975736142637952,51.919286869046],[12.97438904989412,51.90745936128749]],[[12.97438904989412,51.90745936128749],[12.973721879600115,51.90160157647248]],[[12.973721879600115,51.90160157647248],[12.98203424195614,51.90294155396968]],[[12.98203424195614,51.90294155396968],[12.988335639102381,51.903957358882025]],[[12.988335639102381,51.903957358882025],[13.009827627281313,51.902609741838084]],[[13.009827627281313,51.902609741838084],[13.014883952598149,51.90054053820148]],[[13.014883952598149,51.90054053820148],[13.021149340819047,51.89797654968112]],[[13.021149340819047,51.89797654968112],[13.02254885128665,51.89998030368107]],[[13.02254885128665,51.89998030368107],[13.024461888173581,51.90271930136354]],[[13.024461888173581,51.90271930136354],[13.045106183633731,51.89973573302103]],[[13.045106183633731,51.89973573302103],[13.04767852466763,51.89279182991377]],[[13.04767852466763,51.89279182991377],[13.039137971410069,51.8904841868999]],[[13.039137971410069,51.8904841868999],[13.038478850727984,51.89030609494027]],[[13.038478850727984,51.89030609494027],[13.038376330319997,51.88892466433466]],[[13.038376330319997,51.88892466433466],[13.037809324616292,51.88128446653939]],[[13.037809324616292,51.88128446653939],[13.034439082497055,51.880862820439475]],[[13.034439082497055,51.880862820439475],[13.030144339655969,51.88032551063248]],[[13.030144339655969,51.88032551063248],[13.033439531675475,51.87516377224875]],[[13.033439531675475,51.87516377224875],[13.04163379687873,51.87072717750219]],[[13.04163379687873,51.87072717750219],[13.079046520537158,51.8680856458256]],[[13.079046520537158,51.8680856458256],[13.08146237403617,51.87049026996173]],[[13.08146237403617,51.87049026996173],[13.085005215915501,51.87401664553387]],[[13.085005215915501,51.87401664553387],[13.092967891375816,51.873186510412744]],[[13.092967891375816,51.873186510412744],[13.093851802559652,51.873094360005325]],[[13.093851802559652,51.873094360005325],[13.096239626562303,51.87288005009766]],[[13.096239626562303,51.87288005009766],[13.101119657015268,51.87363089705294]],[[13.101119657015268,51.87363089705294],[13.106205143814128,51.875163771793844]],[[13.106205143814128,51.875163771793844],[13.108632697085232,51.875163772572954]],[[13.108632697085232,51.875163772572954],[13.11356822539178,51.875163772346234]],[[13.11356822539178,51.875163772346234],[13.118425133680665,51.87915224234665]],[[13.118425133680665,51.87915224234665],[13.122770934129184,51.882720994266165]],[[13.122770934129184,51.882720994266165],[13.130851939912237,51.882266539388496]],[[13.130851939912237,51.882266539388496],[13.139658848486963,51.876452147738135]],[[13.139658848486963,51.876452147738135],[13.141610316168357,51.87516377260737]],[[13.141610316168357,51.87516377260737],[13.14222808556313,51.87255688909432]],[[13.14222808556313,51.87255688909432],[13.144587441115698,51.87258741677721]],[[13.144587441115698,51.87258741677721],[13.146285263683334,51.872500793940915]],[[13.146285263683334,51.872500793940915],[13.14960381961985,51.87233147663438]],[[13.14960381961985,51.87233147663438],[13.15093233115454,51.86892641107316]],[[13.15093233115454,51.86892641107316],[13.151410294407336,51.8643161170621]],[[13.151410294407336,51.8643161170621],[13.150913351374435,51.8596103490662]],[[13.150913351374435,51.8596103490662],[13.123738985210808,51.85583791581842]],[[13.123738985210808,51.85583791581842],[13.127421012020775,51.8460616385999]],[[13.127421012020775,51.8460616385999],[13.141181971620284,51.82700967207403]],[[13.141181971620284,51.82700967207403],[13.140694141182843,51.82277785614451]],[[13.140694141182843,51.82277785614451],[13.147942144174804,51.819952652650485]],[[13.147942144174804,51.819952652650485],[13.148275677490155,51.81982264421064]],[[13.148275677490155,51.81982264421064],[13.161633294124488,51.80373330127906]],[[13.161633294124488,51.80373330127906],[13.160476883854113,51.7887980817692]],[[13.160476883854113,51.7887980817692],[13.169264961590512,51.786224733345875]],[[13.169264961590512,51.786224733345875],[13.167744415682003,51.78332047247365]],[[13.167744415682003,51.78332047247365],[13.16097617878666,51.783230460294945]],[[13.16097617878666,51.783230460294945],[13.159538851511916,51.77525120607855]],[[13.159538851511916,51.77525120607855],[13.152857584574381,51.77043031420671]],[[13.152857584574381,51.77043031420671],[13.148900468057352,51.76757504519731]],[[13.148900468057352,51.76757504519731],[13.15158090338053,51.764990359301756]],[[13.15158090338053,51.764990359301756],[13.152702938752524,51.76390840560513]],[[13.152702938752524,51.76390840560513],[13.151326912989473,51.7616670185883]],[[13.151326912989473,51.7616670185883],[13.149853539792561,51.75926706421396]],[[13.149853539792561,51.75926706421396],[13.154280680947481,51.7576749959959]],[[13.154280680947481,51.7576749959959],[13.156900142580756,51.75673299727997]],[[13.156900142580756,51.75673299727997],[13.16051908592424,51.754822383583786]],[[13.16051908592424,51.754822383583786],[13.163294476496558,51.75493584720362]],[[13.163294476496558,51.75493584720362],[13.159433053105223,51.75071155933943]],[[13.159433053105223,51.75071155933943],[13.155436486185431,51.74633942973495]],[[13.155436486185431,51.74633942973495],[13.156362685013669,51.74192944408787]],[[13.156362685013669,51.74192944408787],[13.165448169672432,51.740694788449794]],[[13.165448169672432,51.740694788449794],[13.168332980824472,51.735658346433375]],[[13.168332980824472,51.735658346433375],[13.171557168028835,51.73432580117209]],[[13.171557168028835,51.73432580117209],[13.178651961213165,51.7313935499515]],[[13.178651961213165,51.7313935499515],[13.186036072146265,51.71663344267712]],[[13.186036072146265,51.71663344267712],[13.179051031041844,51.717199803515534]],[[13.179051031041844,51.717199803515534],[13.16803680456451,51.718092858657705]],[[13.16803680456451,51.718092858657705],[13.168910192077233,51.712984818742754]],[[13.168910192077233,51.712984818742754],[13.169585446299365,51.709035563826525]],[[13.169585446299365,51.709035563826525],[13.164465228449188,51.711137294210396]],[[13.164465228449188,51.711137294210396],[13.161293394701826,51.71243925778314]],[[13.161293394701826,51.71243925778314],[13.15603961361024,51.71113892827552]],[[13.15603961361024,51.71113892827552],[13.157655767838191,51.70524535176543]],[[13.157655767838191,51.70524535176543],[13.161330662366295,51.691844245294725]],[[13.161330662366295,51.691844245294725],[13.151196942629133,51.68544049547609]],[[13.151196942629133,51.68544049547609],[13.051024799527756,51.647676925763285]],[[12.2638152449824,52.23288175536661],[12.267925124906608,52.23451723405058]],[[12.267925124906608,52.23451723405058],[12.265140273586624,52.23750014562496]],[[12.265140273586624,52.23750014562496],[12.259828425255263,52.236747217770755]],[[12.259828425255263,52.236747217770755],[12.2638152449824,52.23288175536661]],[[12.273833540153596,52.22750516255717],[12.277112022772206,52.23156121625313]],[[12.277112022772206,52.23156121625313],[12.27186959654399,52.23215012275373]],[[12.27186959654399,52.23215012275373],[12.268926091924243,52.23037727341836]],[[12.268926091924243,52.23037727341836],[12.273833540153596,52.22750516255717]],[[11.444682183517086,51.19436832292152],[11.440839639114742,51.19803694719563]],[[11.440839639114742,51.19803694719563],[11.446228180637172,51.199383138367246]],[[11.446228180637172,51.199383138367246],[11.447950638765992,51.195004481760066]],[[11.447950638765992,51.195004481760066],[11.444682183517086,51.19436832292152]],[[11.400975046638502,51.34943700616633],[11.397418059872283,51.34991566395037]],[[11.397418059872283,51.34991566395037],[11.393651183388895,51.354345092870524]],[[11.393651183388895,51.354345092870524],[11.393106865095813,51.359495491497924]],[[11.393106865095813,51.359495491497924],[11.390420374959188,51.36668500796595]],[[11.390420374959188,51.36668500796595],[11.39234757268317,51.36973990002467]],[[11.39234757268317,51.36973990002467],[11.397234246042725,51.37748599863322]],[[11.397234246042725,51.37748599863322],[11.391882020861306,51.38377228251682]],[[11.391882020861306,51.38377228251682],[11.367772337109592,51.38682833436914]],[[11.367772337109592,51.38682833436914],[11.365523670267857,51.385300850207386]],[[11.365523670267857,51.385300850207386],[11.362677424845067,51.38336744090749]],[[11.362677424845067,51.38336744090749],[11.359671361276675,51.38601573017087]],[[11.359671361276675,51.38601573017087],[11.356216241700473,51.389059631220896]],[[11.356216241700473,51.389059631220896],[11.35217556383774,51.386931368318585]],[[11.35217556383774,51.386931368318585],[11.347667789604422,51.384557080512906]],[[11.347667789604422,51.384557080512906],[11.341044315941806,51.39075794203246]],[[11.341044315941806,51.39075794203246],[11.340360164772267,51.39139844072451]],[[11.340360164772267,51.39139844072451],[11.34023115989767,51.391392096328424]],[[11.34023115989767,51.391392096328424],[11.331288263728078,51.390952262860445]],[[11.331288263728078,51.390952262860445],[11.328573583110986,51.400264161278216]],[[11.328573583110986,51.400264161278216],[11.328209440098624,51.40076744903561]],[[11.328209440098624,51.40076744903561],[11.321259884986375,51.410372545180216]],[[11.321259884986375,51.410372545180216],[11.308743678518708,51.40735750195191]],[[11.308743678518708,51.40735750195191],[11.302437075321928,51.40583829845487]],[[11.302437075321928,51.40583829845487],[11.300146547018294,51.40533343177972]],[[11.300146547018294,51.40533343177972],[11.284975050836021,51.40220812509929]],[[11.284975050836021,51.40220812509929],[11.281514428685446,51.402802607242]],[[11.281514428685446,51.402802607242],[11.279491805289117,51.40360581217445]],[[11.279491805289117,51.40360581217445],[11.277930446064211,51.40422584422514]],[[11.277930446064211,51.40422584422514],[11.275245953449382,51.40484335495399]],[[11.275245953449382,51.40484335495399],[11.274829836400247,51.40300789189837]],[[11.274829836400247,51.40300789189837],[11.274318993470857,51.40075460168051]],[[11.274318993470857,51.40075460168051],[11.252769144886395,51.40065302477876]],[[11.252769144886395,51.40065302477876],[11.24850592243216,51.39513294378953]],[[11.24850592243216,51.39513294378953],[11.244122835099798,51.396954970949274]],[[11.244122835099798,51.396954970949274],[11.246031695180667,51.39847187017954]],[[11.246031695180667,51.39847187017954],[11.247227354677934,51.40073995748289]],[[11.247227354677934,51.40073995748289],[11.247902598022925,51.402935648159065]],[[11.247902598022925,51.402935648159065],[11.24789942363694,51.40437173914853]],[[11.24789942363694,51.40437173914853],[11.24789710495361,51.40542035591078]],[[11.24789710495361,51.40542035591078],[11.244071795818256,51.40535340170846]],[[11.244071795818256,51.40535340170846],[11.238302856783148,51.40525242812435]],[[11.238302856783148,51.40525242812435],[11.232962342509458,51.40545743136093]],[[11.232962342509458,51.40545743136093],[11.230167474764901,51.40574250144661]],[[11.230167474764901,51.40574250144661],[11.230907145308711,51.40832705905203]],[[11.230907145308711,51.40832705905203],[11.22826810300731,51.40897161831751]],[[11.22826810300731,51.40897161831751],[11.228058063954006,51.40946040584769]],[[11.228058063954006,51.40946040584769],[11.227431040839749,51.41091957041878]],[[11.227431040839749,51.41091957041878],[11.225411804171848,51.41213384563782]],[[11.225411804171848,51.41213384563782],[11.223883018326598,51.41318610656991]],[[11.223883018326598,51.41318610656991],[11.21152994156377,51.41180278378081]],[[11.21152994156377,51.41180278378081],[11.210268602372308,51.4100974666602]],[[11.210268602372308,51.4100974666602],[11.208116450642267,51.40718778149149]],[[11.208116450642267,51.40718778149149],[11.20095721094431,51.40615437048164]],[[11.20095721094431,51.40615437048164],[11.197424082580252,51.407156716573894]],[[11.197424082580252,51.407156716573894],[11.187904164634539,51.402880864960494]],[[11.187904164634539,51.402880864960494],[11.174246928890126,51.405755167364866]],[[11.174246928890126,51.405755167364866],[11.171926746227092,51.406243473083464]],[[11.171926746227092,51.406243473083464],[11.16485170246435,51.404622602165496]],[[11.16485170246435,51.404622602165496],[11.154074147755745,51.40215349803634]],[[11.154074147755745,51.40215349803634],[11.141838952885795,51.40346067172719]],[[11.141838952885795,51.40346067172719],[11.132654044368302,51.40553878242269]],[[11.132654044368302,51.40553878242269],[11.128922618438464,51.40998356522447]],[[11.128922618438464,51.40998356522447],[11.126710389540099,51.412618718353905]],[[11.126710389540099,51.412618718353905],[11.122444701745719,51.41278613680412]],[[11.122444701745719,51.41278613680412],[11.064994014815625,51.42937061707406]],[[11.064994014815625,51.42937061707406],[11.052318794179632,51.42906421284642]],[[11.052318794179632,51.42906421284642],[11.050926603385046,51.42763196751913]],[[11.050926603385046,51.42763196751913],[11.045611241260886,51.422163676856705]],[[11.045611241260886,51.422163676856705],[11.04014462137622,51.4240863721599]],[[11.04014462137622,51.4240863721599],[11.02160973220011,51.418217358868844]],[[11.02160973220011,51.418217358868844],[11.006159909231007,51.416938441404284]],[[11.006159909231007,51.416938441404284],[10.996718860271823,51.418723840442546]],[[10.996718860271823,51.418723840442546],[10.998766718082683,51.42097813996949]],[[10.998766718082683,51.42097813996949],[11.000579733311211,51.42297392337158]],[[11.000579733311211,51.42297392337158],[11.009094882975234,51.424592562327504]],[[11.009094882975234,51.424592562327504],[11.00719815530062,51.42872121620134]],[[11.00719815530062,51.42872121620134],[10.978112958041882,51.42688510202381]],[[10.978112958041882,51.42688510202381],[10.9796802017076,51.43192339608346]],[[10.9796802017076,51.43192339608346],[10.976016516789477,51.43220292380318]],[[10.976016516789477,51.43220292380318],[10.96787463832169,51.432824123863064]],[[10.96787463832169,51.432824123863064],[10.968703004037392,51.442595395634115]],[[10.968703004037392,51.442595395634115],[10.970170549324278,51.44703175783294]],[[10.970170549324278,51.44703175783294],[10.97203655499412,51.45267265452799]],[[10.97203655499412,51.45267265452799],[10.96838135916702,51.45884908177629]],[[10.96838135916702,51.45884908177629],[10.965147902565084,51.45977217443246]],[[10.965147902565084,51.45977217443246],[10.962993902339772,51.46038710066755]],[[10.962993902339772,51.46038710066755],[10.961969625814062,51.47196879618812]],[[10.961969625814062,51.47196879618812],[10.967030426453055,51.47657699593088]],[[10.967030426453055,51.47657699593088],[10.972943252211529,51.481961021373984]],[[10.972943252211529,51.481961021373984],[10.952191508094149,51.4969645984725]],[[10.952191508094149,51.4969645984725],[10.95376124863789,51.49814611676475]],[[10.95376124863789,51.49814611676475],[10.9520541617875,51.498989637710565]],[[10.9520541617875,51.498989637710565],[10.95026516747156,51.498852523807564]],[[10.95026516747156,51.498852523807564],[10.949681820755632,51.499628565874204]],[[10.949681820755632,51.499628565874204],[10.950238696793363,51.50054387932621]],[[10.950238696793363,51.50054387932621],[10.948648978124746,51.501629547329344]],[[10.948648978124746,51.501629547329344],[10.947669077507404,51.50035546967882]],[[10.947669077507404,51.50035546967882],[10.94663473655218,51.49900984685869]],[[10.94663473655218,51.49900984685869],[10.945659894119723,51.49925174740363]],[[10.945659894119723,51.49925174740363],[10.939720984436754,51.5007254484793]],[[10.939720984436754,51.5007254484793],[10.94237873815676,51.503174692890624]],[[10.94237873815676,51.503174692890624],[10.944271358918181,51.50491883003414]],[[10.944271358918181,51.50491883003414],[10.938941863101702,51.51052847445785]],[[10.938941863101702,51.51052847445785],[10.935302704218282,51.514358928288004]],[[10.935302704218282,51.514358928288004],[10.934419431136593,51.53051028233476]],[[10.934419431136593,51.53051028233476],[10.938966058004251,51.534922465322396]],[[10.938966058004251,51.534922465322396],[10.939239858088456,51.53489612611403]],[[10.939239858088456,51.53489612611403],[10.946988418039204,51.53415072843017]],[[10.946988418039204,51.53415072843017],[10.947396441365644,51.536771042209736]],[[10.947396441365644,51.536771042209736],[10.939390895905696,51.54176965892547]],[[10.939390895905696,51.54176965892547],[10.923898045664536,51.545826770786384]],[[10.923898045664536,51.545826770786384],[10.916429113065805,51.54778265892534]],[[10.916429113065805,51.54778265892534],[10.915002411516712,51.54942090111606]],[[10.915002411516712,51.54942090111606],[10.91086301941175,51.554174048654914]],[[10.91086301941175,51.554174048654914],[10.907674381165503,51.552381666918606]],[[10.907674381165503,51.552381666918606],[10.903714722763855,51.55015588356697]],[[10.903714722763855,51.55015588356697],[10.896722173526456,51.55395248789008]],[[10.896722173526456,51.55395248789008],[10.897394373187366,51.559860759998344]],[[10.897394373187366,51.559860759998344],[10.898107131485865,51.56612552764056]],[[10.898107131485865,51.56612552764056],[10.892069974412534,51.57563569315279]],[[10.892069974412534,51.57563569315279],[10.887060046063455,51.57928594173488]],[[10.887060046063455,51.57928594173488],[10.88365489422607,51.581766944662164]],[[10.88365489422607,51.581766944662164],[10.890447644231951,51.59647342475719]],[[10.890447644231951,51.59647342475719],[10.895015888464037,51.59906880907424]],[[10.895015888464037,51.59906880907424],[10.901839561497374,51.59542808605704]],[[10.901839561497374,51.59542808605704],[10.903596323819867,51.594490777555215]],[[10.903596323819867,51.594490777555215],[10.92734712574517,51.59245313417783]],[[10.92734712574517,51.59245313417783],[10.935734618467889,51.600434411505475]],[[10.935734618467889,51.600434411505475],[10.932957973962068,51.60519607318469]],[[10.932957973962068,51.60519607318469],[10.92251839886794,51.60866807325453]],[[10.92251839886794,51.60866807325453],[10.917482806628737,51.610342812911874]],[[10.917482806628737,51.610342812911874],[10.918430068677274,51.613545323142134]],[[10.918430068677274,51.613545323142134],[10.91881060948244,51.614831855410785]],[[10.91881060948244,51.614831855410785],[10.916059003111085,51.6163739313159]],[[10.916059003111085,51.6163739313159],[10.895933558544366,51.61194497220734]],[[10.895933558544366,51.61194497220734],[10.886992525877076,51.61248068265887]],[[10.886992525877076,51.61248068265887],[10.872677737191017,51.622618404140944]],[[10.872677737191017,51.622618404140944],[10.858830732704584,51.63242484123959]],[[10.858830732704584,51.63242484123959],[10.840164066197888,51.63112382229067]],[[10.840164066197888,51.63112382229067],[10.835463667384225,51.630796216826354]],[[10.835463667384225,51.630796216826354],[10.829670780528744,51.62760827612029]],[[10.829670780528744,51.62760827612029],[10.823244278186358,51.624071646292094]],[[10.823244278186358,51.624071646292094],[10.822010076989136,51.62934226633516]],[[10.822010076989136,51.62934226633516],[10.821162001496221,51.63296396035152]],[[10.821162001496221,51.63296396035152],[10.81640557804819,51.638960359748644]],[[10.81640557804819,51.638960359748644],[10.804888935197958,51.64010926355402]],[[10.804888935197958,51.64010926355402],[10.785686313075605,51.64202492401246]],[[10.785686313075605,51.64202492401246],[10.772748162473182,51.6458433665867]],[[10.772748162473182,51.6458433665867],[10.764482023812354,51.64828295488776]],[[10.764482023812354,51.64828295488776],[10.759652049754626,51.64615538053131]],[[10.759652049754626,51.64615538053131],[10.756769738040092,51.64488573785923]],[[10.756769738040092,51.64488573785923],[10.75612224831376,51.64174814277523]],[[10.75612224831376,51.64174814277523],[10.748183023483094,51.64081040741544]],[[10.748183023483094,51.64081040741544],[10.735384576427817,51.64450323220359]],[[10.735384576427817,51.64450323220359],[10.733656003387068,51.64500198958009]],[[10.733656003387068,51.64500198958009],[10.727305618513356,51.643953210014786]],[[10.727305618513356,51.643953210014786],[10.709594986863465,51.64102826397013]],[[10.709594986863465,51.64102826397013],[10.701372107169034,51.64218763762723]],[[12.28354692858069,51.09192402285771],[12.284978135873123,51.08704771651466]],[[12.284978135873123,51.08704771651466],[12.28088241560048,51.08332010266924]],[[12.28088241560048,51.08332010266924],[12.275325062229527,51.07845546966837]],[[12.275325062229527,51.07845546966837],[12.272719436791304,51.07617463294345]],[[12.272719436791304,51.07617463294345],[12.266953005443918,51.077093887782965]],[[12.266953005443918,51.077093887782965],[12.267712859068455,51.07152830750867]],[[12.267712859068455,51.07152830750867],[12.259415726998713,51.065771164908945]],[[12.259415726998713,51.065771164908945],[12.26070252412903,51.05450173159897]],[[12.26070252412903,51.05450173159897],[12.261196160407033,51.05017858276716]],[[12.261196160407033,51.05017858276716],[12.256556736690857,51.047710359250914]],[[12.256556736690857,51.047710359250914],[12.250460509432447,51.04446709987375]],[[12.250460509432447,51.04446709987375],[12.250982923939793,51.04166890324349]],[[12.250982923939793,51.04166890324349],[12.254298227485416,51.03762236999015]],[[12.254298227485416,51.03762236999015],[12.26800381454051,51.03943761303402]],[[12.26800381454051,51.03943761303402],[12.276414009458698,51.040551506656755]],[[12.276414009458698,51.040551506656755],[12.286507425270516,51.03702225065497]],[[12.286507425270516,51.03702225065497],[12.293205774283832,51.03000703068705]],[[12.293205774283832,51.03000703068705],[12.292072869909273,51.02097099462945]],[[12.292072869909273,51.02097099462945],[12.288269636137029,51.015820843924764]],[[12.288269636137029,51.015820843924764],[12.288195219249026,51.01463692178336]],[[12.288195219249026,51.01463692178336],[12.283425342752661,51.01157470470124]],[[12.283425342752661,51.01157470470124],[12.282549451763634,51.00692103970067]],[[12.282549451763634,51.00692103970067],[12.277894762673494,51.00579738566359]],[[12.277894762673494,51.00579738566359],[12.264109861777408,50.990946112533365]],[[12.264109861777408,50.990946112533365],[12.249382446484905,50.982656890455104]],[[12.249382446484905,50.982656890455104],[12.244954159995611,50.98016446032552]],[[12.244954159995611,50.98016446032552],[12.238645251352532,50.973085575243296]],[[12.238645251352532,50.973085575243296],[12.233597080554071,50.961660394290305]],[[12.233597080554071,50.961660394290305],[12.240137596040276,50.96154131509004]],[[12.240137596040276,50.96154131509004],[12.241670361159597,50.961513408612404]],[[12.241670361159597,50.961513408612404],[12.238889746814658,50.95222728318662]],[[12.238889746814658,50.95222728318662],[12.224168974743996,50.94293505027838]],[[12.224168974743996,50.94293505027838],[12.21448163091673,50.93805224760239]],[[12.21448163091673,50.93805224760239],[12.211701773591692,50.94786053551691]],[[12.211701773591692,50.94786053551691],[12.21287364279331,50.950287286503254]],[[12.21287364279331,50.950287286503254],[12.214828799515777,50.95433609967447]],[[12.214828799515777,50.95433609967447],[12.2127651213654,50.95792008711233]],[[12.2127651213654,50.95792008711233],[12.207447260124383,50.95762147807522]],[[12.207447260124383,50.95762147807522],[12.19834088411834,50.95711013593234]],[[12.19834088411834,50.95711013593234],[12.18717720371969,50.96964011164591]],[[12.18717720371969,50.96964011164591],[12.1823031114204,50.97511073235012]],[[12.1823031114204,50.97511073235012],[12.170379258166804,50.97086836590306]],[[12.170379258166804,50.97086836590306],[12.163840925915903,50.96612314483683]],[[12.163840925915903,50.96612314483683],[12.163529435756034,50.958600098321995]],[[12.163529435756034,50.958600098321995],[12.152105605507503,50.963860635876266]],[[12.152105605507503,50.963860635876266],[12.145252567359652,50.96283554837952]],[[12.145252567359652,50.96283554837952],[12.134155267986618,50.96117559640846]],[[12.134155267986618,50.96117559640846],[12.13331169334215,50.96489818065712]],[[12.13331169334215,50.96489818065712],[12.113863795171941,50.97010952731199]],[[12.113863795171941,50.97010952731199],[12.091588962757521,50.97607839210568]],[[12.091588962757521,50.97607839210568],[12.076319673436856,50.97468095774236]],[[12.076319673436856,50.97468095774236],[12.072869728622628,50.9737189169087]],[[12.072869728622628,50.9737189169087],[12.05558851712416,50.968899939148734]],[[12.05558851712416,50.968899939148734],[12.044089916177171,50.97116769627751]],[[12.044089916177171,50.97116769627751],[12.037121730627257,50.97254196316147]],[[12.037121730627257,50.97254196316147],[12.021018649637583,50.969122515077004]],[[12.021018649637583,50.969122515077004],[12.01166196087728,50.970340301887184]],[[12.01166196087728,50.970340301887184],[12.01136287719857,50.97413780940711]],[[12.01136287719857,50.97413780940711],[12.014611490443746,50.97694602182133]],[[12.014611490443746,50.97694602182133],[12.01662729455952,50.978688551022366]],[[12.01662729455952,50.978688551022366],[12.005792524810571,50.99015929865044]],[[12.005792524810571,50.99015929865044],[12.002492449033372,50.98975724374564]],[[12.002492449033372,50.98975724374564],[11.999765472101444,50.98942501176198]],[[11.999765472101444,50.98942501176198],[11.998413364721257,50.990308325439415]],[[11.998413364721257,50.990308325439415],[11.994779672022577,50.992682167250756]],[[11.994779672022577,50.992682167250756],[11.987247678796248,50.991816801154464]],[[11.987247678796248,50.991816801154464],[11.974238077980772,50.99032210078208]],[[11.974238077980772,50.99032210078208],[11.969198245917571,50.99777616909072]],[[11.969198245917571,50.99777616909072],[11.973370281085948,50.999983380547555]],[[11.973370281085948,50.999983380547555],[11.977487395145548,51.00216153430955]],[[11.977487395145548,51.00216153430955],[11.975805927670677,51.009301634261845]],[[11.975805927670677,51.009301634261845],[11.979171164039538,51.01325336685855]],[[11.979171164039538,51.01325336685855],[11.97677373676393,51.01667546180895]],[[11.97677373676393,51.01667546180895],[11.975022698263263,51.0172554632244]],[[11.975022698263263,51.0172554632244],[11.966912766692262,51.01931761260143]],[[11.966912766692262,51.01931761260143],[11.95853836789202,51.021447010828304]],[[11.95853836789202,51.021447010828304],[11.951596065720624,51.02610762316204]],[[11.951596065720624,51.02610762316204],[11.947115475491875,51.02911560055537]],[[11.947115475491875,51.02911560055537],[11.942294041575384,51.03170989762124]],[[11.942294041575384,51.03170989762124],[11.934250413424003,51.02944039112345]],[[11.934250413424003,51.02944039112345],[11.927626316426249,51.027571406379906]],[[11.927626316426249,51.027571406379906],[11.920227621486761,51.02663786641036]],[[11.920227621486761,51.02663786641036],[11.910910050945208,51.029550013643785]],[[11.910910050945208,51.029550013643785],[11.913778089656406,51.031826001133]],[[11.913778089656406,51.031826001133],[11.913948437457114,51.033790439200786]],[[11.913948437457114,51.033790439200786],[11.914303270644416,51.03788231410443]],[[11.914303270644416,51.03788231410443],[11.90978411489005,51.04458851864051]],[[11.90978411489005,51.04458851864051],[11.90433493048569,51.044953040068826]],[[11.90433493048569,51.044953040068826],[11.898114939263996,51.04536912655302]],[[11.898114939263996,51.04536912655302],[11.892901205876827,51.05123337664116]],[[11.892901205876827,51.05123337664116],[11.889620342895924,51.05492359154143]],[[11.889620342895924,51.05492359154143],[11.87655954889882,51.05650549121805]],[[11.87655954889882,51.05650549121805],[11.868770231812881,51.053288788767]],[[11.868770231812881,51.053288788767],[11.864997592875374,51.051730826665505]],[[11.864997592875374,51.051730826665505],[11.862189126644056,51.05291549036347]],[[11.862189126644056,51.05291549036347],[11.859492364565272,51.05405303249706]],[[11.859492364565272,51.05405303249706],[11.849979337118063,51.052574983607606]],[[11.849979337118063,51.052574983607606],[11.843856338827337,51.051875602774004]],[[11.843856338827337,51.051875602774004],[11.806010465006771,51.0475527708945]],[[11.806010465006771,51.0475527708945],[11.79691906025621,51.04921318606716]],[[11.79691906025621,51.04921318606716],[11.776381484666379,51.052964080752176]],[[11.776381484666379,51.052964080752176],[11.771737067104851,51.0501693782997]],[[11.771737067104851,51.0501693782997],[11.771330396610363,51.047761725423676]],[[11.771330396610363,51.047761725423676],[11.770906778357901,51.04525372314275]],[[11.770906778357901,51.04525372314275],[11.7650540156377,51.04373200442638]],[[11.7650540156377,51.04373200442638],[11.759690026261463,51.04285810195297]],[[11.759690026261463,51.04285810195297],[11.759057236588612,51.045254621733775]],[[11.759057236588612,51.045254621733775],[11.759753456449364,51.04777598468285]],[[11.759753456449364,51.04777598468285],[11.754766544337672,51.04869092425259]],[[11.754766544337672,51.04869092425259],[11.752107524379706,51.04862059328441]],[[11.752107524379706,51.04862059328441],[11.746424073632566,51.053055064744285]],[[11.746424073632566,51.053055064744285],[11.74812226941393,51.05416314010429]],[[11.74812226941393,51.05416314010429],[11.751933978642512,51.056650284991576]],[[11.751933978642512,51.056650284991576],[11.75014221885599,51.05872320600581]],[[11.75014221885599,51.05872320600581],[11.720369616751507,51.07066785677954]],[[11.720369616751507,51.07066785677954],[11.708088994724164,51.06982332479074]],[[11.708088994724164,51.06982332479074],[11.702388214727693,51.06943128384653]],[[11.702388214727693,51.06943128384653],[11.700350230868288,51.07920618296096]],[[11.700350230868288,51.07920618296096],[11.696938354493396,51.08749113120968]],[[11.696938354493396,51.08749113120968],[11.691549475075549,51.09894988027509]],[[11.691549475075549,51.09894988027509],[11.671484042957442,51.10392906003588]],[[11.671484042957442,51.10392906003588],[11.671449377107107,51.103937662465995]],[[11.671449377107107,51.103937662465995],[11.6714114411933,51.103975943036964]],[[11.6714114411933,51.103975943036964],[11.664873682237426,51.11057346800918]],[[11.664873682237426,51.11057346800918],[11.651579189108482,51.109335898462334]],[[11.651579189108482,51.109335898462334],[11.649046527735301,51.10791636025734]],[[11.649046527735301,51.10791636025734],[11.64707973116168,51.10730206021684]],[[11.64707973116168,51.10730206021684],[11.63681419210419,51.1094182407455]],[[11.63681419210419,51.1094182407455],[11.625990745452476,51.10369642589789]],[[11.625990745452476,51.10369642589789],[11.619631340382798,51.10033452744156]],[[11.619631340382798,51.10033452744156],[11.617765448600688,51.10417280728506]],[[11.617765448600688,51.10417280728506],[11.616822519282012,51.106112480396106]],[[11.616822519282012,51.106112480396106],[11.601667626657218,51.11386702927781]],[[11.601667626657218,51.11386702927781],[11.57168390605609,51.11899896085757]],[[11.57168390605609,51.11899896085757],[11.560581463213436,51.11150085331618]],[[11.560581463213436,51.11150085331618],[11.55855681758012,51.110133494853386]],[[11.55855681758012,51.110133494853386],[11.557127374836723,51.11026398429502]],[[11.557127374836723,51.11026398429502],[11.548496389367358,51.11105187617817]],[[11.548496389367358,51.11105187617817],[11.545751194668133,51.10619030806094]],[[11.545751194668133,51.10619030806094],[11.543844509633624,51.10281368810601]],[[11.543844509633624,51.10281368810601],[11.533558067284805,51.10434298833345]],[[11.533558067284805,51.10434298833345],[11.513495860503438,51.107325663644055]],[[11.513495860503438,51.107325663644055],[11.510950713944228,51.10484847427796]],[[11.510950713944228,51.10484847427796],[11.509631743200467,51.10356472123039]],[[11.509631743200467,51.10356472123039],[11.502251081987325,51.102515153030645]],[[11.502251081987325,51.102515153030645],[11.487425380754921,51.102628424356475]],[[11.487425380754921,51.102628424356475],[11.484608316744598,51.10543747338105]],[[11.484608316744598,51.10543747338105],[11.464638559190004,51.11260157700189]],[[11.464638559190004,51.11260157700189],[11.463642047967813,51.12184849669111]],[[11.463642047967813,51.12184849669111],[11.462839713023406,51.12929355756331]],[[11.462839713023406,51.12929355756331],[11.457977360849862,51.138342674335554]],[[11.457977360849862,51.138342674335554],[11.453860758946192,51.1460039050795]],[[11.453860758946192,51.1460039050795],[11.464419029709598,51.14771187888764]],[[11.464419029709598,51.14771187888764],[11.472308861868864,51.148988187469186]],[[11.472308861868864,51.148988187469186],[11.478348904556148,51.157908416568795]],[[11.478348904556148,51.157908416568795],[11.474909671271186,51.16456238874228]],[[11.474909671271186,51.16456238874228],[11.48554826398516,51.16801741594649]],[[11.48554826398516,51.16801741594649],[11.473487470428653,51.16950836587903]],[[11.473487470428653,51.16950836587903],[11.470817272409363,51.1698384539808]],[[11.470817272409363,51.1698384539808],[11.470944629856875,51.17267493398572]],[[11.470944629856875,51.17267493398572],[11.471979471183944,51.17435206399573]],[[11.471979471183944,51.17435206399573],[11.471396123937197,51.17687108956655]],[[11.471396123937197,51.17687108956655],[11.470105071176754,51.18031014186738]],[[11.470105071176754,51.18031014186738],[11.469180002003524,51.18595919783059]],[[11.469180002003524,51.18595919783059],[11.468144220976061,51.19228432505408]],[[11.468144220976061,51.19228432505408],[11.459770814468202,51.19430270192968]],[[11.459770814468202,51.19430270192968],[11.457342263269641,51.194888095380456]],[[11.457342263269641,51.194888095380456],[11.452402909723942,51.19247752165258]],[[11.452402909723942,51.19247752165258],[11.445830322008078,51.204216077395174]],[[11.445830322008078,51.204216077395174],[11.443196128960818,51.20892070790629]],[[11.443196128960818,51.20892070790629],[11.428788764591303,51.212251748826816]],[[11.428788764591303,51.212251748826816],[11.407067803051355,51.20734007277436]],[[11.407067803051355,51.20734007277436],[11.40692140627223,51.20688534414039]],[[11.40692140627223,51.20688534414039],[11.40572153493935,51.20315832353288]],[[11.40572153493935,51.20315832353288],[11.399756003380697,51.20599242325966]],[[11.399756003380697,51.20599242325966],[11.392675469086162,51.203933925383204]],[[11.392675469086162,51.203933925383204],[11.388966236990363,51.20798498852112]],[[11.388966236990363,51.20798498852112],[11.389070250816346,51.210037614948924]],[[11.389070250816346,51.210037614948924],[11.389412105215634,51.21678379323917]],[[11.389412105215634,51.21678379323917],[11.373952331386157,51.219576484599116]],[[11.373952331386157,51.219576484599116],[11.373855223546993,51.21960514306344]],[[11.373855223546993,51.21960514306344],[11.365813755196118,51.221978360483284]],[[11.365813755196118,51.221978360483284],[11.368967418547424,51.229565560758495]],[[11.368967418547424,51.229565560758495],[11.385374531232777,51.24588697857221]],[[11.385374531232777,51.24588697857221],[11.399273558516292,51.24265797484008]],[[11.399273558516292,51.24265797484008],[11.398719470084721,51.2375168754237]],[[11.398719470084721,51.2375168754237],[11.401571378215637,51.2362713773305]],[[11.401571378215637,51.2362713773305],[11.412025530447137,51.241134311904986]],[[11.412025530447137,51.241134311904986],[11.421756753419475,51.25119400223172]],[[11.421756753419475,51.25119400223172],[11.424617376745196,51.254151182341694]],[[11.424617376745196,51.254151182341694],[11.42619218593639,51.255111480115545]],[[11.42619218593639,51.255111480115545],[11.43734434755724,51.26191191438453]],[[11.43734434755724,51.26191191438453],[11.438568058975934,51.266042138049]],[[11.438568058975934,51.266042138049],[11.44024092806593,51.27168834459302]],[[11.44024092806593,51.27168834459302],[11.445134177688976,51.2718414869752]],[[11.445134177688976,51.2718414869752],[11.447367614239013,51.27191138592302]],[[11.447367614239013,51.27191138592302],[11.454228933528995,51.27610859521793]],[[11.454228933528995,51.27610859521793],[11.453842315733258,51.279532718350865]],[[11.453842315733258,51.279532718350865],[11.453418271541066,51.283288323521084]],[[11.453418271541066,51.283288323521084],[11.459120282686383,51.292593483659225]],[[11.459120282686383,51.292593483659225],[11.465635585926545,51.28994880750255]],[[11.465635585926545,51.28994880750255],[11.467594550154498,51.28915362821713]],[[11.467594550154498,51.28915362821713],[11.473016308788727,51.296467633289865]],[[11.473016308788727,51.296467633289865],[11.473758485840126,51.298933937073414]],[[11.473758485840126,51.298933937073414],[11.467082828928769,51.30448225012853]],[[11.467082828928769,51.30448225012853],[11.428030596485524,51.3265187382153]],[[11.428030596485524,51.3265187382153],[11.415890419195469,51.333369226654234]],[[11.415890419195469,51.333369226654234],[11.428868285830294,51.33980999509692]],[[11.428868285830294,51.33980999509692],[11.427328545485075,51.34238498655901]],[[11.427328545485075,51.34238498655901],[11.41204214322341,51.342488440755346]],[[11.41204214322341,51.342488440755346],[11.411368426849918,51.341089736652116]],[[11.411368426849918,51.341089736652116],[11.408992155194532,51.34024547943343]],[[11.408992155194532,51.34024547943343],[11.406297722235292,51.34079052575973]],[[11.406297722235292,51.34079052575973],[11.40577317006717,51.342203912702644]],[[11.40577317006717,51.342203912702644],[11.399436771260495,51.344836046785865]],[[11.399436771260495,51.344836046785865],[11.400975046638502,51.34943700616633]],[[7.302934700232066,49.20473623397126],[7.297468914975784,49.205278846352975]],[[7.297468914975784,49.205278846352975],[7.299086189083886,49.21099853359749]],[[7.299086189083886,49.21099853359749],[7.302168415083958,49.22189919467076]],[[7.302168415083958,49.22189919467076],[7.29554255800915,49.226701159825076]],[[7.29554255800915,49.226701159825076],[7.29009150991474,49.23065170381669]],[[7.29009150991474,49.23065170381669],[7.291408279330938,49.23857354024712]],[[7.291408279330938,49.23857354024712],[7.298724406707434,49.24276200868379]],[[7.298724406707434,49.24276200868379],[7.301700588430734,49.244465866579745]],[[7.301700588430734,49.244465866579745],[7.30259875602232,49.24628633968899]],[[7.30259875602232,49.24628633968899],[7.307140088612109,49.255491044064975]],[[7.307140088612109,49.255491044064975],[7.312188940819727,49.25702748581966]],[[7.312188940819727,49.25702748581966],[7.315048647089507,49.25305265399472]],[[7.315048647089507,49.25305265399472],[7.316154083139817,49.251516160115905]],[[7.316154083139817,49.251516160115905],[7.323765303142787,49.24843207326142]],[[7.323765303142787,49.24843207326142],[7.325459208908548,49.25448584692573]],[[7.325459208908548,49.25448584692573],[7.326418060807731,49.257912644362776]],[[7.326418060807731,49.257912644362776],[7.3292393044808035,49.259312211328265]],[[7.3292393044808035,49.259312211328265],[7.338408770254276,49.26386101573386]],[[7.338408770254276,49.26386101573386],[7.343470816833732,49.27023751820068]],[[7.343470816833732,49.27023751820068],[7.342985905498165,49.273415572585755]],[[7.342985905498165,49.273415572585755],[7.341027169125351,49.27436276733239]],[[7.341027169125351,49.27436276733239],[7.335966199981211,49.276810124412044]],[[7.335966199981211,49.276810124412044],[7.336579582895768,49.279124837887196]],[[7.336579582895768,49.279124837887196],[7.353488530567962,49.28262632952077]],[[7.353488530567962,49.28262632952077],[7.355924983083283,49.281712894903876]],[[7.355924983083283,49.281712894903876],[7.363937978796518,49.2787087919455]],[[7.363937978796518,49.2787087919455],[7.366883818599114,49.28222523205022]],[[7.366883818599114,49.28222523205022],[7.374003569000687,49.28258551294832]],[[7.374003569000687,49.28258551294832],[7.384295790360264,49.29352553944081]],[[7.384295790360264,49.29352553944081],[7.38219842696801,49.29640277912194]],[[7.38219842696801,49.29640277912194],[7.379984587004127,49.299439805758134]],[[7.379984587004127,49.299439805758134],[7.381689333066331,49.307317310089026]],[[7.381689333066331,49.307317310089026],[7.394494199671221,49.31635188738877]],[[7.394494199671221,49.31635188738877],[7.382290297122402,49.32122262672922]],[[7.382290297122402,49.32122262672922],[7.3999820491735475,49.33669065914605]],[[7.3999820491735475,49.33669065914605],[7.4018529013371115,49.34542608217716]],[[7.4018529013371115,49.34542608217716],[7.394014109539253,49.352072926093385]],[[7.394014109539253,49.352072926093385],[7.400081976959829,49.355937336712145]],[[7.400081976959829,49.355937336712145],[7.3955645337806635,49.36322556060011]],[[7.3955645337806635,49.36322556060011],[7.402075702232433,49.36771857076236]],[[7.402075702232433,49.36771857076236],[7.395898624905311,49.37204597649551]],[[7.395898624905311,49.37204597649551],[7.367618527716706,49.364025582102045]],[[7.367618527716706,49.364025582102045],[7.367982654654843,49.368684662642295]],[[7.367982654654843,49.368684662642295],[7.368340880870432,49.37326823470912]],[[7.368340880870432,49.37326823470912],[7.3610440802077655,49.37428031535168]],[[7.3610440802077655,49.37428031535168],[7.35604343840307,49.374973914182185]],[[7.35604343840307,49.374973914182185],[7.354501804236664,49.378592092776316]],[[7.354501804236664,49.378592092776316],[7.353990785750346,49.379791441366]],[[7.353990785750346,49.379791441366],[7.345916886297338,49.379959410540614]],[[7.345916886297338,49.379959410540614],[7.322608523424272,49.38044431811555]],[[7.322608523424272,49.38044431811555],[7.306140891298345,49.386294526585786]],[[7.306140891298345,49.386294526585786],[7.302971770667458,49.38742037417307]],[[7.302971770667458,49.38742037417307],[7.298084022917166,49.38829422356902]],[[7.298084022917166,49.38829422356902],[7.290258806828462,49.389693245166875]],[[7.290258806828462,49.389693245166875],[7.296073026400712,49.39560377257346]],[[7.296073026400712,49.39560377257346],[7.298941286803512,49.39851954223342]],[[7.298941286803512,49.39851954223342],[7.29260139206039,49.40822243316719]],[[7.29260139206039,49.40822243316719],[7.290070228763249,49.41470544950581]],[[7.290070228763249,49.41470544950581],[7.273000974244665,49.42378599998707]],[[7.273000974244665,49.42378599998707],[7.2616446191758275,49.4243190576205]],[[7.2616446191758275,49.4243190576205],[7.252589235478003,49.43146549444181]],[[7.252589235478003,49.43146549444181],[7.2511792457034945,49.43543516126328]],[[7.2511792457034945,49.43543516126328],[7.25245059254678,49.43759015867257]],[[7.25245059254678,49.43759015867257],[7.254151382954882,49.440473080285614]],[[7.254151382954882,49.440473080285614],[7.2523493553048475,49.442062459638684]],[[7.2523493553048475,49.442062459638684],[7.248004096113609,49.4458949577157]],[[7.248004096113609,49.4458949577157],[7.270636255981831,49.45275299984858]],[[7.270636255981831,49.45275299984858],[7.2869272520860315,49.45768952971754]],[[7.2869272520860315,49.45768952971754],[7.288250636059327,49.46040511191083]],[[7.288250636059327,49.46040511191083],[7.288810012890629,49.46155295278054]],[[7.288810012890629,49.46155295278054],[7.289961571792885,49.46203314156271]],[[7.289961571792885,49.46203314156271],[7.29935931856602,49.465951916977566]],[[7.29935931856602,49.465951916977566],[7.304916590680926,49.47419538659068]],[[7.304916590680926,49.47419538659068],[7.296841140852513,49.48354943885385]],[[7.296841140852513,49.48354943885385],[7.28761956384273,49.48429472521692]],[[7.28761956384273,49.48429472521692],[7.281259145668193,49.48480877200752]],[[7.281259145668193,49.48480877200752],[7.282948783864094,49.4942033161432]],[[7.282948783864094,49.4942033161432],[7.2837732650251645,49.495176243552145]],[[7.2837732650251645,49.495176243552145],[7.287067095655259,49.499063113870584]],[[7.287067095655259,49.499063113870584],[7.283591373496561,49.502731446502885]],[[7.283591373496561,49.502731446502885],[7.280944456456692,49.50552504469541]],[[7.280944456456692,49.50552504469541],[7.287493796387276,49.51321499000983]],[[7.287493796387276,49.51321499000983],[7.287151194381005,49.51765960044436]],[[7.287151194381005,49.51765960044436],[7.2917744681245065,49.52102931879287]],[[7.2917744681245065,49.52102931879287],[7.2991318860382615,49.520535274331536]],[[7.2991318860382615,49.520535274331536],[7.307831324174086,49.51995111383357]],[[7.307831324174086,49.51995111383357],[7.308519624951637,49.52424737745639]],[[7.308519624951637,49.52424737745639],[7.300123777079923,49.530616094369506]],[[7.300123777079923,49.530616094369506],[7.302014842624659,49.53481212635605]],[[7.302014842624659,49.53481212635605],[7.292599818343601,49.53596751223579]],[[7.292599818343601,49.53596751223579],[7.277451305266667,49.53782649483466]],[[7.277451305266667,49.53782649483466],[7.276622300908742,49.54862360971924]],[[7.276622300908742,49.54862360971924],[7.273945551467799,49.55285414001392]],[[7.273945551467799,49.55285414001392],[7.274043410238962,49.55404673521792]],[[7.274043410238962,49.55404673521792],[7.2746200443217335,49.561074159100556]],[[7.2746200443217335,49.561074159100556],[7.273071779448414,49.56227245515742]],[[7.273071779448414,49.56227245515742],[7.2710655286399675,49.5622601457417]],[[7.2710655286399675,49.5622601457417],[7.270143842758635,49.56224709660657]],[[7.270143842758635,49.56224709660657],[7.269212105412775,49.56223390574534]],[[7.269212105412775,49.56223390574534],[7.267481045570565,49.56387758834128]],[[7.267481045570565,49.56387758834128],[7.268911852490343,49.56483783740765]],[[7.268911852490343,49.56483783740765],[7.269163160094633,49.56500649580992]],[[7.269163160094633,49.56500649580992],[7.267722774704039,49.568081138458965]],[[7.267722774704039,49.568081138458965],[7.267171724862213,49.5684971362366]],[[7.267171724862213,49.5684971362366],[7.266045154938302,49.569347604479276]],[[7.266045154938302,49.569347604479276],[7.2637582184779435,49.570614364034746]],[[7.2637582184779435,49.570614364034746],[7.263426613133401,49.57571749856638]],[[7.263426613133401,49.57571749856638],[7.263604265069563,49.57599911380856]],[[7.263604265069563,49.57599911380856],[7.26870417468201,49.58408350569298]],[[7.26870417468201,49.58408350569298],[7.262379219278444,49.583300982837486]],[[7.262379219278444,49.583300982837486],[7.257142518931127,49.577851149583324]],[[7.257142518931127,49.577851149583324],[7.255323668009477,49.57595827238812]],[[7.255323668009477,49.57595827238812],[7.2494897093357284,49.574374607908176]],[[7.2494897093357284,49.574374607908176],[7.242797937642367,49.57329320971669]],[[7.242797937642367,49.57329320971669],[7.240829415244031,49.56897414738199]],[[7.240829415244031,49.56897414738199],[7.223962070140341,49.56502333969565]],[[7.223962070140341,49.56502333969565],[7.210533867837991,49.5687244162061]],[[7.210533867837991,49.5687244162061],[7.21104994990377,49.56975800466845]],[[7.21104994990377,49.56975800466845],[7.213086268910909,49.57383626467371]],[[7.213086268910909,49.57383626467371],[7.2099989668469675,49.577148452103714]],[[7.2099989668469675,49.577148452103714],[7.192526121625794,49.576947964715295]],[[7.192526121625794,49.576947964715295],[7.187782881979446,49.57689354031229]],[[7.187782881979446,49.57689354031229],[7.17388491005994,49.5857543442034]],[[7.17388491005994,49.5857543442034],[7.173808710695277,49.59166027434828]],[[7.173808710695277,49.59166027434828],[7.173713133273697,49.59906809398996]],[[7.173713133273697,49.59906809398996],[7.16961942876361,49.59751678070634]],[[7.16961942876361,49.59751678070634],[7.16863732252543,49.59714461059609]],[[7.16863732252543,49.59714461059609],[7.165443900308003,49.597050408191954]],[[7.165443900308003,49.597050408191954],[7.163017752484766,49.59797440039507]],[[7.163017752484766,49.59797440039507],[7.161515304050496,49.598546605454224]],[[7.161515304050496,49.598546605454224],[7.1512997809809935,49.603442909764375]],[[7.1512997809809935,49.603442909764375],[7.140953932270093,49.599503836630696]],[[7.140953932270093,49.599503836630696],[7.132811173717912,49.59640356731655]],[[7.132811173717912,49.59640356731655],[7.108074195978576,49.59875701440836]],[[7.108074195978576,49.59875701440836],[7.104163154906376,49.60205412643882]],[[7.104163154906376,49.60205412643882],[7.101460010002614,49.60433295090242]],[[7.101460010002614,49.60433295090242],[7.095502364842142,49.602654481742924]],[[7.095502364842142,49.602654481742924],[7.088462885873437,49.600671222706985]],[[7.088462885873437,49.600671222706985],[7.081801404560046,49.6092785129365]],[[7.081801404560046,49.6092785129365],[7.079630074017239,49.61208408660333]],[[7.079630074017239,49.61208408660333],[7.0594230949159895,49.62997677820569]],[[7.0594230949159895,49.62997677820569],[7.0279799592566805,49.639438543545104]],[[7.0279799592566805,49.639438543545104],[7.026302339315792,49.638476961895954]],[[7.026302339315792,49.638476961895954],[7.020022877200057,49.63292541584718]],[[7.020022877200057,49.63292541584718],[7.017097156992278,49.631033999783654]],[[7.017097156992278,49.631033999783654],[7.012397423267763,49.62835865492985]],[[7.012397423267763,49.62835865492985],[7.008308505893794,49.629484128184544]],[[7.008308505893794,49.629484128184544],[7.006092755852615,49.62990870132748]],[[7.006092755852615,49.62990870132748],[7.001023670630118,49.63088001755703]],[[7.001023670630118,49.63088001755703],[6.99956538650762,49.63019538347434]],[[6.99956538650762,49.63019538347434],[6.990680654322505,49.62602418623651]],[[6.990680654322505,49.62602418623651],[6.99109158710754,49.630567554750726]],[[6.99109158710754,49.630567554750726],[6.991534804282692,49.635467890639724]],[[6.991534804282692,49.635467890639724],[6.980634352402899,49.63302591268175]],[[6.980634352402899,49.63302591268175],[6.976780229532412,49.634872242802274]],[[6.976780229532412,49.634872242802274],[6.967526203192544,49.63160254938036]],[[6.967526203192544,49.63160254938036],[6.951411213931605,49.62590869418749]],[[6.951411213931605,49.62590869418749],[6.948025875712441,49.63245900570169]],[[6.948025875712441,49.63245900570169],[6.946761026039873,49.634906371397115]],[[6.946761026039873,49.634906371397115],[6.932763170716013,49.63102688297958]],[[6.932763170716013,49.63102688297958],[6.935726884826139,49.62573907820271]],[[6.935726884826139,49.62573907820271],[6.93551018384901,49.6236062440035]],[[6.93551018384901,49.6236062440035],[6.935085569025402,49.619427049808294]],[[6.935085569025402,49.619427049808294],[6.9363666474711945,49.6172658747531]],[[6.9363666474711945,49.6172658747531],[6.93165925199905,49.61701041905522]],[[6.93165925199905,49.61701041905522],[6.929713398828752,49.6169048225698]],[[6.929713398828752,49.6169048225698],[6.92901745111893,49.61513032548432]],[[6.92901745111893,49.61513032548432],[6.928026954631902,49.612604797474056]],[[6.928026954631902,49.612604797474056],[6.923001485889118,49.61485681823541]],[[6.923001485889118,49.61485681823541],[6.9193703617291575,49.61648400249457]],[[6.9193703617291575,49.61648400249457],[6.904787487459572,49.6143418401041]],[[6.904787487459572,49.6143418401041],[6.893931639784139,49.615945918395056]],[[6.893931639784139,49.615945918395056],[6.891453966945694,49.613422548312826]],[[6.891453966945694,49.613422548312826],[6.886752781698621,49.612328654021546]],[[6.886752781698621,49.612328654021546],[6.886720466458227,49.612090671043475]],[[6.886720466458227,49.612090671043475],[6.886273437029763,49.60879856431714]],[[6.886273437029763,49.60879856431714],[6.881344195568652,49.60707314098256]],[[6.881344195568652,49.60707314098256],[6.878685345223809,49.60209286480973]],[[6.878685345223809,49.60209286480973],[6.870399810091628,49.60749848198612]],[[6.870399810091628,49.60749848198612],[6.869910730992039,49.60781756529601]],[[6.869910730992039,49.60781756529601],[6.8641520654747925,49.607867499875184]],[[6.8641520654747925,49.607867499875184],[6.8573107861641285,49.60458802035487]],[[6.8573107861641285,49.60458802035487],[6.8534901749877255,49.5997525512783]],[[6.8534901749877255,49.5997525512783],[6.846424025080418,49.59080944391791]],[[6.846424025080418,49.59080944391791],[6.842379095878952,49.591821625261325]],[[6.842379095878952,49.591821625261325],[6.839124614381004,49.59263600766702]],[[6.839124614381004,49.59263600766702],[6.839874964654221,49.59003421095164]],[[6.839874964654221,49.59003421095164],[6.840441040273736,49.58807137205851]],[[6.840441040273736,49.58807137205851],[6.835420765401125,49.58293204948222]],[[6.835420765401125,49.58293204948222],[6.82944418648737,49.58586428958594]],[[6.82944418648737,49.58586428958594],[6.8242627701765,49.58840640555914]],[[6.8242627701765,49.58840640555914],[6.821119819356408,49.58738458497661]],[[6.821119819356408,49.58738458497661],[6.8129705731351775,49.59141677234407]],[[6.8129705731351775,49.59141677234407],[6.803374225046495,49.58862278289201]],[[6.803374225046495,49.58862278289201],[6.800408744395032,49.5864569692806]],[[6.800408744395032,49.5864569692806],[6.77963970315736,49.571288471783475]],[[6.77963970315736,49.571288471783475],[6.769689431734925,49.568854626053316]],[[6.769689431734925,49.568854626053316],[6.767499885286663,49.56904346147719]],[[6.767499885286663,49.56904346147719],[6.764581157199869,49.56775787497631]],[[6.764581157199869,49.56775787497631],[6.761481130550749,49.56489895196688]],[[6.761481130550749,49.56489895196688],[6.758438540982767,49.56254651539418]],[[6.758438540982767,49.56254651539418],[6.7568767910928855,49.561440875059404]],[[6.7568767910928855,49.561440875059404],[6.745573913413045,49.557798907337364]],[[6.745573913413045,49.557798907337364],[6.7369558523013335,49.55890168290101]],[[6.7369558523013335,49.55890168290101],[6.731603023120608,49.55958663591264]],[[6.731603023120608,49.55958663591264],[6.718442864251328,49.555406553385225]],[[6.718442864251328,49.555406553385225],[6.708632633075902,49.552695017405206]],[[6.708632633075902,49.552695017405206],[6.7014257378003315,49.5434722441605]],[[6.7014257378003315,49.5434722441605],[6.700277238168756,49.54200249439631]],[[6.700277238168756,49.54200249439631],[6.6903955191014655,49.53612974692862]],[[6.6903955191014655,49.53612974692862],[6.687859228065026,49.540284327239995]],[[6.687859228065026,49.540284327239995],[6.6834665694016575,49.547479733112695]],[[6.6834665694016575,49.547479733112695],[6.668134868654287,49.54435352639551]],[[6.668134868654287,49.54435352639551],[6.662355835508928,49.54317515240426]],[[6.662355835508928,49.54317515240426],[6.658457069905288,49.54635008662055]],[[6.658457069905288,49.54635008662055],[6.652872650351395,49.55089772040886]],[[6.652872650351395,49.55089772040886],[6.650428589942859,49.5495121148865]],[[6.650428589942859,49.5495121148865],[6.650664942545871,49.54673119962492]],[[6.650664942545871,49.54673119962492],[6.650950006236824,49.54337715116014]],[[6.650950006236824,49.54337715116014],[6.643832546344415,49.538604746647884]],[[6.643832546344415,49.538604746647884],[6.638257349580852,49.54029544770388]],[[6.638257349580852,49.54029544770388],[6.633876908601211,49.541623833601435]],[[6.633876908601211,49.541623833601435],[6.618910693403689,49.535875158889155]],[[6.618910693403689,49.535875158889155],[6.618285061498687,49.530369610123664]],[[6.618285061498687,49.530369610123664],[6.608399547523063,49.527481850018304]],[[6.608399547523063,49.527481850018304],[6.608753485422111,49.52499194954342]],[[6.608753485422111,49.52499194954342],[6.609378179209877,49.52059731919438]],[[6.609378179209877,49.52059731919438],[6.603576748369241,49.51762576355638]],[[6.603576748369241,49.51762576355638],[6.589757056356043,49.51744941012011]],[[6.589757056356043,49.51744941012011],[6.582771334156057,49.52055765432731]],[[6.582771334156057,49.52055765432731],[6.577473133391744,49.53017776185312]],[[6.577473133391744,49.53017776185312],[6.5764917573222315,49.53195967626668]],[[6.5764917573222315,49.53195967626668],[6.563962993733113,49.54055763623469]],[[6.563962993733113,49.54055763623469],[6.558089812708302,49.5380198283362]],[[6.558089812708302,49.5380198283362],[6.554226425636848,49.536350456558274]],[[6.554226425636848,49.536350456558274],[6.548886368962982,49.53712750232311]],[[6.548886368962982,49.53712750232311],[6.53807887540689,49.538700127548594]],[[6.53807887540689,49.538700127548594],[6.533114358052771,49.53559831359531]],[[6.533114358052771,49.53559831359531],[6.522228840030474,49.52879708048054]],[[6.522228840030474,49.52879708048054],[6.51616449441226,49.52878706467937]],[[6.51616449441226,49.52878706467937],[6.51515003902126,49.533856569896244]],[[6.51515003902126,49.533856569896244],[6.514930445146482,49.534953932893934]],[[6.514930445146482,49.534953932893934],[6.504819026573893,49.53285491762185]],[[6.504819026573893,49.53285491762185],[6.4946044148477595,49.53073448178332]],[[6.4946044148477595,49.53073448178332],[6.483754486967276,49.537239856963666]],[[6.483754486967276,49.537239856963666],[6.476594439932631,49.54153286018661]],[[6.476594439932631,49.54153286018661],[6.467011649421389,49.54300965176921]],[[6.467011649421389,49.54300965176921],[6.465028096946186,49.54248206124506]],[[6.465028096946186,49.54248206124506],[6.452546662427994,49.539162220898184]],[[6.452546662427994,49.539162220898184],[6.439792903698358,49.54504282677467]],[[6.439792903698358,49.54504282677467],[6.433571996831714,49.547911212833085]],[[6.433571996831714,49.547911212833085],[6.424509282921461,49.54766412403742]],[[6.424509282921461,49.54766412403742],[6.422509567835136,49.54679666997633]],[[6.422509567835136,49.54679666997633],[6.415645476074677,49.54381910575644]],[[6.415645476074677,49.54381910575644],[6.40704164974874,49.54792085077301]],[[6.40704164974874,49.54792085077301],[6.380052606215379,49.551105030157615]],[[7.368755544779593,49.161458090158554],[7.363051084550912,49.15948129557108]],[[7.363051084550912,49.15948129557108],[7.351316403419402,49.16244639480269]],[[7.351316403419402,49.16244639480269],[7.336408547608802,49.176063792641706]],[[7.336408547608802,49.176063792641706],[7.337043045237018,49.184574463562306]],[[7.337043045237018,49.184574463562306],[7.3203408043764755,49.18949910810141]],[[7.3203408043764755,49.18949910810141],[7.303558271646263,49.20467432860639]],[[7.303558271646263,49.20467432860639],[7.302934700232066,49.20473623397126]],[[8.125776634084326,50.685813921922396],[8.12025432373162,50.677670481611784]],[[8.12025432373162,50.677670481611784],[8.112583420984134,50.67556801469766]],[[8.112583420984134,50.67556801469766],[8.110229558573982,50.67090098055044]],[[8.110229558573982,50.67090098055044],[8.109688164598444,50.66515556842829]],[[8.109688164598444,50.66515556842829],[8.109907918793745,50.660019559174366]],[[8.109907918793745,50.660019559174366],[8.11009271230722,50.657251079437316]],[[8.11009271230722,50.657251079437316],[8.11269129949016,50.6540546489249]],[[8.11269129949016,50.6540546489249],[8.115564579199143,50.651863409313655]],[[8.115564579199143,50.651863409313655],[8.120951541575673,50.648130467090496]],[[8.120951541575673,50.648130467090496],[8.122108553748815,50.64737328936518]],[[8.122108553748815,50.64737328936518],[8.12662953503575,50.644414639892894]],[[8.12662953503575,50.644414639892894],[8.12863450929488,50.64036436231861]],[[8.12863450929488,50.64036436231861],[8.129983876631824,50.637638486715716]],[[8.129983876631824,50.637638486715716],[8.132696909129107,50.63600131455239]],[[8.132696909129107,50.63600131455239],[8.138934381170419,50.63223732867646]],[[8.138934381170419,50.63223732867646],[8.140455701807484,50.627254999284006]],[[8.140455701807484,50.627254999284006],[8.13689146037464,50.617915735985434]],[[8.13689146037464,50.617915735985434],[8.133262696043008,50.61505141114763]],[[8.133262696043008,50.61505141114763],[8.127457961637676,50.61046950858198]],[[8.127457961637676,50.61046950858198],[8.127958689060051,50.607718894314885]],[[8.127958689060051,50.607718894314885],[8.151592202012255,50.59937106462822]],[[8.151592202012255,50.59937106462822],[8.147142190105097,50.58211313540793]],[[8.147142190105097,50.58211313540793],[8.141918716315775,50.57406925038038]],[[8.141918716315775,50.57406925038038],[8.133014901183609,50.56035783034719]],[[8.133014901183609,50.56035783034719],[8.134916393298269,50.55575408773178]],[[8.134916393298269,50.55575408773178],[8.136755843245988,50.551300553162434]],[[8.136755843245988,50.551300553162434],[8.130170290982438,50.55021772957043]],[[8.130170290982438,50.55021772957043],[8.12181307701884,50.54884360375269]],[[8.12181307701884,50.54884360375269],[8.111899078047868,50.54269054923475]],[[8.111899078047868,50.54269054923475],[8.114596193818986,50.5393773710546]],[[8.114596193818986,50.5393773710546],[8.114783429966495,50.53938579317448]],[[8.114783429966495,50.53938579317448],[8.120880621488139,50.539660059080205]],[[8.120880621488139,50.539660059080205],[8.117430463805993,50.535401824994004]],[[8.117430463805993,50.535401824994004],[8.103668766000517,50.53348820087198]],[[8.103668766000517,50.53348820087198],[8.090192214227198,50.53723051627999]],[[8.090192214227198,50.53723051627999],[8.085335960033245,50.5385790542742]],[[8.085335960033245,50.5385790542742],[8.07966725470219,50.53835672884308]],[[8.07966725470219,50.53835672884308],[8.070521559930302,50.5379980380839]],[[8.070521559930302,50.5379980380839],[8.06992011273204,50.54131154513308]],[[8.06992011273204,50.54131154513308],[8.06974992549137,50.542249151904834]],[[8.06974992549137,50.542249151904834],[8.06904970968416,50.54594352947952]],[[8.06904970968416,50.54594352947952],[8.04161146101055,50.55699351297623]],[[8.04161146101055,50.55699351297623],[8.041330331883431,50.55466748849648]],[[8.041330331883431,50.55466748849648],[8.041160378966275,50.55326130870012]],[[8.041160378966275,50.55326130870012],[8.037497433785555,50.552570975571925]],[[8.037497433785555,50.552570975571925],[8.033965529039218,50.55190533992704]],[[8.033965529039218,50.55190533992704],[8.029212940241344,50.5501752592116]],[[8.029212940241344,50.5501752592116],[8.023840875896521,50.54214599785289]],[[8.023840875896521,50.54214599785289],[8.011110011061964,50.531469094558275]],[[8.011110011061964,50.531469094558275],[8.010392648021671,50.53086746802794]],[[8.010392648021671,50.53086746802794],[8.01031241379874,50.53083126012013]],[[8.01031241379874,50.53083126012013],[7.996302738451089,50.524508936195794]],[[7.996302738451089,50.524508936195794],[7.994019773038167,50.522246626820944]],[[7.994019773038167,50.522246626820944],[7.995681435764385,50.51948108547881]],[[7.995681435764385,50.51948108547881],[7.995708145404597,50.51915230281661]],[[7.995708145404597,50.51915230281661],[7.995891529049132,50.51689499895069]],[[7.995891529049132,50.51689499895069],[7.990755955916219,50.514683583317485]],[[7.990755955916219,50.514683583317485],[7.989443836622512,50.51414276858044]],[[7.989443836622512,50.51414276858044],[7.982937218581169,50.511460944861675]],[[7.982937218581169,50.511460944861675],[7.985674615404443,50.50580410982371]],[[7.985674615404443,50.50580410982371],[7.989330563127712,50.498249083282765]],[[7.989330563127712,50.498249083282765],[7.983625159558306,50.496062574848246]],[[7.983625159558306,50.496062574848246],[7.983465761257616,50.49603966290614]],[[7.983465761257616,50.49603966290614],[7.980578006296995,50.495624581543716]],[[7.980578006296995,50.495624581543716],[7.978903238858108,50.49538385231632]],[[7.978903238858108,50.49538385231632],[7.979348062550558,50.48654735611473]],[[7.979348062550558,50.48654735611473],[7.980578005676785,50.484815598817406]],[[7.980578005676785,50.484815598817406],[7.982348238943812,50.483573843742434]],[[7.982348238943812,50.483573843742434],[7.9861160714273,50.48093084490058]],[[7.9861160714273,50.48093084490058],[7.986482750749853,50.4789921643212]],[[7.986482750749853,50.4789921643212],[7.987667915490894,50.47272603912893]],[[7.987667915490894,50.47272603912893],[7.995113571578778,50.46934985861183]],[[7.995113571578778,50.46934985861183],[7.999972097957157,50.46348657172579]],[[7.999972097957157,50.46348657172579],[8.000771070195636,50.46315849026584]],[[8.000771070195636,50.46315849026584],[8.009759040865674,50.45946775557219]],[[8.009759040865674,50.45946775557219],[8.009838327828238,50.452646045147254]],[[8.009838327828238,50.452646045147254],[8.001020951233551,50.44530592080356]],[[8.001020951233551,50.44530592080356],[7.998974565301287,50.444881240269105]],[[7.998974565301287,50.444881240269105],[7.989391483934306,50.44289249036073]],[[7.989391483934306,50.44289249036073],[7.988056941637939,50.439851231882194]],[[7.988056941637939,50.439851231882194],[7.980578006492392,50.43756694673585]],[[7.980578006492392,50.43756694673585],[7.975119978584415,50.435899906559904]],[[7.975119978584415,50.435899906559904],[7.980578006115963,50.43550566416125]],[[7.980578006115963,50.43550566416125],[7.9876032628477285,50.43499821684926]],[[7.9876032628477285,50.43499821684926],[7.987229410909907,50.43246665029442]],[[7.987229410909907,50.43246665029442],[7.9865283808176155,50.42771957401205]],[[7.9865283808176155,50.42771957401205],[7.980578005645496,50.41949153405745]],[[7.980578005645496,50.41949153405745],[7.978192753473093,50.41619326172607]],[[7.978192753473093,50.41619326172607],[7.971301839322963,50.41563125973896]],[[7.971301839322963,50.41563125973896],[7.966172007692134,50.41521288587106]],[[7.966172007692134,50.41521288587106],[7.965386417788772,50.410804690111426]],[[7.965386417788772,50.410804690111426],[7.971559469676734,50.406220431622]],[[7.971559469676734,50.406220431622],[7.980578005741833,50.40710657037255]],[[7.980578005741833,50.40710657037255],[7.982397770986783,50.407285375437006]],[[7.982397770986783,50.407285375437006],[7.985916788084614,50.40424522778423]],[[7.985916788084614,50.40424522778423],[7.989643202897542,50.401025906924744]],[[7.989643202897542,50.401025906924744],[7.989626721397815,50.39817151150986]],[[7.989626721397815,50.39817151150986],[8.003886744689028,50.39868396485946]],[[8.003886744689028,50.39868396485946],[8.012445053167525,50.400595611338076]],[[8.012445053167525,50.400595611338076],[8.014000904451903,50.40094313679065]],[[8.014000904451903,50.40094313679065],[8.023757469945235,50.40076613551575]],[[8.023757469945235,50.40076613551575],[8.02156196369302,50.39283059192587]],[[8.02156196369302,50.39283059192587],[8.02036227474076,50.38849437943411]],[[8.02036227474076,50.38849437943411],[8.014559278906987,50.384524953259536]],[[8.014559278906987,50.384524953259536],[8.032472147850397,50.38198707319884]],[[8.032472147850397,50.38198707319884],[8.032848169623845,50.38212477024073]],[[8.032848169623845,50.38212477024073],[8.04197476890211,50.385466886922494]],[[8.04197476890211,50.385466886922494],[8.046903358102341,50.37678219051228]],[[8.046903358102341,50.37678219051228],[8.047014398841975,50.37658652627479]],[[8.047014398841975,50.37658652627479],[8.047206346059435,50.37666702078695]],[[8.047206346059435,50.37666702078695],[8.052147820430836,50.37873927230874]],[[8.052147820430836,50.37873927230874],[8.052537404059427,50.37565094148472]],[[8.052537404059427,50.37565094148472],[8.059988274527685,50.37411129506667]],[[8.059988274527685,50.37411129506667],[8.063852034432593,50.368817540268005]],[[8.063852034432593,50.368817540268005],[8.069977669202506,50.358144426640116]],[[8.069977669202506,50.358144426640116],[8.07042516835893,50.35575013269886]],[[8.07042516835893,50.35575013269886],[8.075933835091277,50.34925736606305]],[[8.075933835091277,50.34925736606305],[8.076892931181623,50.339247371382854]],[[8.076892931181623,50.339247371382854],[8.074315592649992,50.336120322634784]],[[8.074315592649992,50.336120322634784],[8.071436034641957,50.33262659690043]],[[8.071436034641957,50.33262659690043],[8.075224486179758,50.32990586754476]],[[8.075224486179758,50.32990586754476],[8.083748498444749,50.32994067452131]],[[8.083748498444749,50.32994067452131],[8.086298878696903,50.329951088428444]],[[8.086298878696903,50.329951088428444],[8.101384481711918,50.32658020310295]],[[8.101384481711918,50.32658020310295],[8.106183062011924,50.321432427347105]],[[8.106183062011924,50.321432427347105],[8.105466569595118,50.31723744535936]],[[8.105466569595118,50.31723744535936],[8.103886167716624,50.30798436161223]],[[8.103886167716624,50.30798436161223],[8.11136737703763,50.30288184819621]],[[8.11136737703763,50.30288184819621],[8.119313735110088,50.29746208265147]],[[8.119313735110088,50.29746208265147],[8.121913464116785,50.27722512006201]],[[8.121913464116785,50.27722512006201],[8.1110651224884,50.270723956623755]],[[8.1110651224884,50.270723956623755],[8.110610735080927,50.26960298069759]],[[8.110610735080927,50.26960298069759],[8.107838129464872,50.26276294688441]],[[8.107838129464872,50.26276294688441],[8.103083863630605,50.2602662903626]],[[8.103083863630605,50.2602662903626],[8.099008731395585,50.26177902275733]],[[8.099008731395585,50.26177902275733],[8.091820770050408,50.264447269442456]],[[8.091820770050408,50.264447269442456],[8.090115124587902,50.26400824848062]],[[8.090115124587902,50.26400824848062],[8.082369865934055,50.26201467619728]],[[8.082369865934055,50.26201467619728],[8.081727167978967,50.26566636200763]],[[8.081727167978967,50.26566636200763],[8.075159456088839,50.26771274288929]],[[8.075159456088839,50.26771274288929],[8.075004728055204,50.267917735364065]],[[8.075004728055204,50.267917735364065],[8.071659734882903,50.27234937965174]],[[8.071659734882903,50.27234937965174],[8.059333599115265,50.27339513611321]],[[8.059333599115265,50.27339513611321],[8.04248498114939,50.27243208511323]],[[8.04248498114939,50.27243208511323],[8.036819504285845,50.27084416312851]],[[8.036819504285845,50.27084416312851],[8.03212059679128,50.26381898807056]],[[8.03212059679128,50.26381898807056],[8.021650330987448,50.25834512647877]],[[8.021650330987448,50.25834512647877],[8.025172006915955,50.25494319156829]],[[8.025172006915955,50.25494319156829],[8.031148809162453,50.254919948051786]],[[8.031148809162453,50.254919948051786],[8.032075544383575,50.25491634420464]],[[8.032075544383575,50.25491634420464],[8.037875147644446,50.24910703670593]],[[8.037875147644446,50.24910703670593],[8.03742491127692,50.248256437401835]],[[8.03742491127692,50.248256437401835],[8.036387937410984,50.24629735912726]],[[8.036387937410984,50.24629735912726],[8.040072075136038,50.24544586982567]],[[8.040072075136038,50.24544586982567],[8.048490157908274,50.24350025586055]],[[8.048490157908274,50.24350025586055],[8.056326906021596,50.23473901823027]],[[8.056326906021596,50.23473901823027],[8.048021103776469,50.228668128074986]],[[8.048021103776469,50.228668128074986],[8.041398641471389,50.22751267956478]],[[8.041398641471389,50.22751267956478],[8.038050451109447,50.22692850642169]],[[8.038050451109447,50.22692850642169],[8.039766893062772,50.22604219172208]],[[8.039766893062772,50.22604219172208],[8.040054358854157,50.2258937537251]],[[8.040054358854157,50.2258937537251],[8.034280497735672,50.220934544843075]],[[8.034280497735672,50.220934544843075],[8.035444371819192,50.21566199461172]],[[8.035444371819192,50.21566199461172],[8.013420460818498,50.21792323408595]],[[8.013420460818498,50.21792323408595],[8.010425894555585,50.222231341983935]],[[8.010425894555585,50.222231341983935],[8.003927960481578,50.22458426410344]],[[8.003927960481578,50.22458426410344],[8.004925571522366,50.22753661565991]],[[8.004925571522366,50.22753661565991],[8.005461474851662,50.22912257477821]],[[8.005461474851662,50.22912257477821],[7.999189503111161,50.23042612238026]],[[7.999189503111161,50.23042612238026],[7.990204073812238,50.2386651288967]],[[7.990204073812238,50.2386651288967],[7.987269011805073,50.23306559742188]],[[7.987269011805073,50.23306559742188],[7.984092244799289,50.227004938601894]],[[7.984092244799289,50.227004938601894],[7.980578005383122,50.22593781188669]],[[7.980578005383122,50.22593781188669],[7.963739029964563,50.220824526086524]],[[7.963739029964563,50.220824526086524],[7.9562843260468155,50.220527074238234]],[[7.9562843260468155,50.220527074238234],[7.953052210815844,50.22039810775421]],[[7.953052210815844,50.22039810775421],[7.949811343615343,50.217903909942535]],[[7.949811343615343,50.217903909942535],[7.949225883283686,50.21745333545512]],[[7.949225883283686,50.21745333545512],[7.951559883011629,50.214260884831624]],[[7.951559883011629,50.214260884831624],[7.944309698116567,50.20944434735084]],[[7.944309698116567,50.20944434735084],[7.924930080681692,50.207820826999146]],[[7.924930080681692,50.207820826999146],[7.919774951389267,50.20738895724358]],[[7.919774951389267,50.20738895724358],[7.907826396656875,50.200756468681966]],[[7.907826396656875,50.200756468681966],[7.909152576321709,50.197244328815266]],[[7.909152576321709,50.197244328815266],[7.9103733431971355,50.194011355768446]],[[7.9103733431971355,50.194011355768446],[7.901553589122574,50.18960677914587]],[[7.901553589122574,50.18960677914587],[7.88647680168496,50.18207744467268]],[[7.88647680168496,50.18207744467268],[7.883092116096718,50.18038713650044]],[[7.883092116096718,50.18038713650044],[7.887549507799892,50.17365626803072]],[[7.887549507799892,50.17365626803072],[7.885735967936452,50.16811089231788]],[[7.885735967936452,50.16811089231788],[7.898904895176078,50.15956340444198]],[[7.898904895176078,50.15956340444198],[7.9027356014711385,50.15846238372327]],[[7.9027356014711385,50.15846238372327],[7.9115806892230225,50.152279433737405]],[[7.9115806892230225,50.152279433737405],[7.913804696657976,50.151069438298045]],[[7.913804696657976,50.151069438298045],[7.917342231334931,50.14916013567645]],[[7.917342231334931,50.14916013567645],[7.919141450165063,50.14849056050931]],[[7.919141450165063,50.14849056050931],[7.931556976396318,50.143870154454]],[[7.931556976396318,50.143870154454],[7.924806092952371,50.135105395448335]],[[7.924806092952371,50.135105395448335],[7.922740589083706,50.132423725341084]],[[7.922740589083706,50.132423725341084],[7.924037577506797,50.1280041814938]],[[7.924037577506797,50.1280041814938],[7.926536487039156,50.11948904214968]],[[7.926536487039156,50.11948904214968],[7.926576109504695,50.1067090150709]],[[7.926576109504695,50.1067090150709],[7.930096936816257,50.1037400700582]],[[7.930096936816257,50.1037400700582],[7.923670538794661,50.10290576659511]],[[7.923670538794661,50.10290576659511],[7.914799063617727,50.11262492577705]],[[7.914799063617727,50.11262492577705],[7.911255663442033,50.11650690501477]],[[7.911255663442033,50.11650690501477],[7.9024676353028855,50.121351278916286]],[[7.9024676353028855,50.121351278916286],[7.891096226384836,50.11734790686389]],[[7.891096226384836,50.11734790686389],[7.884757879200154,50.11511645428485]],[[7.884757879200154,50.11511645428485],[7.868395587184924,50.1209005336605]],[[7.868395587184924,50.1209005336605],[7.865336845730373,50.12248066969025]],[[7.865336845730373,50.12248066969025],[7.854016202914602,50.12832887911961]],[[7.854016202914602,50.12832887911961],[7.844917898820133,50.12349941635429]],[[7.844917898820133,50.12349941635429],[7.843162324366126,50.112820740942794]],[[7.843162324366126,50.112820740942794],[7.835231254698533,50.11002090032445]],[[7.835231254698533,50.11002090032445],[7.837401069858259,50.10123038932673]],[[7.837401069858259,50.10123038932673],[7.83208298587848,50.09873684211058]],[[7.83208298587848,50.09873684211058],[7.830064545465916,50.09318143525592]],[[7.830064545465916,50.09318143525592],[7.83313506772896,50.09108271937823]],[[7.83313506772896,50.09108271937823],[7.83803492353798,50.087733643613724]],[[7.83803492353798,50.087733643613724],[7.836355204146279,50.084049004686065]],[[7.836355204146279,50.084049004686065],[7.818228594906654,50.08117993777674]],[[7.818228594906654,50.08117993777674],[7.816993177737842,50.081439637093176]],[[7.816993177737842,50.081439637093176],[7.804184101029707,50.08413225461504]],[[7.804184101029707,50.08413225461504],[7.796208988427947,50.076575482861415]],[[7.796208988427947,50.076575482861415],[7.7902304671522975,50.072165372930215]],[[7.7902304671522975,50.072165372930215],[7.784011512998227,50.067577904155]],[[7.784011512998227,50.067577904155],[7.773996882006886,50.06653983779287]],[[7.773996882006886,50.06653983779287],[7.772651389478452,50.06160795689271]],[[7.772651389478452,50.06160795689271],[7.772490569550732,50.05846895971536]],[[7.772490569550732,50.05846895971536],[7.773360095855165,50.0568695636759]],[[7.773360095855165,50.0568695636759],[7.7796590358668665,50.05110642314112]],[[7.7796590358668665,50.05110642314112],[7.784708876632528,50.048411888280036]],[[7.784708876632528,50.048411888280036],[7.792205474758239,50.04418345171073]],[[7.792205474758239,50.04418345171073],[7.800956183569302,50.040816912557766]],[[7.800956183569302,50.040816912557766],[7.801678358714074,50.04053907897917]],[[7.801678358714074,50.04053907897917],[7.805884644221174,50.03934197626632]],[[7.805884644221174,50.03934197626632],[7.80870148772491,50.036509482295386]],[[7.80870148772491,50.036509482295386],[7.809705032550573,50.0358064270096]],[[7.809705032550573,50.0358064270096],[7.8300510611780165,50.02155255716707]],[[7.8300510611780165,50.02155255716707],[7.843763286437873,50.016301188585125]],[[7.843763286437873,50.016301188585125],[7.849905701826313,50.013948828675986]],[[7.849905701826313,50.013948828675986],[7.858245462843439,50.00634605911915]],[[7.858245462843439,50.00634605911915],[7.858758948298676,50.004369910334255]],[[7.858758948298676,50.004369910334255],[7.862183679660172,49.99118982832533]],[[7.862183679660172,49.99118982832533],[7.864396070012446,49.982675446244585]],[[7.864396070012446,49.982675446244585],[7.86605770712339,49.980454001914126]],[[7.86605770712339,49.980454001914126],[7.868038487183984,49.9786814621737]],[[7.868038487183984,49.9786814621737],[7.886828092702329,49.97201478521904]],[[7.886828092702329,49.97201478521904],[7.946944555737745,49.975029869517975]],[[7.946944555737745,49.975029869517975],[7.952119755012498,49.97622536433529]],[[7.952119755012498,49.97622536433529],[7.957393346142149,49.976974059233015]],[[7.957393346142149,49.976974059233015],[7.967401629529504,49.977772845594785]],[[7.967401629529504,49.977772845594785],[7.971295264851618,49.978664118299235]],[[7.971295264851618,49.978664118299235],[7.976378069204921,49.98039362304752]],[[7.976378069204921,49.98039362304752],[7.978281460516408,49.98110231144751]],[[7.978281460516408,49.98110231144751],[7.978486206705649,49.981178544499095]],[[7.978486206705649,49.981178544499095],[7.980578006154504,49.98190996657673]],[[7.980578006154504,49.98190996657673],[7.985257118474772,49.98354607388135]],[[7.985257118474772,49.98354607388135],[8.035259870925156,50.00188441552472]],[[8.035259870925156,50.00188441552472],[8.054340195133005,50.0051294846745]],[[8.054340195133005,50.0051294846745],[8.07268242409982,50.006591867668746]],[[8.07268242409982,50.006591867668746],[8.080558844534524,50.00721983678821]],[[8.080558844534524,50.00721983678821],[8.111851919790427,50.01716816949634]],[[8.111851919790427,50.01716816949634],[8.13808234280882,50.025507044024536]],[[8.13808234280882,50.025507044024536],[8.144957137954561,50.02640898349704]],[[8.144957137954561,50.02640898349704],[8.151974274189389,50.028039875212706]],[[8.151974274189389,50.028039875212706],[8.15822726683135,50.029883425003355]],[[8.15822726683135,50.029883425003355],[8.163084589301134,50.03130628412679]],[[8.163084589301134,50.03130628412679],[8.16483136476903,50.03181897984166]],[[8.16483136476903,50.03181897984166],[8.17026727285584,50.03315935250472]],[[8.17026727285584,50.03315935250472],[8.175135316767664,50.03425555678042]],[[8.175135316767664,50.03425555678042],[8.180948801512,50.03520609409958]],[[8.180948801512,50.03520609409958],[8.186345753131707,50.03554389421939]],[[8.186345753131707,50.03554389421939],[8.190038614944214,50.03529591701129]],[[8.190038614944214,50.03529591701129],[8.243810898591908,50.02775649476708]],[[8.243810898591908,50.02775649476708],[8.27087873642664,50.01128330473531]],[[8.27087873642664,50.01128330473531],[8.288245052290918,49.995134118869835]],[[8.288245052290918,49.995134118869835],[8.328032503235056,49.96806252150514]],[[8.328032503235056,49.96806252150514],[8.341200774312265,49.950350303818745]],[[8.341200774312265,49.950350303818745],[8.343030652939538,49.94050608039484]],[[8.343030652939538,49.94050608039484],[8.34627601601623,49.933572634904216]],[[8.34627601601623,49.933572634904216],[8.347755857507645,49.93022786728305]],[[8.347755857507645,49.93022786728305],[8.350159164638052,49.926044010285935]],[[8.350159164638052,49.926044010285935],[8.351648994483336,49.92344310496326]],[[8.351648994483336,49.92344310496326],[8.353441984752205,49.92001885058183]],[[8.353441984752205,49.92001885058183],[8.354240090838132,49.917617000382954]],[[8.354240090838132,49.917617000382954],[8.354604682103577,49.91583989686225]],[[8.354604682103577,49.91583989686225],[8.354723048569678,49.91321303181173]],[[8.354723048569678,49.91321303181173],[8.354309012960703,49.91063362486401]],[[8.354309012960703,49.91063362486401],[8.353618786979476,49.90827698205245]],[[8.353618786979476,49.90827698205245],[8.352384669309457,49.90591990192964]],[[8.352384669309457,49.90591990192964],[8.351233125863695,49.90466298764159]],[[8.351233125863695,49.90466298764159],[8.349011449863179,49.902238019959455]],[[8.349011449863179,49.902238019959455],[8.343422056433175,49.891065189179606]],[[8.343422056433175,49.891065189179606],[8.343233984605877,49.88350899666035]],[[8.343233984605877,49.88350899666035],[8.347277145378435,49.874297894666206]],[[8.347277145378435,49.874297894666206],[8.35905819111697,49.86424638943345]],[[8.35905819111697,49.86424638943345],[8.370420241594621,49.86201867796757]],[[8.370420241594621,49.86201867796757],[8.37636379652334,49.86085334862348]],[[8.37636379652334,49.86085334862348],[8.384967786845758,49.851399224098536]],[[8.384967786845758,49.851399224098536],[8.380739283603143,49.83957679056164]],[[8.380739283603143,49.83957679056164],[8.378201735888146,49.83248208246764]],[[8.378201735888146,49.83248208246764],[8.37783964237376,49.82749814571102]],[[8.37783964237376,49.82749814571102],[8.384649510263676,49.81734633825359]],[[8.384649510263676,49.81734633825359],[8.400055245091156,49.80367511994753]],[[8.400055245091156,49.80367511994753],[8.41312110167409,49.783924999325684]],[[8.41312110167409,49.783924999325684],[8.417550137409014,49.77246192976663]],[[8.417550137409014,49.77246192976663],[8.426856882610647,49.767319361349585]],[[8.426856882610647,49.767319361349585],[8.443097506034723,49.7657224051689]],[[8.443097506034723,49.7657224051689],[8.4545137942055,49.766763707654036]],[[8.4545137942055,49.766763707654036],[8.473473962376582,49.768493101839624]],[[8.473473962376582,49.768493101839624],[8.478943067182595,49.76361317752907]],[[8.478943067182595,49.76361317752907],[8.47788914984144,49.75836577639422]],[[8.47788914984144,49.75836577639422],[8.448365103128708,49.73366160429883]],[[8.448365103128708,49.73366160429883],[8.446377329964141,49.73079949521984]],[[8.446377329964141,49.73079949521984],[8.437536475994262,49.72214260963821]],[[8.437536475994262,49.72214260963821],[8.425547674490621,49.71683937097295]],[[8.425547674490621,49.71683937097295],[8.387511487049895,49.70895976623777]],[[8.387511487049895,49.70895976623777],[8.360562555304943,49.69635834338168]],[[8.360562555304943,49.69635834338168],[8.357244439921299,49.69092250907997]],[[8.357244439921299,49.69092250907997],[8.356547212602468,49.679094028137534]],[[8.356547212602468,49.679094028137534],[8.366196191377956,49.662816654972275]],[[8.366196191377956,49.662816654972275],[8.383015410716988,49.626266203518504]],[[8.383015410716988,49.626266203518504],[8.393022813949981,49.61547641270023]],[[8.393022813949981,49.61547641270023],[8.409246612932401,49.60445090689076]],[[8.409246612932401,49.60445090689076],[8.41477424844919,49.59505206471677]],[[8.41477424844919,49.59505206471677],[8.422439658073701,49.58338538226157]],[[10.307954020289039,53.43320100559206],[10.330843001679323,53.425178801557784]],[[10.330843001679323,53.425178801557784],[10.35592275961264,53.42614053799462]],[[10.35592275961264,53.42614053799462],[10.377499729271017,53.42381608748514]],[[10.377499729271017,53.42381608748514],[10.39794666304353,53.41145462810544]],[[10.39794666304353,53.41145462810544],[10.429981162720456,53.3981906855076]],[[10.429981162720456,53.3981906855076],[10.469243958264293,53.385815358151525]],[[10.469243958264293,53.385815358151525],[10.49794029888655,53.37484454961477]],[[10.49794029888655,53.37484454961477],[10.5173038966898,53.371047879211666]],[[10.5173038966898,53.371047879211666],[10.52151867342043,53.37064292082611]],[[10.52151867342043,53.37064292082611],[10.526369236657876,53.370237958933515]],[[10.526369236657876,53.370237958933515],[10.536174218373963,53.36975838220824]],[[10.536174218373963,53.36975838220824],[10.5417450115712,53.36948590651516]],[[10.5417450115712,53.36948590651516],[10.556595118438961,53.368189301525014]],[[10.556595118438961,53.368189301525014],[10.557933308667167,53.367603351703615]],[[10.557933308667167,53.367603351703615],[10.57452317231348,53.360339191076996]],[[10.57452317231348,53.360339191076996],[10.587499227649925,53.361191902335854]],[[10.587499227649925,53.361191902335854],[10.595046768053525,53.36392761747438]],[[9.520687594657238,53.67287003897075],[9.521885983497775,53.67128952488159]],[[9.521885983497775,53.67128952488159],[9.526095880564483,53.665313994874516]],[[10.595046768053525,53.36392761747438],[10.61694969023672,53.36974228090454]],[[10.61694969023672,53.36974228090454],[10.650685412341792,53.36882398792397]],[[10.650685412341792,53.36882398792397],[10.70347356077161,53.36918438363248]],[[10.70347356077161,53.36918438363248],[10.727042764918439,53.35753457125749]],[[10.727042764918439,53.35753457125749],[10.732007292232195,53.35111671782785]],[[10.732007292232195,53.35111671782785],[10.738169073184217,53.34315112089218]],[[10.738169073184217,53.34315112089218],[10.743592790106398,53.341496962370755]],[[10.743592790106398,53.341496962370755],[10.750677867992852,53.33992630336439]],[[10.750677867992852,53.33992630336439],[10.75534262562644,53.33889219236801]],[[10.75534262562644,53.33889219236801],[10.758766284807605,53.340288389657076]],[[10.758766284807605,53.340288389657076],[10.76308444545568,53.338850462941664]],[[10.76308444545568,53.338850462941664],[10.76110619331919,53.33367597108981]],[[10.76110619331919,53.33367597108981],[10.759931621542892,53.330603652564754]],[[10.759931621542892,53.330603652564754],[10.768189328966711,53.329430615592024]],[[10.768189328966711,53.329430615592024],[10.768896782008733,53.32933011982419]],[[10.768896782008733,53.32933011982419],[10.772268479545222,53.32698573192959]],[[10.772268479545222,53.32698573192959],[10.782259820126326,53.320038615708796]],[[10.782259820126326,53.320038615708796],[10.803415744328397,53.314446019052525]],[[10.803415744328397,53.314446019052525],[10.811476001783078,53.31353295251765]],[[10.811476001783078,53.31353295251765],[10.825195628244437,53.311978791124844]],[[10.825195628244437,53.311978791124844],[10.830144746681436,53.3089732346522]],[[10.830144746681436,53.3089732346522],[10.835486598716672,53.30572917450967]],[[10.835486598716672,53.30572917450967],[10.840164066229017,53.307192967804234]],[[10.840164066229017,53.307192967804234],[10.849498038678604,53.310113992843256]],[[10.849498038678604,53.310113992843256],[10.853805055620905,53.3152951841264]],[[10.853805055620905,53.3152951841264],[10.866586514525391,53.31645598895238]],[[10.866586514525391,53.31645598895238],[10.870834903500995,53.320038616011914]],[[10.870834903500995,53.320038616011914],[10.868591016276113,53.323256840873825]],[[10.868591016276113,53.323256840873825],[10.866042557751648,53.32691188633081]],[[10.866042557751648,53.32691188633081],[10.872551478783892,53.32503589151501]],[[10.872551478783892,53.32503589151501],[10.88204961255256,53.322298350245504]],[[10.88204961255256,53.322298350245504],[10.887649385924673,53.32669340932498]],[[10.887649385924673,53.32669340932498],[10.8826919068071,53.329590999897064]],[[10.8826919068071,53.329590999897064],[10.881489967380789,53.33029352022529]],[[10.881489967380789,53.33029352022529],[10.881083915727162,53.33463399932787]],[[10.881083915727162,53.33463399932787],[10.894367938110792,53.33483590611068]],[[10.894367938110792,53.33483590611068],[10.89950406777072,53.33491397160385]],[[10.89950406777072,53.33491397160385],[10.909285194518937,53.33806016951311]],[[10.909285194518937,53.33806016951311],[10.91470425719168,53.34397103771013]],[[10.91470425719168,53.34397103771013],[10.918365418028625,53.34796446724277]],[[10.918365418028625,53.34796446724277],[10.92679397267133,53.34820536674485]],[[10.92679397267133,53.34820536674485],[10.929211068449874,53.34534909345216]],[[10.929211068449874,53.34534909345216],[10.934010575925782,53.339677532307746]],[[10.934010575925782,53.339677532307746],[10.946534437491758,53.336009410256786]],[[10.946534437491758,53.336009410256786],[10.95154238964719,53.33454262867095]],[[10.95154238964719,53.33454262867095],[10.961507900920237,53.33804854285537]],[[10.961507900920237,53.33804854285537],[10.972724174950905,53.336091739813]],[[10.972724174950905,53.336091739813],[10.98800037618206,53.33342663710479]],[[10.98800037618206,53.33342663710479],[10.985844938813521,53.3299820955019]],[[10.985844938813521,53.3299820955019],[10.98407196728846,53.32714876591381]],[[10.98407196728846,53.32714876591381],[10.99300705050446,53.32286218428628]],[[10.99300705050446,53.32286218428628],[10.99889258596113,53.32003861602681]],[[10.99889258596113,53.32003861602681],[11.002306548531473,53.30776222920918]],[[11.002306548531473,53.30776222920918],[11.002904689401811,53.30561134939409]],[[11.002904689401811,53.30561134939409],[11.003212262139284,53.30530314653764]],[[11.003212262139284,53.30530314653764],[11.007863623214934,53.300642244650874]],[[11.007863623214934,53.300642244650874],[11.00611813318849,53.29741348246444]],[[11.00611813318849,53.29741348246444],[11.004711126163814,53.29481083765074]],[[11.004711126163814,53.29481083765074],[11.009776088768284,53.28248210569924]],[[11.009776088768284,53.28248210569924],[11.018692722839152,53.28038178566177]],[[11.018692722839152,53.28038178566177],[11.027919340300182,53.27820844903009]],[[11.027919340300182,53.27820844903009],[11.056104253570469,53.246439957870415]],[[11.056104253570469,53.246439957870415],[11.058136557868819,53.24303824177818]],[[11.058136557868819,53.24303824177818],[11.06276548947163,53.23529023252906]],[[11.06276548947163,53.23529023252906],[11.08588617427525,53.21865936053303]],[[11.08588617427525,53.21865936053303],[11.113714867308508,53.2053888853555]],[[11.113714867308508,53.2053888853555],[11.13427738890689,53.202113228677796]],[[11.13427738890689,53.202113228677796],[11.137174034221706,53.20165178712036]],[[11.137174034221706,53.20165178712036],[11.138988968909183,53.200007310198245]],[[11.138988968909183,53.200007310198245],[11.141276246092458,53.19793485419319]],[[11.141276246092458,53.19793485419319],[11.142519384365125,53.191276837834856]],[[11.142519384365125,53.191276837834856],[11.178654610886415,53.1865602228688]],[[11.178654610886415,53.1865602228688],[11.194784628237908,53.18022964349293]],[[11.194784628237908,53.18022964349293],[11.188502110267738,53.16584427865732]],[[11.188502110267738,53.16584427865732],[11.183734880852166,53.16320861490578]],[[11.183734880852166,53.16320861490578],[11.171861319764782,53.15664406540263]],[[11.171861319764782,53.15664406540263],[11.184551976594284,53.13699983337727]],[[11.184551976594284,53.13699983337727],[11.197171454479175,53.136168893719876]],[[11.197171454479175,53.136168893719876],[11.210987177035888,53.1437477953225]],[[11.210987177035888,53.1437477953225],[11.23026486592609,53.142411960248054]],[[11.23026486592609,53.142411960248054],[11.246868187091598,53.135612421354466]],[[11.246868187091598,53.135612421354466],[11.26573211664672,53.12197795891603]],[[9.928338962902815,51.37529909103846],[9.930676553564508,51.39128869961723]],[[9.930676553564508,51.39128869961723],[9.923846925089077,51.397767592513624]],[[9.923846925089077,51.397767592513624],[9.92051049977903,51.39987461410144]],[[9.92051049977903,51.39987461410144],[9.907399726409217,51.408154335324795]],[[9.907399726409217,51.408154335324795],[9.910911504727014,51.41031838249616]],[[9.910911504727014,51.41031838249616],[9.912120571580555,51.41106343921529]],[[9.912120571580555,51.41106343921529],[9.905649240854656,51.42009358929486]],[[9.905649240854656,51.42009358929486],[9.884531375459302,51.41470157422324]],[[9.884531375459302,51.41470157422324],[9.881906203409288,51.40974645425562]],[[9.881906203409288,51.40974645425562],[9.879481027254432,51.40516883173108]],[[9.879481027254432,51.40516883173108],[9.87482681564048,51.408791940398]],[[9.87482681564048,51.408791940398],[9.869494520190848,51.41294290811612]],[[9.869494520190848,51.41294290811612],[9.852289045100044,51.41419087355743]],[[9.852289045100044,51.41419087355743],[9.851473807589745,51.40124981925517]],[[9.851473807589745,51.40124981925517],[9.855475966520274,51.39691872660785]],[[9.855475966520274,51.39691872660785],[9.859117453378467,51.39297794745308]],[[9.859117453378467,51.39297794745308],[9.856869936537041,51.385510609745374]],[[9.856869936537041,51.385510609745374],[9.860787328790925,51.37870135715362]],[[9.860787328790925,51.37870135715362],[9.868359682852606,51.37422943472497]],[[9.868359682852606,51.37422943472497],[9.86333405940154,51.37180340380205]],[[9.86333405940154,51.37180340380205],[9.851197706958054,51.37356646609369]],[[9.851197706958054,51.37356646609369],[9.841041270595534,51.3832706591953]],[[9.841041270595534,51.3832706591953],[9.84074861687408,51.38915163810693]],[[9.84074861687408,51.38915163810693],[9.840124198217627,51.401699587215646]],[[9.840124198217627,51.401699587215646],[9.822053706961643,51.409512174263675]],[[9.822053706961643,51.409512174263675],[9.812008337406134,51.4106843752608]],[[9.812008337406134,51.4106843752608],[9.803510360561322,51.41040058247715]],[[9.803510360561322,51.41040058247715],[9.795148181638552,51.407152664467446]],[[9.795148181638552,51.407152664467446],[9.793356323083403,51.4032785058117]],[[9.793356323083403,51.4032785058117],[9.799387912591671,51.39822129883858]],[[9.799387912591671,51.39822129883858],[9.800562939591996,51.397236094528616]],[[9.800562939591996,51.397236094528616],[9.800329476259861,51.38708007068561]],[[9.800329476259861,51.38708007068561],[9.79386133559635,51.38785153457313]],[[9.79386133559635,51.38785153457313],[9.783581785006838,51.38907759054035]],[[9.783581785006838,51.38907759054035],[9.766316919809942,51.385834704999404]],[[9.766316919809942,51.385834704999404],[9.74960523266253,51.37569319126849]],[[9.74960523266253,51.37569319126849],[9.73987033977746,51.369785556743366]],[[9.73987033977746,51.369785556743366],[9.729375016073096,51.370135406125364]],[[9.729375016073096,51.370135406125364],[9.72497523962088,51.37028206689681]],[[9.72497523962088,51.37028206689681],[9.70420557339747,51.36528083546314]],[[9.70420557339747,51.36528083546314],[9.702382652316544,51.361972507127355]],[[9.702382652316544,51.361972507127355],[9.705532666467828,51.35727089384914]],[[9.705532666467828,51.35727089384914],[9.719986476792627,51.347831161666676]],[[9.719986476792627,51.347831161666676],[9.720815337273482,51.34728983645414]],[[9.720815337273482,51.34728983645414],[9.723978079710273,51.34290742239461]],[[9.723978079710273,51.34290742239461],[9.740503901225622,51.320008630809205]],[[9.740503901225622,51.320008630809205],[9.748332276157466,51.321207655672474]],[[9.748332276157466,51.321207655672474],[9.751972938830148,51.32349391921693]],[[9.751972938830148,51.32349391921693],[9.762965263627724,51.33039688274358]],[[9.762965263627724,51.33039688274358],[9.765736525452391,51.33567801163852]],[[9.765736525452391,51.33567801163852],[9.76964139715012,51.335912308283355]],[[9.76964139715012,51.335912308283355],[9.767366391640438,51.326997322894975]],[[9.767366391640438,51.326997322894975],[9.773009605468674,51.32510003466607]],[[9.773009605468674,51.32510003466607],[9.77109069435274,51.31820698734151]],[[9.77109069435274,51.31820698734151],[9.76716789107455,51.30694954476978]],[[9.76716789107455,51.30694954476978],[9.732304662199464,51.295231863076566]],[[9.732304662199464,51.295231863076566],[9.728460940312255,51.29788635483199]],[[9.728460940312255,51.29788635483199],[9.70371230818175,51.30449382671746]],[[9.70371230818175,51.30449382671746],[9.680331344651718,51.310736152107154]],[[9.680331344651718,51.310736152107154],[9.676541275243808,51.313295377776406]],[[9.676541275243808,51.313295377776406],[9.670928034355194,51.317085691616775]],[[9.670928034355194,51.317085691616775],[9.664748095650666,51.31604312666926]],[[9.664748095650666,51.31604312666926],[9.663461132821013,51.31473365657302]],[[9.663461132821013,51.31473365657302],[9.660874954977288,51.312102248518926]],[[9.660874954977288,51.312102248518926],[9.652521692554654,51.31459791961886]],[[9.652521692554654,51.31459791961886],[9.647387389205145,51.316131873984865]],[[9.647387389205145,51.316131873984865],[9.638722542316978,51.314923078231985]],[[9.638722542316978,51.314923078231985],[9.6363920907141,51.31439778186638]],[[9.6363920907141,51.31439778186638],[9.629204596479768,51.31277768515254]],[[9.629204596479768,51.31277768515254],[9.63000760093056,51.32012368750062]],[[9.63000760093056,51.32012368750062],[9.630679758758037,51.32627266947328]],[[9.630679758758037,51.32627266947328],[9.622811615765727,51.32613131769832]],[[9.622811615765727,51.32613131769832],[9.60528702790308,51.32581648982088]],[[9.60528702790308,51.32581648982088],[9.593335293378669,51.3335937640872]],[[9.593335293378669,51.3335937640872],[9.581510648209218,51.34128833693004]],[[9.581510648209218,51.34128833693004],[9.568024774857202,51.340001563532354]],[[9.568024774857202,51.340001563532354],[9.557290804603204,51.35137844814102]],[[9.557290804603204,51.35137844814102],[9.548441222851812,51.35895564726491]],[[9.548441222851812,51.35895564726491],[9.550133826347423,51.361884014329256]],[[9.550133826347423,51.361884014329256],[9.559190138356367,51.36158019854579]],[[9.559190138356367,51.36158019854579],[9.566093267219498,51.3613486172046]],[[9.566093267219498,51.3613486172046],[9.575360701834603,51.3683042863459]],[[9.575360701834603,51.3683042863459],[9.574190328325852,51.372061446293806]],[[9.574190328325852,51.372061446293806],[9.5677418014645,51.37363751370083]],[[9.5677418014645,51.37363751370083],[9.562328654015612,51.37496052557785]],[[9.562328654015612,51.37496052557785],[9.560529878729042,51.377925721284825]],[[9.560529878729042,51.377925721284825],[9.563775411851132,51.38606570072259]],[[9.563775411851132,51.38606570072259],[9.56961739239832,51.389204886044844]],[[9.56961739239832,51.389204886044844],[9.571722131246243,51.390335867129295]],[[9.571722131246243,51.390335867129295],[9.576228132891899,51.39654537751884]],[[9.576228132891899,51.39654537751884],[9.579427156437085,51.40095380225823]],[[9.579427156437085,51.40095380225823],[9.586776333054669,51.402146421153944]],[[9.586776333054669,51.402146421153944],[9.58986718566322,51.400809603019226]],[[9.58986718566322,51.400809603019226],[9.594583516334813,51.39876975371496]],[[9.594583516334813,51.39876975371496],[9.604233694692379,51.4031129319062]],[[9.604233694692379,51.4031129319062],[9.611502532050332,51.40738444286705]],[[9.611502532050332,51.40738444286705],[9.627151942206414,51.40650308163674]],[[9.627151942206414,51.40650308163674],[9.642539263233735,51.416835572104084]],[[9.642539263233735,51.416835572104084],[9.636454672181104,51.42432661279726]],[[9.636454672181104,51.42432661279726],[9.633725319596232,51.427686852213185]],[[9.633725319596232,51.427686852213185],[9.62799270575242,51.445009286420934]],[[9.62799270575242,51.445009286420934],[9.630610846242622,51.4577767902739]],[[9.630610846242622,51.4577767902739],[9.63567688089966,51.46158175373228]],[[9.63567688089966,51.46158175373228],[9.637221723968679,51.462742042861024]],[[9.637221723968679,51.462742042861024],[9.642478709394313,51.46649649830775]],[[9.642478709394313,51.46649649830775],[9.641643109544749,51.471407738134694]],[[9.641643109544749,51.471407738134694],[9.635555910540011,51.474064842630554]],[[9.635555910540011,51.474064842630554],[9.620250498671897,51.4807457639557]],[[9.620250498671897,51.4807457639557],[9.586778930041255,51.51712704336529]],[[9.586778930041255,51.51712704336529],[9.589949824230189,51.52222535492331]],[[9.589949824230189,51.52222535492331],[9.600023006264456,51.52208385227967]],[[9.600023006264456,51.52208385227967],[9.607289993914817,51.521981769587974]],[[9.607289993914817,51.521981769587974],[9.617133800858818,51.52833637218218]],[[9.617133800858818,51.52833637218218],[9.621798253354278,51.5400491268846]],[[9.621798253354278,51.5400491268846],[9.615785747760977,51.54620524626019]],[[9.615785747760977,51.54620524626019],[9.614322888159954,51.54770304760205]],[[9.614322888159954,51.54770304760205],[9.611078023820472,51.55358107800832]],[[9.611078023820472,51.55358107800832],[9.61248136580669,51.55714370054361]],[[9.61248136580669,51.55714370054361],[9.621788194194803,51.550623775118694]],[[9.621788194194803,51.550623775118694],[9.623919286488741,51.54913083227119]],[[9.623919286488741,51.54913083227119],[9.647755419442788,51.55251093452936]],[[9.647755419442788,51.55251093452936],[9.644690521004813,51.5585674102356]],[[9.644690521004813,51.5585674102356],[9.635951617163416,51.55975086720383]],[[9.635951617163416,51.55975086720383],[9.629264905292716,51.56634454652626]],[[9.629264905292716,51.56634454652626],[9.625616297635771,51.574295606934086]],[[9.625616297635771,51.574295606934086],[9.628098167460797,51.582151118917444]],[[9.628098167460797,51.582151118917444],[9.634100362213713,51.58402506720091]],[[9.634100362213713,51.58402506720091],[9.643148143889881,51.58210469258137]],[[9.643148143889881,51.58210469258137],[9.672377324536384,51.56840399681293]],[[9.672377324536384,51.56840399681293],[9.67591336183617,51.56765613511318]],[[9.67591336183617,51.56765613511318],[9.684003295634351,51.56653261318406]],[[9.684003295634351,51.56653261318406],[9.685972088832656,51.56867842611727]],[[9.685972088832656,51.56867842611727],[9.687797542657645,51.57210896992417]],[[9.687797542657645,51.57210896992417],[9.688351921395915,51.574455348974105]],[[9.688351921395915,51.574455348974105],[9.690948011882066,51.576314922159355]],[[9.690948011882066,51.576314922159355],[9.689371778804787,51.57819304153125]],[[9.689371778804787,51.57819304153125],[9.688081724981032,51.58000187192298]],[[9.688081724981032,51.58000187192298],[9.685330807925439,51.582016392370775]],[[9.685330807925439,51.582016392370775],[9.679909663445352,51.58723362677945]],[[9.679909663445352,51.58723362677945],[9.673381454597093,51.58944178073676]],[[9.673381454597093,51.58944178073676],[9.661108959216014,51.593592924953754]],[[9.661108959216014,51.593592924953754],[9.653409343897076,51.60185254959302]],[[9.653409343897076,51.60185254959302],[9.649866395930612,51.6056531837686]],[[9.649866395930612,51.6056531837686],[9.645213363468802,51.60694557305257]],[[9.645213363468802,51.60694557305257],[9.638749305820495,51.6087409784631]],[[9.638749305820495,51.6087409784631],[9.63757867127377,51.614807541737655]],[[9.63757867127377,51.614807541737655],[9.636092977084388,51.6225068377603]],[[9.636092977084388,51.6225068377603],[9.62778556858857,51.629492073837056]],[[9.62778556858857,51.629492073837056],[9.629684656794003,51.63497664919081]],[[9.629684656794003,51.63497664919081],[9.624452213498929,51.63622944564075]],[[9.624452213498929,51.63622944564075],[9.61586656772799,51.63224910442712]],[[9.61586656772799,51.63224910442712],[9.614290923151025,51.63151862800167]],[[9.614290923151025,51.63151862800167],[9.592361500793197,51.62852692520247]],[[9.592361500793197,51.62852692520247],[9.566963213964096,51.62534791110436]],[[9.566963213964096,51.62534791110436],[9.559740042427256,51.63160226003598]],[[9.559740042427256,51.63160226003598],[9.55397235338931,51.636596346787606]],[[9.55397235338931,51.636596346787606],[9.545091327337431,51.63961147351747]],[[9.545091327337431,51.63961147351747],[9.53675893357032,51.634735648764206]],[[9.53675893357032,51.634735648764206],[9.522706995032111,51.62651294628787]],[[9.522706995032111,51.62651294628787],[9.496497437746674,51.630986027234464]],[[9.496497437746674,51.630986027234464],[9.491623400340643,51.63812013963998]],[[9.491623400340643,51.63812013963998],[9.494047495887868,51.64335692593045]],[[9.494047495887868,51.64335692593045],[9.49783617940943,51.651541638228124]],[[9.49783617940943,51.651541638228124],[9.495949694283766,51.6561390380409]],[[9.495949694283766,51.6561390380409],[9.479644863586929,51.65449087324475]],[[9.479644863586929,51.65449087324475],[9.465519155565074,51.65306298454717]],[[9.465519155565074,51.65306298454717],[9.464246834874581,51.65236808152943]],[[9.464246834874581,51.65236808152943],[9.453737054005304,51.646627955215116]],[[9.453737054005304,51.646627955215116],[9.440457243412732,51.650394051447115]],[[11.26573211664672,53.12197795891603],[11.268220362171965,53.10425730321928]],[[11.268220362171965,53.10425730321928],[11.272063037689328,53.09842221515463]],[[11.272063037689328,53.09842221515463],[11.287941393569408,53.08675435644403]],[[11.287941393569408,53.08675435644403],[11.298919172629821,53.08207285780924]],[[11.298919172629821,53.08207285780924],[11.310450770514846,53.077155182060714]],[[11.310450770514846,53.077155182060714],[11.318894364966713,53.06941216279738]],[[11.318894364966713,53.06941216279738],[11.326664827939577,53.06228642388423]],[[11.326664827939577,53.06228642388423],[11.33886715288806,53.055099048977766]],[[11.33886715288806,53.055099048977766],[11.353125508644087,53.054921060455875]],[[11.353125508644087,53.054921060455875],[11.381961604819276,53.06384612495658]],[[11.381961604819276,53.06384612495658],[11.38299070197593,53.06416464039085]],[[11.38299070197593,53.06416464039085],[11.401170084652808,53.07184428090871]],[[11.401170084652808,53.07184428090871],[11.418358065797772,53.07409789114049]],[[11.418358065797772,53.07409789114049],[11.451975165290596,53.07791429612854]],[[11.451975165290596,53.07791429612854],[11.462272546711434,53.07496067205314]],[[11.462272546711434,53.07496067205314],[11.478153550328432,53.06513613042902]],[[11.478153550328432,53.06513613042902],[11.48395305076001,53.06135509057618]],[[11.48395305076001,53.06135509057618],[11.487306926642296,53.05902428385617]],[[11.487306926642296,53.05902428385617],[11.493604735151715,53.054647564965975]],[[11.493604735151715,53.054647564965975],[11.498587650288037,53.05195957845562]],[[11.498587650288037,53.05195957845562],[11.502138671002694,53.05012256123529]],[[11.502138671002694,53.05012256123529],[11.505903450406722,53.04904505392402]],[[11.505903450406722,53.04904505392402],[11.5120662641206,53.04835842665069]],[[11.5120662641206,53.04835842665069],[11.522499051382175,53.047196062587254]],[[11.522499051382175,53.047196062587254],[11.536630070646575,53.050697670071365]],[[11.536630070646575,53.050697670071365],[11.544048701077582,53.052535976195024]],[[11.544048701077582,53.052535976195024],[11.551595042383775,53.05106427800789]],[[11.551595042383775,53.05106427800789],[11.555806231650863,53.04794106228886]],[[11.555806231650863,53.04794106228886],[11.563968296432186,53.04188768748159]],[[11.563968296432186,53.04188768748159],[11.576919490496635,53.037328855888646]],[[11.576919490496635,53.037328855888646],[11.597784478437307,53.0359266474552]],[[8.552684189357757,53.51617546571194],[8.538272340723024,53.51135693299771]],[[8.538272340723024,53.51135693299771],[8.532156195744644,53.50920096350075]],[[8.532156195744644,53.50920096350075],[8.524739816941432,53.505876627925616]],[[8.524739816941432,53.505876627925616],[8.513666127104319,53.50075844913751]],[[8.513666127104319,53.50075844913751],[8.502259323794538,53.491504922604356]],[[8.502259323794538,53.491504922604356],[8.493379826168054,53.476363280304376]],[[8.493379826168054,53.476363280304376],[8.492651969343534,53.47242003158423]],[[8.492651969343534,53.47242003158423],[8.505053494333946,53.47158278464673]],[[8.505053494333946,53.47158278464673],[8.51180795800827,53.476100675948324]],[[8.51180795800827,53.476100675948324],[8.512119357125544,53.47630896173105]],[[8.512119357125544,53.47630896173105],[8.51257822563055,53.4762486751799]],[[8.51257822563055,53.4762486751799],[8.519427472784399,53.475348805701174]],[[8.519427472784399,53.475348805701174],[8.524739817046147,53.478387354569676]],[[8.524739817046147,53.478387354569676],[8.5434276327779,53.48217609827343]],[[8.5434276327779,53.48217609827343],[8.57204617096373,53.487978184362014]],[[8.57204617096373,53.487978184362014],[8.581718225492533,53.48692608530165]],[[8.581718225492533,53.48692608530165],[8.604292819347286,53.484470485501774]],[[8.604292819347286,53.484470485501774],[8.619087405155032,53.48940885579185]],[[8.619087405155032,53.48940885579185],[8.637862728477767,53.50321957062232]],[[8.637862728477767,53.50321957062232],[8.63879576277989,53.506336033194756]],[[8.63879576277989,53.506336033194756],[8.649214990066596,53.510826232969244]],[[8.649214990066596,53.510826232969244],[8.651043335428401,53.51648107264213]],[[8.651043335428401,53.51648107264213],[8.6479370553946,53.519740529623995]],[[8.6479370553946,53.519740529623995],[8.639395542599495,53.52870324690264]],[[8.639395542599495,53.52870324690264],[8.639257826099392,53.53434035674928]],[[8.639257826099392,53.53434035674928],[8.644681529745704,53.54177856068162]],[[8.644681529745704,53.54177856068162],[8.644745840056608,53.54186675801137]],[[8.644745840056608,53.54186675801137],[8.645576746446089,53.554349294251125]],[[8.645576746446089,53.554349294251125],[8.640320504725443,53.55485405581475]],[[8.640320504725443,53.55485405581475],[8.631698343819098,53.55568205017143]],[[8.631698343819098,53.55568205017143],[8.617477063640573,53.57592404670832]],[[8.617477063640573,53.57592404670832],[8.626027920217389,53.57956454993564]],[[8.626027920217389,53.57956454993564],[8.626404274747397,53.57972478197148]],[[8.626404274747397,53.57972478197148],[8.641076803334263,53.59178693436528]],[[8.641076803334263,53.59178693436528],[8.639653633216755,53.59577677173962]],[[8.639653633216755,53.59577677173962],[8.647584490167036,53.60067210066766]],[[8.647584490167036,53.60067210066766],[8.650574081647578,53.602517429417034]],[[8.650574081647578,53.602517429417034],[8.649821593321212,53.604139896790194]],[[8.649821593321212,53.604139896790194],[8.651868339475774,53.60456142668218]],[[8.651868339475774,53.60456142668218],[8.651881482820517,53.60399551487349]],[[8.651881482820517,53.60399551487349],[8.656343592035975,53.605045822968385]],[[8.656343592035975,53.605045822968385],[8.659787656601377,53.60585649973423]],[[8.659787656601377,53.60585649973423],[8.657891773807291,53.607216735084585]],[[8.657891773807291,53.607216735084585],[8.654763593836952,53.60946110219905]],[[8.654763593836952,53.60946110219905],[8.646056722463152,53.609988932771955]],[[8.646056722463152,53.609988932771955],[8.645068080622696,53.60275148093408]],[[8.645068080622696,53.60275148093408],[8.643681100957282,53.6028798033056]],[[8.643681100957282,53.6028798033056],[8.62167839426088,53.60491548750666]],[[8.62167839426088,53.60491548750666],[8.599773910920177,53.596226096511565]],[[8.599773910920177,53.596226096511565],[8.592813564082338,53.59346496436087]],[[8.592813564082338,53.59346496436087],[8.584644061752284,53.595840788519205]],[[8.584644061752284,53.595840788519205],[8.558517193151236,53.60343890662609]],[[8.558517193151236,53.60343890662609],[8.535254334382337,53.607081886025455]],[[8.535254334382337,53.607081886025455],[8.52677564254264,53.60517801780353]],[[8.52677564254264,53.60517801780353],[8.524739817951724,53.604720878739464]],[[8.524739817951724,53.604720878739464],[8.520410541506163,53.60620504496513]],[[8.729516934355425,53.036260360787885],[8.742997892473173,53.040144008307294]],[[8.742997892473173,53.040144008307294],[8.753297797923292,53.03847380286701]],[[8.753297797923292,53.03847380286701],[8.75947081070833,53.045776109973325]],[[8.75947081070833,53.045776109973325],[8.76357088786864,53.050626257252155]],[[8.76357088786864,53.050626257252155],[8.770005184085125,53.052406106564355]],[[8.770005184085125,53.052406106564355],[8.774873033819294,53.045612624559226]],[[8.774873033819294,53.045612624559226],[8.778809111524858,53.04011950733313]],[[8.778809111524858,53.04011950733313],[8.782700809965817,53.03893751850274]],[[8.782700809965817,53.03893751850274],[8.800483470978024,53.03353655909931]],[[8.800483470978024,53.03353655909931],[8.807735013334888,53.0313341175329]],[[8.807735013334888,53.0313341175329],[8.811229556733704,53.02846946853507]],[[8.811229556733704,53.02846946853507],[8.818452337519856,53.02254859848091]],[[8.818452337519856,53.02254859848091],[8.83738520172827,53.01909150314932]],[[8.83738520172827,53.01909150314932],[8.84206823092621,53.0206700010363]],[[8.84206823092621,53.0206700010363],[8.848320525019394,53.02277745115817]],[[8.848320525019394,53.02277745115817],[8.849089830097576,53.019555143743716]],[[8.849089830097576,53.019555143743716],[8.849610721894724,53.017373336778235]],[[8.849610721894724,53.017373336778235],[8.86554738661883,53.02228358941429]],[[8.86554738661883,53.02228358941429],[8.867613668704408,53.024560046728595]],[[8.867613668704408,53.024560046728595],[8.866725741447686,53.02668811565372]],[[8.866725741447686,53.02668811565372],[8.862501156668632,53.03681305877149]],[[8.862501156668632,53.03681305877149],[8.865647066822243,53.040344856013384]],[[8.865647066822243,53.040344856013384],[8.86840480031958,53.032866075992715]],[[8.86840480031958,53.032866075992715],[8.877459930854846,53.02609934568555]],[[8.877459930854846,53.02609934568555],[8.892413569622484,53.01492477068025]],[[8.892413569622484,53.01492477068025],[8.915827207292942,53.0110213883307]],[[8.915827207292942,53.0110213883307],[8.923026547223165,53.014200814719075]],[[8.923026547223165,53.014200814719075],[8.929349905551858,53.014197847476545]],[[8.929349905551858,53.014197847476545],[8.93493991133424,53.014195225799675]],[[8.93493991133424,53.014195225799675],[8.936215931659016,53.01784418630224]],[[8.936215931659016,53.01784418630224],[8.938300219991243,53.023804508437955]],[[8.938300219991243,53.023804508437955],[8.94264908242481,53.02480274849641]],[[8.94264908242481,53.02480274849641],[8.944570669219344,53.025243831828995]],[[8.944570669219344,53.025243831828995],[8.945243422840253,53.02637603930967]],[[8.945243422840253,53.02637603930967],[8.948101263370834,53.031185637484334]],[[8.948101263370834,53.031185637484334],[8.959114556893265,53.03478793285727]],[[8.959114556893265,53.03478793285727],[8.96798410628938,53.037689039022176]],[[8.96798410628938,53.037689039022176],[8.97925612154532,53.04584959648532]],[[8.97925612154532,53.04584959648532],[8.977078315112681,53.05035904430953]],[[8.977078315112681,53.05035904430953],[8.97316834783121,53.05272656685193]],[[8.97316834783121,53.05272656685193],[8.963869330999806,53.05835720943362]],[[8.963869330999806,53.05835720943362],[8.966991189287398,53.06511041373502]],[[8.966991189287398,53.06511041373502],[8.96253509197724,53.08599943814694]],[[8.96253509197724,53.08599943814694],[8.966842510523499,53.090050312166376]],[[8.966842510523499,53.090050312166376],[8.973131038227157,53.09178048520983]],[[8.973131038227157,53.09178048520983],[8.99091305654318,53.096672877560344]],[[8.99091305654318,53.096672877560344],[8.972311844836158,53.09984143118291]],[[8.972311844836158,53.09984143118291],[8.96443542068621,53.101183111755994]],[[8.96443542068621,53.101183111755994],[8.95110583198569,53.11527525142994]],[[8.95110583198569,53.11527525142994],[8.984185596210802,53.12607105057146]],[[8.984185596210802,53.12607105057146],[8.957285656731399,53.14608132760093]],[[8.957285656731399,53.14608132760093],[8.945186488494077,53.15100196172778]],[[8.945186488494077,53.15100196172778],[8.92416457914767,53.14527883576956]],[[8.92416457914767,53.14527883576956],[8.916310294934382,53.13790934400427]],[[8.916310294934382,53.13790934400427],[8.912265197761212,53.134113922297956]],[[8.912265197761212,53.134113922297956],[8.906898640172594,53.13592574880712]],[[8.906898640172594,53.13592574880712],[8.903964730339165,53.13691627840382]],[[8.903964730339165,53.13691627840382],[8.881647803561947,53.13422273478365]],[[8.881647803561947,53.13422273478365],[8.866995095063837,53.13245422405149]],[[8.866995095063837,53.13245422405149],[8.8440798024283,53.14730412194511]],[[8.8440798024283,53.14730412194511],[8.841577589822675,53.15144883149113]],[[8.841577589822675,53.15144883149113],[8.838440941333783,53.15664442679542]],[[8.838440941333783,53.15664442679542],[8.826677597593672,53.16232540920632]],[[8.826677597593672,53.16232540920632],[8.797805579397599,53.163015729752914]],[[8.797805579397599,53.163015729752914],[8.781404856742046,53.16340786596407]],[[8.781404856742046,53.16340786596407],[8.77409076985225,53.15991706787227]],[[8.77409076985225,53.15991706787227],[8.761339400228286,53.16438401382035]],[[8.761339400228286,53.16438401382035],[8.744238238131013,53.16505018184851]],[[8.744238238131013,53.16505018184851],[8.736115073316384,53.17213330736458]],[[8.736115073316384,53.17213330736458],[8.727739858409766,53.179436212815475]],[[8.727739858409766,53.179436212815475],[8.72269491929952,53.18082860304847]],[[8.72269491929952,53.18082860304847],[8.718081625859668,53.18210186218204]],[[8.718081625859668,53.18210186218204],[8.71522290473392,53.18082860330423]],[[8.71522290473392,53.18082860330423],[8.713784109909527,53.180187773000455]],[[8.713784109909527,53.180187773000455],[8.706236026483522,53.17682590260938]],[[8.706236026483522,53.17682590260938],[8.702972841203056,53.17969609668828]],[[8.702972841203056,53.17969609668828],[8.701685270391726,53.180828602888695]],[[8.701685270391726,53.180828602888695],[8.698567816428268,53.18357061776922]],[[8.698567816428268,53.18357061776922],[8.690832536370413,53.18082860358642]],[[8.690832536370413,53.18082860358642],[8.68538072816753,53.17889603898485]],[[8.68538072816753,53.17889603898485],[8.679269739865642,53.17672980787252]],[[8.679269739865642,53.17672980787252],[8.675673962679186,53.1784545922536]],[[8.675673962679186,53.1784545922536],[8.674705937803946,53.17891892600855]],[[8.674705937803946,53.17891892600855],[8.66493840713273,53.17815931616883]],[[8.66493840713273,53.17815931616883],[8.660710900983284,53.17783054632545]],[[8.660710900983284,53.17783054632545],[8.655869426647188,53.18265606849971]],[[8.655869426647188,53.18265606849971],[8.65039521008677,53.18811224848678]],[[8.65039521008677,53.18811224848678],[8.627827196696769,53.19732726193604]],[[8.627827196696769,53.19732726193604],[8.611979892362495,53.1915559392299]],[[8.611979892362495,53.1915559392299],[8.59361113580293,53.18486634612536]],[[8.59361113580293,53.18486634612536],[8.581708230641791,53.194835558469606]],[[8.581708230641791,53.194835558469606],[8.583971493607471,53.20044632853733]],[[8.583971493607471,53.20044632853733],[8.5909877805242,53.20470965965201]],[[8.5909877805242,53.20470965965201],[8.594969612882698,53.20712915440856]],[[8.594969612882698,53.20712915440856],[8.595359585893284,53.2130173389145]],[[8.595359585893284,53.2130173389145],[8.579807132129792,53.21619910209777]],[[8.579807132129792,53.21619910209777],[8.572834590198203,53.21250628890056]],[[8.572834590198203,53.21250628890056],[8.572250341341357,53.21219685667549]],[[8.572250341341357,53.21219685667549],[8.553573917798024,53.20907076712965]],[[8.553573917798024,53.20907076712965],[8.526504509965536,53.2200153034675]],[[8.526504509965536,53.2200153034675],[8.521893034546974,53.223489665292874]],[[8.521893034546974,53.223489665292874],[8.516289539924866,53.22771142976872]],[[8.516289539924866,53.22771142976872],[8.485330674682897,53.227120038984204]],[[8.485330674682897,53.227120038984204],[8.481735204359838,53.226449405414954]],[[8.481735204359838,53.226449405414954],[8.482630700584249,53.223578089748]],[[8.482630700584249,53.223578089748],[8.484368752212589,53.22259044228565]],[[8.484368752212589,53.22259044228565],[8.487049633382753,53.2197861353507]],[[8.487049633382753,53.2197861353507],[8.505099215762826,53.20090556674075]],[[8.505099215762826,53.20090556674075],[8.524739817266704,53.19150337296969]],[[8.524739817266704,53.19150337296969],[8.55840686787957,53.18082860336102]],[[8.55840686787957,53.18082860336102],[8.573491869908294,53.17604562182085]],[[8.573491869908294,53.17604562182085],[8.604334111158584,53.169899090503414]],[[8.604334111158584,53.169899090503414],[8.620009058332677,53.16677524044171]],[[8.620009058332677,53.16677524044171],[8.622800167714404,53.16320861509735]],[[8.622800167714404,53.16320861509735],[8.625792982876845,53.15324782296137]],[[8.625792982876845,53.15324782296137],[8.62922164302392,53.1418364402604]],[[8.62922164302392,53.1418364402604],[8.641084236500573,53.12993006328341]],[[8.641084236500573,53.12993006328341],[8.654437168187401,53.11652784874477]],[[8.654437168187401,53.11652784874477],[8.65489863531925,53.1088643720892]],[[8.65489863531925,53.1088643720892],[8.668662477995975,53.102902774217014]],[[8.668662477995975,53.102902774217014],[8.66564616907682,53.09408468461129]],[[8.66564616907682,53.09408468461129],[8.671675696862538,53.08825995185756]],[[8.671675696862538,53.08825995185756],[8.698915811608563,53.08274100501072]],[[8.698915811608563,53.08274100501072],[8.708103601862149,53.07642814330417]],[[8.708103601862149,53.07642814330417],[8.709998527824558,53.06685935745599]],[[8.709998527824558,53.06685935745599],[8.707425447127896,53.052929433217734]],[[8.707425447127896,53.052929433217734],[8.711423787058042,53.044629957151706]],[[8.711423787058042,53.044629957151706],[8.729516934355425,53.036260360787885]],[[9.77207658951055,53.54338595114822],[9.767455660615202,53.53864625001351]],[[9.767455660615202,53.53864625001351],[9.775603010924268,53.522910009491426]],[[9.775603010924268,53.522910009491426],[9.76981173734103,53.51977885357021]],[[9.76981173734103,53.51977885357021],[9.765999788233216,53.51246251300301]],[[9.765999788233216,53.51246251300301],[9.76886119325402,53.50527900950022]],[[9.76886119325402,53.50527900950022],[9.782075534456038,53.50006611071706]],[[9.782075534456038,53.50006611071706],[9.782671923536945,53.498178320793365]],[[9.782671923536945,53.498178320793365],[9.784417589116554,53.49265264682675]],[[9.784417589116554,53.49265264682675],[9.794110951110673,53.492297024327634]],[[9.794110951110673,53.492297024327634],[9.80058715705885,53.4920594318233]],[[9.80058715705885,53.4920594318233],[9.800444158028442,53.484880413960894]],[[9.800444158028442,53.484880413960894],[9.800209715243813,53.47311076704669]],[[9.800209715243813,53.47311076704669],[9.803021179871005,53.46834265272507]],[[9.803021179871005,53.46834265272507],[9.809307592562488,53.462937479750615]],[[9.809307592562488,53.462937479750615],[9.816139261374769,53.459838322737276]],[[9.816139261374769,53.459838322737276],[9.836531256455949,53.45058758580869]],[[9.836531256455949,53.45058758580869],[9.854902888342881,53.43587159324385]],[[9.854902888342881,53.43587159324385],[9.862387376733027,53.42987639035227]],[[9.862387376733027,53.42987639035227],[9.862649701097293,53.43619026912498]],[[9.862649701097293,53.43619026912498],[9.862786064092766,53.43947234369453]],[[9.862786064092766,53.43947234369453],[9.894641504888142,53.45568902623749]],[[9.894641504888142,53.45568902623749],[9.90155778283306,53.456620370733184]],[[9.90155778283306,53.456620370733184],[9.912772130973906,53.448294370309334]],[[9.912772130973906,53.448294370309334],[9.919728214405316,53.43747438095301]],[[9.919728214405316,53.43747438095301],[9.916491899582333,53.43109679628661]],[[9.916491899582333,53.43109679628661],[9.908996724581236,53.416326555471]],[[9.908996724581236,53.416326555471],[9.916443704789097,53.414992703716095]],[[9.916443704789097,53.414992703716095],[9.927942906916845,53.41918158444601]],[[9.927942906916845,53.41918158444601],[9.941271767207645,53.42183503290274]],[[9.941271767207645,53.42183503290274],[9.946248990215462,53.42537862576107]],[[9.946248990215462,53.42537862576107],[9.952396398877871,53.42975534479745]],[[9.952396398877871,53.42975534479745],[9.970782723844932,53.422602223547884]],[[9.970782723844932,53.422602223547884],[9.973248756546328,53.42164282442501]],[[9.973248756546328,53.42164282442501],[9.977135916962332,53.415844579517966]],[[9.977135916962332,53.415844579517966],[9.980619150829423,53.41544352347443]],[[9.980619150829423,53.41544352347443],[9.988512853358705,53.41997139348799]],[[9.988512853358705,53.41997139348799],[9.99837287259101,53.425627153529135]],[[9.99837287259101,53.425627153529135],[10.006921353681646,53.427305667339446]],[[10.006921353681646,53.427305667339446],[10.018314713595522,53.42954278013773]],[[10.018314713595522,53.42954278013773],[10.027151013470109,53.434123601540016]],[[10.027151013470109,53.434123601540016],[10.026097459589792,53.43752998687136]],[[10.026097459589792,53.43752998687136],[10.02143014218442,53.43965281934039]],[[10.02143014218442,53.43965281934039],[10.015941866918146,53.442149048636516]],[[10.015941866918146,53.442149048636516],[10.019540927619852,53.44568488501983]],[[10.019540927619852,53.44568488501983],[10.022914808140877,53.44536263094844]],[[10.022914808140877,53.44536263094844],[10.031873460828537,53.444506949780255]],[[10.031873460828537,53.444506949780255],[10.047014403341272,53.447964133254004]],[[10.047014403341272,53.447964133254004],[10.047888008549013,53.44969426811977]],[[10.047888008549013,53.44969426811977],[10.042251668407722,53.451974431247955]],[[10.042251668407722,53.451974431247955],[10.04291484574484,53.45596316103356]],[[10.04291484574484,53.45596316103356],[10.04312589976696,53.4572325641141]],[[10.04312589976696,53.4572325641141],[10.051697582021493,53.46323330856679]],[[10.051697582021493,53.46323330856679],[10.085093941463542,53.449956063972614]],[[10.085093941463542,53.449956063972614],[10.096173808309377,53.43879808864262]],[[10.096173808309377,53.43879808864262],[10.10749068353566,53.42740143267766]],[[10.10749068353566,53.42740143267766],[10.124087117462103,53.424315169283574]],[[10.124087117462103,53.424315169283574],[10.133378256291506,53.42258739489128]],[[10.133378256291506,53.42258739489128],[10.146006517660028,53.415079548241]],[[10.146006517660028,53.415079548241],[10.149742137535107,53.411003971633534]],[[10.149742137535107,53.411003971633534],[10.154562979954841,53.40574441110822]],[[10.154562979954841,53.40574441110822],[10.171122266810706,53.39759302854873]],[[10.171122266810706,53.39759302854873],[10.185212696021765,53.397992141193534]],[[10.185212696021765,53.397992141193534],[10.197795405283388,53.39834854782357]],[[10.197795405283388,53.39834854782357],[10.202929541478587,53.39782875207087]],[[10.202929541478587,53.39782875207087],[10.226939280395033,53.39539793637002]],[[10.226939280395033,53.39539793637002],[10.242768143063666,53.399205397295546]],[[10.242768143063666,53.399205397295546],[10.254794355996605,53.41265566669704]],[[10.254794355996605,53.41265566669704],[10.260041716002636,53.41852438081607]],[[10.260041716002636,53.41852438081607],[10.307954020289039,53.43320100559206]],[[9.74947993743751,53.55622737486096],[9.755406173300145,53.5558288062746]],[[10.701372107169034,51.64218763762723],[10.69760822793224,51.63977043937106]],[[10.69760822793224,51.63977043937106],[10.677283104084806,51.63837586055921]],[[10.677283104084806,51.63837586055921],[10.676029065416982,51.635153653118365]],[[10.676029065416982,51.635153653118365],[10.676202000247306,51.63480617874447]],[[10.676202000247306,51.63480617874447],[10.679076946326388,51.629029582476456]],[[10.679076946326388,51.629029582476456],[10.664645866834475,51.626120843425845]],[[10.664645866834475,51.626120843425845],[10.640675801445163,51.621289419921695]],[[10.640675801445163,51.621289419921695],[10.639003194080793,51.61724763862262]],[[10.639003194080793,51.61724763862262],[10.64136720616298,51.614199741565336]],[[10.64136720616298,51.614199741565336],[10.643093921197435,51.61197350511647]],[[10.643093921197435,51.61197350511647],[10.64540446175728,51.60897491191809]],[[10.64540446175728,51.60897491191809],[10.638541427443114,51.60758379663392]],[[10.638541427443114,51.60758379663392],[10.636062933048764,51.60708141347194]],[[10.636062933048764,51.60708141347194],[10.633313490795418,51.602468336176216]],[[10.633313490795418,51.602468336176216],[10.638975384220897,51.58527102788873]],[[10.638975384220897,51.58527102788873],[10.64580715395503,51.58392971596487]],[[10.64580715395503,51.58392971596487],[10.657136747419093,51.58170532855746]],[[10.657136747419093,51.58170532855746],[10.665676033995014,51.57698266430079]],[[10.665676033995014,51.57698266430079],[10.659342714323856,51.56720129601386]],[[10.659342714323856,51.56720129601386],[10.659687581824764,51.56062943777205]],[[10.659687581824764,51.56062943777205],[10.654403246994587,51.55909661305115]],[[10.654403246994587,51.55909661305115],[10.636740979761221,51.56278146796663]],[[10.636740979761221,51.56278146796663],[10.626889075107636,51.568271631213904]],[[10.626889075107636,51.568271631213904],[10.626793081686216,51.571116687934484]],[[10.626793081686216,51.571116687934484],[10.626755728205698,51.572223810036704]],[[10.626755728205698,51.572223810036704],[10.622852280550664,51.57501340369444]],[[10.622852280550664,51.57501340369444],[10.605641841018508,51.579515104268516]],[[10.605641841018508,51.579515104268516],[10.592872205391759,51.573447467566886]],[[10.592872205391759,51.573447467566886],[10.590658908550601,51.57078360183657]],[[10.590658908550601,51.57078360183657],[10.589001843808044,51.568789201714615]],[[10.589001843808044,51.568789201714615],[10.557868515391034,51.556874353530276]],[[10.557868515391034,51.556874353530276],[10.545966250713786,51.55597357119292]],[[10.545966250713786,51.55597357119292],[10.541087985807877,51.557179205257604]],[[10.541087985807877,51.557179205257604],[10.53456356702859,51.55879167618339]],[[10.53456356702859,51.55879167618339],[10.52477069168281,51.55613355625155]],[[10.52477069168281,51.55613355625155],[10.517785170625015,51.554237447791365]],[[10.517785170625015,51.554237447791365],[10.510623218553286,51.55665223476982]],[[10.510623218553286,51.55665223476982],[10.506568773500678,51.56270532524303]],[[10.506568773500678,51.56270532524303],[10.506057500730876,51.56346863150124]],[[10.506057500730876,51.56346863150124],[10.49578799417292,51.5722595444558]],[[10.49578799417292,51.5722595444558],[10.488551121061539,51.574778474860956]],[[10.488551121061539,51.574778474860956],[10.432236945970423,51.59203951543651]],[[10.432236945970423,51.59203951543651],[10.423581931288338,51.590253491512215]],[[10.423581931288338,51.590253491512215],[10.406730969155317,51.58677617431465]],[[10.406730969155317,51.58677617431465],[10.387770233632526,51.58802253118747]],[[10.387770233632526,51.58802253118747],[10.377328769640986,51.58870888696539]],[[10.377328769640986,51.58870888696539],[10.37216381398067,51.58652926826074]],[[10.37216381398067,51.58652926826074],[10.375767615781982,51.58062601430531]],[[10.375767615781982,51.58062601430531],[10.378183287684228,51.57666899305453]],[[10.378183287684228,51.57666899305453],[10.378266836553204,51.563231894929146]],[[10.378266836553204,51.563231894929146],[10.369445799086613,51.558212928675594]],[[10.369445799086613,51.558212928675594],[10.36536517731731,51.555891150994455]],[[10.36536517731731,51.555891150994455],[10.368397825749472,51.55449749060489]],[[10.368397825749472,51.55449749060489],[10.37084248580549,51.5533740405373]],[[10.37084248580549,51.5533740405373],[10.366910021283577,51.543164547602565]],[[10.366910021283577,51.543164547602565],[10.360282389790491,51.53875476872255]],[[10.360282389790491,51.53875476872255],[10.347891423385942,51.530510282194534]],[[10.347891423385942,51.530510282194534],[10.345111844853706,51.52505928137524]],[[10.345111844853706,51.52505928137524],[10.342275555282678,51.51949706773037]],[[10.342275555282678,51.51949706773037],[10.329479294404578,51.517644390408314]],[[10.329479294404578,51.517644390408314],[10.309503576795327,51.51475225103679]],[[10.309503576795327,51.51475225103679],[10.300503181562913,51.50574326312509]],[[10.300503181562913,51.50574326312509],[10.300617385755249,51.502993246622296]],[[10.300617385755249,51.502993246622296],[10.300864465211578,51.49704357557069]],[[10.300864465211578,51.49704357557069],[10.297610225234914,51.493595491711936]],[[10.297610225234914,51.493595491711936],[10.291311226792985,51.49373571468324]],[[10.291311226792985,51.49373571468324],[10.283704688158972,51.49390504391946]],[[10.283704688158972,51.49390504391946],[10.272758963664263,51.48822104190634]],[[10.272758963664263,51.48822104190634],[10.245987144706888,51.483602764237304]],[[10.245987144706888,51.483602764237304],[10.23749666117855,51.4749979038983]],[[10.23749666117855,51.4749979038983],[10.23422681355084,51.47168400571018]],[[10.23422681355084,51.47168400571018],[10.218190525649026,51.47089506970148]],[[10.218190525649026,51.47089506970148],[10.215761485380325,51.476661058088375]],[[10.215761485380325,51.476661058088375],[10.214916897765477,51.47866591651949]],[[10.214916897765477,51.47866591651949],[10.203415013054551,51.48665344071444]],[[10.203415013054551,51.48665344071444],[10.189878753293517,51.4798101603347]],[[10.189878753293517,51.4798101603347],[10.179131892892995,51.46723346075272]],[[10.179131892892995,51.46723346075272],[10.181331384584745,51.4657322664611]],[[10.181331384584745,51.4657322664611],[10.185397222795707,51.46295725566594]],[[10.185397222795707,51.46295725566594],[10.17856782342562,51.45807071972065]],[[10.17856782342562,51.45807071972065],[10.17657594780566,51.453259699578275]],[[10.17657594780566,51.453259699578275],[10.175329118704576,51.45024820441071]],[[10.175329118704576,51.45024820441071],[10.173951093137287,51.44691983299098]],[[10.173951093137287,51.44691983299098],[10.1676182974578,51.444445105015184]],[[10.1676182974578,51.444445105015184],[10.154966766422701,51.446039366321415]],[[10.154966766422701,51.446039366321415],[10.150622148466146,51.446586846499024]],[[10.150622148466146,51.446586846499024],[10.141460817595775,51.443562850811574]],[[10.141460817595775,51.443562850811574],[10.142629784124406,51.43680090460876]],[[10.142629784124406,51.43680090460876],[10.144903430326083,51.43578163077762]],[[10.144903430326083,51.43578163077762],[10.154410400467876,51.4315196556482]],[[10.154410400467876,51.4315196556482],[10.152940247348582,51.430260011187514]],[[10.152940247348582,51.430260011187514],[10.150399094673869,51.429424559565724]],[[10.150399094673869,51.429424559565724],[10.14101527983714,51.42995359687297]],[[10.14101527983714,51.42995359687297],[10.135706922350929,51.432832046661034]],[[10.135706922350929,51.432832046661034],[10.132518433030093,51.43456100081456]],[[10.132518433030093,51.43456100081456],[10.125653979359267,51.43297570300097]],[[10.125653979359267,51.43297570300097],[10.11487509900778,51.43048639637297]],[[10.11487509900778,51.43048639637297],[10.093089563851978,51.433441047416316]],[[10.093089563851978,51.433441047416316],[10.082932469037376,51.43481859709815]],[[10.082932469037376,51.43481859709815],[10.079747229840292,51.433262761330965]],[[10.079747229840292,51.433262761330965],[10.07926122034523,51.427363748405625]],[[10.07926122034523,51.427363748405625],[10.079098857124883,51.425393059336486]],[[10.079098857124883,51.425393059336486],[10.075219850493715,51.419517543991915]],[[10.075219850493715,51.419517543991915],[10.066120065037433,51.419860310598466]],[[10.066120065037433,51.419860310598466],[10.063642666808226,51.425109467762375]],[[10.063642666808226,51.425109467762375],[10.059662166705415,51.43354342685202]],[[10.059662166705415,51.43354342685202],[10.054566579375209,51.435626988850515]],[[10.054566579375209,51.435626988850515],[10.049370729093988,51.43488609125978]],[[10.049370729093988,51.43488609125978],[10.050582137691123,51.43040066097843]],[[10.050582137691123,51.43040066097843],[10.043625184381265,51.42726309641883]],[[10.043625184381265,51.42726309641883],[10.043553895428659,51.42710863191433]],[[10.043553895428659,51.42710863191433],[10.041797308224327,51.423302531220564]],[[10.041797308224327,51.423302531220564],[10.026378310181018,51.41914902007807]],[[10.026378310181018,51.41914902007807],[10.01603715087896,51.41941580522594]],[[10.01603715087896,51.41941580522594],[10.008954614699714,51.419598522307474]],[[10.008954614699714,51.419598522307474],[10.00781215946351,51.41456673012355]],[[10.00781215946351,51.41456673012355],[10.006605247487101,51.40925105998477]],[[10.006605247487101,51.40925105998477],[9.996902396331881,51.404909412225656]],[[9.996902396331881,51.404909412225656],[9.99119426716059,51.40235524692934]],[[9.99119426716059,51.40235524692934],[9.988906453245516,51.39968508154058]],[[9.988906453245516,51.39968508154058],[9.98739627663632,51.397922514259626]],[[9.98739627663632,51.397922514259626],[9.983169288116338,51.39737515426427]],[[9.983169288116338,51.39737515426427],[9.966172611697356,51.39517422741943]],[[9.966172611697356,51.39517422741943],[9.954588640461713,51.38962404783638]],[[9.954588640461713,51.38962404783638],[9.94907411710248,51.38364758438588]],[[9.94907411710248,51.38364758438588],[9.947613861344875,51.382065004982]],[[9.947613861344875,51.382065004982],[9.943943474217157,51.38029756013564]],[[9.943943474217157,51.38029756013564],[9.94199865445975,51.378428420131335]],[[9.94199865445975,51.378428420131335],[9.928338962902815,51.37529909103846]],[[10.903661397857652,53.956821954661905],[10.908754718887558,53.94695258422037]],[[10.908754718887558,53.94695258422037],[10.90265558385023,53.94131276617786]],[[10.90265558385023,53.94131276617786],[10.896473175527431,53.935595948265515]],[[10.896473175527431,53.935595948265515],[10.896576847283738,53.93079205094702]],[[10.896576847283738,53.93079205094702],[10.896725052653327,53.92392446882472]],[[10.896725052653327,53.92392446882472],[10.925321861385303,53.92075694966522]],[[10.925321861385303,53.92075694966522],[10.938030328889953,53.919349299536044]],[[10.938030328889953,53.919349299536044],[10.946534438219294,53.914930172879316]],[[10.946534438219294,53.914930172879316],[10.949761991710101,53.91344231389779]],[[10.949761991710101,53.91344231389779],[10.962186353668883,53.913660190444894]],[[10.962186353668883,53.913660190444894],[10.967132125951467,53.909602172513054]],[[10.967132125951467,53.909602172513054],[10.965053718032493,53.90768360258753]],[[10.965053718032493,53.90768360258753],[10.95653352589827,53.90922593069651]],[[10.95653352589827,53.90922593069651],[10.948530967314518,53.90445418609157]],[[10.948530967314518,53.90445418609157],[10.946534437931916,53.90389305591272]],[[10.946534437931916,53.90389305591272],[10.931611572622039,53.900699528602736]],[[10.931611572622039,53.900699528602736],[10.90943940528609,53.89901716737164]],[[10.90943940528609,53.89901716737164],[10.90282534707421,53.9058416879317]],[[10.90282534707421,53.9058416879317],[10.907011072076068,53.91081455473401]],[[10.907011072076068,53.91081455473401],[10.910301066761267,53.91472324503556]],[[10.910301066761267,53.91472324503556],[10.894634993873654,53.91870993731099]],[[10.894634993873654,53.91870993731099],[10.885964232770064,53.92408062326549]],[[10.885964232770064,53.92408062326549],[10.879061367703192,53.922163826356964]],[[10.879061367703192,53.922163826356964],[10.87388683985869,53.915483923600604]],[[10.87388683985869,53.915483923600604],[10.872580496814418,53.913797537193254]],[[10.872580496814418,53.913797537193254],[10.850017859061678,53.90492996387062]],[[10.850017859061678,53.90492996387062],[10.849193081738845,53.904605809693024]],[[10.849193081738845,53.904605809693024],[10.849172812573238,53.90455631637591]],[[10.849172812573238,53.90455631637591],[10.846134742628326,53.897137988018116]],[[10.846134742628326,53.897137988018116],[10.84016406576425,53.89618032290682]],[[10.84016406576425,53.89618032290682],[10.824574373914993,53.893679817602475]],[[10.824574373914993,53.893679817602475],[10.81951174287965,53.89286779835623]],[[10.81951174287965,53.89286779835623],[10.812109164595258,53.88816817366791]],[[10.812109164595258,53.88816817366791],[10.808556728093556,53.885912863593546]],[[10.808556728093556,53.885912863593546],[10.80561877532886,53.88041544094624]],[[10.80561877532886,53.88041544094624],[10.799947202969637,53.87649258029566]],[[10.799947202969637,53.87649258029566],[10.781366110557677,53.874574760206286]],[[10.781366110557677,53.874574760206286],[10.772875696064405,53.87369843477696]],[[10.772875696064405,53.87369843477696],[10.753733369758327,53.85486034738863]],[[10.753733369758327,53.85486034738863],[10.748655259144366,53.85115246202829]],[[10.748655259144366,53.85115246202829],[10.752240912366318,53.84836712395944]],[[10.752240912366318,53.84836712395944],[10.748483836643706,53.83437833214462]],[[10.748483836643706,53.83437833214462],[10.759382194241583,53.82471168573206]],[[10.759382194241583,53.82471168573206],[10.760584423427181,53.823645330363696]],[[10.760584423427181,53.823645330363696],[10.762964580025114,53.811152944673985]],[[10.762964580025114,53.811152944673985],[10.76859826503404,53.79932751094385]],[[10.76859826503404,53.79932751094385],[10.77277340381967,53.79382759039033]],[[10.77277340381967,53.79382759039033],[10.769324001696702,53.78690368006928]],[[10.769324001696702,53.78690368006928],[10.769018794374274,53.78629104204801]],[[10.769018794374274,53.78629104204801],[10.766754331843936,53.78065396519073]],[[10.766754331843936,53.78065396519073],[10.767297763445795,53.779035274954744]],[[10.767297763445795,53.779035274954744],[10.76863340598863,53.77505687217379]],[[10.76863340598863,53.77505687217379],[10.765140127476846,53.77065661265507]],[[10.765140127476846,53.77065661265507],[10.757311698076652,53.76079564344376]],[[10.757311698076652,53.76079564344376],[10.758033106065,53.747517638886734]],[[10.758033106065,53.747517638886734],[10.766452344477749,53.7483679362159]],[[10.766452344477749,53.7483679362159],[10.772127707468822,53.748941117906234]],[[10.772127707468822,53.748941117906234],[10.790015048641402,53.74425728252839]],[[10.790015048641402,53.74425728252839],[10.792943480751886,53.74349046746723]],[[10.792943480751886,53.74349046746723],[10.796191340850791,53.741991439747714]],[[10.796191340850791,53.741991439747714],[10.807982127580287,53.73767748688744]],[[10.807982127580287,53.73767748688744],[10.807476420635059,53.73147560174994]],[[10.807476420635059,53.73147560174994],[10.807120290683306,53.72710808628846]],[[10.807120290683306,53.72710808628846],[10.810949353444151,53.720619042469444]],[[10.810949353444151,53.720619042469444],[10.824664381592003,53.711480782418775]],[[10.824664381592003,53.711480782418775],[10.831627127133451,53.71035496001244]],[[10.831627127133451,53.71035496001244],[10.833118229510886,53.71003679512985]],[[10.833118229510886,53.71003679512985],[10.840164065802457,53.70853338784304]],[[10.840164065802457,53.70853338784304],[10.843343496304664,53.70785497602669]],[[10.843343496304664,53.70785497602669],[10.850326137212742,53.70496436883311]],[[10.850326137212742,53.70496436883311],[10.85098840052112,53.702688161839404]],[[10.85098840052112,53.702688161839404],[10.851581071167661,53.70065114696479]],[[10.851581071167661,53.70065114696479],[10.857994368341956,53.7022034833383]],[[10.857994368341956,53.7022034833383],[10.864694138043014,53.70382515950883]],[[10.864694138043014,53.70382515950883],[10.871182297138667,53.70184459030455]],[[10.871182297138667,53.70184459030455],[10.88808312380962,53.70494354728208]],[[10.88808312380962,53.70494354728208],[10.916660329226268,53.69916639678004]],[[10.916660329226268,53.69916639678004],[10.921702240942889,53.69884447072496]],[[10.921702240942889,53.69884447072496],[10.925284164724506,53.69385444681139]],[[10.925284164724506,53.69385444681139],[10.924828356032435,53.693049167266494]],[[10.924828356032435,53.693049167266494],[10.922991011750318,53.689803122620255]],[[10.922991011750318,53.689803122620255],[10.933525668591052,53.68617134720417]],[[10.933525668591052,53.68617134720417],[10.940036005081168,53.68392693977819]],[[10.940036005081168,53.68392693977819],[10.943315086318004,53.6751705886413]],[[10.943315086318004,53.6751705886413],[10.942409738555279,53.67152585628594]],[[10.942409738555279,53.67152585628594],[10.940893984148705,53.665423753556325]],[[10.940893984148705,53.665423753556325],[10.946293449197602,53.661762700849636]],[[10.946293449197602,53.661762700849636],[10.946534437854915,53.66159930031985]],[[10.946534437854915,53.66159930031985],[10.953114053499318,53.6571380556978]],[[10.953114053499318,53.6571380556978],[10.951918315267266,53.64762249369754]],[[10.951918315267266,53.64762249369754],[10.94653443764529,53.64613221339928]],[[10.94653443764529,53.64613221339928],[10.944970469541301,53.64080319500294]],[[10.944970469541301,53.64080319500294],[10.929562868153715,53.62870702278323]],[[10.929562868153715,53.62870702278323],[10.927813329726208,53.62297296408411]],[[10.927813329726208,53.62297296408411],[10.922480473898084,53.60400475727811]],[[10.922480473898084,53.60400475727811],[10.91812305542599,53.598058727510036]],[[10.91812305542599,53.598058727510036],[10.921601932908084,53.589346319845525]],[[10.921601932908084,53.589346319845525],[10.92339041968319,53.58486728175387]],[[10.92339041968319,53.58486728175387],[10.911107551662656,53.572574620225716]],[[10.911107551662656,53.572574620225716],[10.853059801978262,53.5659725772375]],[[10.853059801978262,53.5659725772375],[10.847483819787007,53.56994969348954]],[[10.847483819787007,53.56994969348954],[10.839822941734184,53.57541388175191]],[[10.839822941734184,53.57541388175191],[10.826371493653012,53.57569896271722]],[[10.826371493653012,53.57569896271722],[10.822973326754639,53.572584405872526]],[[10.822973326754639,53.572584405872526],[10.826420874855852,53.56650829303048]],[[10.826420874855852,53.56650829303048],[10.82532113493084,53.55651542386415]],[[10.82532113493084,53.55651542386415],[10.825835806627016,53.55538616911243]],[[10.825835806627016,53.55538616911243],[10.830792562516857,53.54451041365995]],[[10.830792562516857,53.54451041365995],[10.82123002911106,53.53557766930055]],[[10.82123002911106,53.53557766930055],[10.819851082734472,53.534289540681876]],[[10.819851082734472,53.534289540681876],[10.819784016128132,53.52935866486935]],[[10.819784016128132,53.52935866486935],[10.819709101147765,53.5238507331384]],[[10.819709101147765,53.5238507331384],[10.818325674075348,53.5230866337145]],[[10.818325674075348,53.5230866337145],[10.815586319243181,53.52157362419414]],[[10.815586319243181,53.52157362419414],[10.817730062814968,53.520525030378096]],[[10.817730062814968,53.520525030378096],[10.8235140907054,53.51769582344422]],[[10.8235140907054,53.51769582344422],[10.824333800893346,53.513740875855085]],[[10.824333800893346,53.513740875855085],[10.810714387597944,53.51548866721145]],[[10.810714387597944,53.51548866721145],[10.809016339921394,53.5157065788172]],[[10.809016339921394,53.5157065788172],[10.78473745328582,53.5077996629838]],[[10.78473745328582,53.5077996629838],[10.783821704283067,53.50635547381323]],[[10.783821704283067,53.50635547381323],[10.782062735471643,53.503605082971475]],[[10.782062735471643,53.503605082971475],[10.776708128929304,53.49523241145898]],[[10.776708128929304,53.49523241145898],[10.757079993046524,53.48424760252921]],[[10.757079993046524,53.48424760252921],[10.73726889273595,53.48175732354911]],[[10.73726889273595,53.48175732354911],[10.727006078031817,53.48046727535591]],[[10.727006078031817,53.48046727535591],[10.725676806852734,53.47963989116545]],[[10.725676806852734,53.47963989116545],[10.720536766626605,53.476440554047315]],[[10.720536766626605,53.476440554047315],[10.711033656683751,53.4769651451739]],[[10.711033656683751,53.4769651451739],[10.702052518445402,53.477460924954336]],[[10.702052518445402,53.477460924954336],[10.698011917782464,53.46752662642494]],[[10.698011917782464,53.46752662642494],[10.692973019855057,53.4551378947956]],[[10.692973019855057,53.4551378947956],[10.683540092173695,53.45702808074367]],[[10.683540092173695,53.45702808074367],[10.68077219401795,53.45758239278571]],[[10.68077219401795,53.45758239278571],[10.676645977728116,53.458160671442364]],[[10.676645977728116,53.458160671442364],[10.654116501088328,53.4613181206023]],[[10.654116501088328,53.4613181206023],[10.647487247814444,53.45822933058579]],[[10.647487247814444,53.45822933058579],[10.643163073764542,53.45621455384184]],[[10.643163073764542,53.45621455384184],[10.641510753352897,53.45617823702887]],[[10.641510753352897,53.45617823702887],[10.634904599506402,53.45603303798046]],[[10.634904599506402,53.45603303798046],[10.625834264911042,53.44336248554762]],[[10.625834264911042,53.44336248554762],[10.617781288876962,53.41618241341258]],[[10.617781288876962,53.41618241341258],[10.618917515701293,53.41248197246942]],[[10.618917515701293,53.41248197246942],[10.6189504958018,53.41221367216723]],[[10.6189504958018,53.41221367216723],[10.620119118880323,53.40270653219593]],[[10.620119118880323,53.40270653219593],[10.615506403872004,53.384373866743736]],[[10.615506403872004,53.384373866743736],[10.610284674302461,53.382027068798486]],[[10.610284674302461,53.382027068798486],[10.59949051957588,53.377175859568105]],[[10.59949051957588,53.377175859568105],[10.595046768053525,53.36392761747438]],[[9.906617805480506,53.65245186331755],[9.90535905470756,53.64740339212966]],[[9.90535905470756,53.64740339212966],[9.904073134675771,53.64224595213921]],[[9.904073134675771,53.64224595213921],[9.896924169993195,53.63486554954174]],[[9.896924169993195,53.63486554954174],[9.88385331909158,53.62153895844931]],[[9.88385331909158,53.62153895844931],[9.872029978096027,53.61471279721642]],[[9.872029978096027,53.61471279721642],[9.86802405950343,53.609346603869525]],[[9.86802405950343,53.609346603869525],[9.86248448162192,53.60567140090742]],[[9.86248448162192,53.60567140090742],[9.860449567220995,53.60432134890842]],[[9.860449567220995,53.60432134890842],[9.858160941436948,53.60146308054767]],[[9.858160941436948,53.60146308054767],[9.856199748479622,53.59901374494251]],[[9.856199748479622,53.59901374494251],[9.842793004719315,53.59413568809343]],[[9.842793004719315,53.59413568809343],[9.83710372539312,53.59206563756795]],[[9.83710372539312,53.59206563756795],[9.836895214745562,53.59136185065429]],[[9.836895214745562,53.59136185065429],[9.835837217240092,53.587790768436264]],[[9.835837217240092,53.587790768436264],[9.825134289966131,53.58475197782673]],[[9.825134289966131,53.58475197782673],[9.816270802394694,53.586401910290775]],[[9.816270802394694,53.586401910290775],[9.806862918480281,53.592065637966336]],[[9.806862918480281,53.592065637966336],[9.790905166658732,53.60199770474575]],[[9.790905166658732,53.60199770474575],[9.795014885188646,53.60520408471611]],[[9.795014885188646,53.60520408471611],[9.796903477076395,53.606677553964225]],[[9.796903477076395,53.606677553964225],[9.79494196438212,53.610047374519766]],[[9.79494196438212,53.610047374519766],[9.780997203333518,53.613808319833225]],[[9.780997203333518,53.613808319833225],[9.771551459579369,53.61635586569272]],[[9.771551459579369,53.61635586569272],[9.771156007645535,53.619848973969575]],[[9.771156007645535,53.619848973969575],[9.770294086503155,53.62746247389607]],[[9.770294086503155,53.62746247389607],[9.763672508230881,53.62749505328627]],[[9.763672508230881,53.62749505328627],[9.763474231008331,53.62492409614571]],[[9.763474231008331,53.62492409614571],[9.760125982502881,53.624481566763556]],[[9.760125982502881,53.624481566763556],[9.757996869416798,53.6181159265329]],[[9.757996869416798,53.6181159265329],[9.754680811698757,53.61375747172076]],[[9.754680811698757,53.61375747172076],[9.75703926446622,53.6114162566044]],[[9.75703926446622,53.6114162566044],[9.758247807058188,53.61021654688247]],[[9.758247807058188,53.61021654688247],[9.756048234444997,53.60411356907321]],[[9.756048234444997,53.60411356907321],[9.753277516536109,53.603751424336764]],[[9.753277516536109,53.603751424336764],[9.748525802890821,53.60313035561469]],[[9.748525802890821,53.60313035561469],[9.744510605540103,53.5985482209353]],[[9.744510605540103,53.5985482209353],[9.746950177691135,53.59206563713627]],[[9.746950177691135,53.59206563713627],[9.737415276214922,53.58171648903942]],[[9.737415276214922,53.58171648903942],[9.74107964566596,53.578897379387506]],[[9.74107964566596,53.578897379387506],[9.74133216059145,53.578703112838895]],[[9.74133216059145,53.578703112838895],[9.740834419522916,53.57839771341739]],[[9.740834419522916,53.57839771341739],[9.737384290040518,53.57628081638424]],[[9.737384290040518,53.57628081638424],[9.734364862361096,53.56521552530474]],[[10.307954020289039,53.43320100559206],[10.317666970443378,53.435970335125624]],[[10.317666970443378,53.435970335125624],[10.31610467052776,53.4411953438876]],[[10.31610467052776,53.4411953438876],[10.325958841699268,53.44963963971179]],[[10.325958841699268,53.44963963971179],[10.31267142848708,53.45184725855703]],[[10.31267142848708,53.45184725855703],[10.308735120559131,53.44548365528701]],[[10.308735120559131,53.44548365528701],[10.307671622607325,53.44376436237113]],[[10.307671622607325,53.44376436237113],[10.303518541079095,53.443204672326814]],[[10.303518541079095,53.443204672326814],[10.297417082074562,53.44719477753259]],[[10.297417082074562,53.44719477753259],[10.297133615907688,53.45135576792625]],[[10.297133615907688,53.45135576792625],[10.289907244667493,53.45534339248482]],[[10.289907244667493,53.45534339248482],[10.270829540687616,53.463845345990634]],[[10.270829540687616,53.463845345990634],[10.271176983599593,53.4667275601013]],[[10.271176983599593,53.4667275601013],[10.271302143735701,53.46776582462693]],[[10.271302143735701,53.46776582462693],[10.263745118717857,53.47433308363123]],[[10.263745118717857,53.47433308363123],[10.249303749694073,53.479539387465884]],[[10.249303749694073,53.479539387465884],[10.248305490806473,53.47994708371737]],[[10.248305490806473,53.47994708371737],[10.238828489372919,53.483817558626676]],[[10.238828489372919,53.483817558626676],[10.23667840033241,53.49635435021996]],[[10.23667840033241,53.49635435021996],[10.226152099290722,53.495921018247714]],[[10.226152099290722,53.495921018247714],[10.219902839147549,53.49877897381086]],[[10.219902839147549,53.49877897381086],[10.221420631144307,53.50254911873014]],[[10.221420631144307,53.50254911873014],[10.222645390071474,53.505591378676854]],[[10.222645390071474,53.505591378676854],[10.210601624429078,53.520046525387926]],[[10.210601624429078,53.520046525387926],[10.20657435746091,53.51792432134458]],[[10.20657435746091,53.51792432134458],[10.199935007122688,53.51442565566354]],[[10.199935007122688,53.51442565566354],[10.188115231969935,53.51302951999718]],[[10.188115231969935,53.51302951999718],[10.164082041947962,53.52111625802714]],[[10.164082041947962,53.52111625802714],[10.162282870459673,53.52548677557632]],[[10.162282870459673,53.52548677557632],[10.163536989558082,53.529122714499415]],[[10.163536989558082,53.529122714499415],[10.166065771824602,53.53645415231588]],[[10.166065771824602,53.53645415231588],[10.158066566644516,53.53726075623444]],[[10.158066566644516,53.53726075623444],[10.155534703921283,53.53751605633635]],[[10.155534703921283,53.53751605633635],[10.15178507409651,53.54444819110913]],[[10.15178507409651,53.54444819110913],[10.15301598527925,53.54988630135617]],[[10.15301598527925,53.54988630135617],[10.154250732952148,53.55105074840472]],[[10.154250732952148,53.55105074840472],[10.159596567625483,53.55609222005986]],[[10.159596567625483,53.55609222005986],[10.157091095644478,53.56013940485488]],[[10.157091095644478,53.56013940485488],[10.154244081286409,53.56124727599608]],[[10.154244081286409,53.56124727599608],[10.149788174495521,53.562981222340866]],[[10.149788174495521,53.562981222340866],[10.148268165976612,53.56671155368112]],[[10.148268165976612,53.56671155368112],[10.153120633434048,53.577547237323756]],[[10.153120633434048,53.577547237323756],[10.16157980096636,53.584519788937534]],[[10.16157980096636,53.584519788937534],[10.167724029137164,53.582583787667375]],[[10.167724029137164,53.582583787667375],[10.186615781756252,53.58341972991727]],[[10.186615781756252,53.58341972991727],[10.201449382540073,53.58407610304522]],[[10.201449382540073,53.58407610304522],[10.192750026689334,53.59364294899671]],[[10.192750026689334,53.59364294899671],[10.196334498903,53.601885091967894]],[[10.196334498903,53.601885091967894],[10.193390356613474,53.60745711879199]],[[10.193390356613474,53.60745711879199],[10.190279639280229,53.61334440602975]],[[10.190279639280229,53.61334440602975],[10.206427552163884,53.62315589042707]],[[10.206427552163884,53.62315589042707],[10.206821600440872,53.62323839068277]],[[10.206821600440872,53.62323839068277],[10.21492849962769,53.62493568586884]],[[10.21492849962769,53.62493568586884],[10.216880097071188,53.63114076785136]],[[10.216880097071188,53.63114076785136],[10.221761618936686,53.63372246277865]],[[10.221761618936686,53.63372246277865],[10.199418873545005,53.63754687168881]],[[10.199418873545005,53.63754687168881],[10.19289820285421,53.63866301441599]],[[10.19289820285421,53.63866301441599],[10.195316484555057,53.64259908050381]],[[10.195316484555057,53.64259908050381],[10.197764722458126,53.64658390050302]],[[10.197764722458126,53.64658390050302],[10.194872949849687,53.654128292219724]],[[10.194872949849687,53.654128292219724],[10.183239247290711,53.66289172700392]],[[10.183239247290711,53.66289172700392],[10.175770860142602,53.66422059536674]],[[10.175770860142602,53.66422059536674],[10.175002991470915,53.664357224592706]],[[10.175002991470915,53.664357224592706],[10.174743848315385,53.66471702582738]],[[10.174743848315385,53.66471702582738],[10.171684240085364,53.668965051594355]],[[10.171684240085364,53.668965051594355],[10.164334613776465,53.66974856461517]],[[10.164334613776465,53.66974856461517],[10.158120597686668,53.670411015653116]],[[10.158120597686668,53.670411015653116],[10.142434034254688,53.6788978002073]],[[10.142434034254688,53.6788978002073],[10.153507661543658,53.687139643106406]],[[10.153507661543658,53.687139643106406],[10.15811796680368,53.690570986786184]],[[10.15811796680368,53.690570986786184],[10.158402304868005,53.69291624554802]],[[10.158402304868005,53.69291624554802],[10.159935217275683,53.70555989286645]],[[10.159935217275683,53.70555989286645],[10.168937837072225,53.7110206659302]],[[10.168937837072225,53.7110206659302],[10.173338484433796,53.71054375093172]],[[10.173338484433796,53.71054375093172],[10.177810874325841,53.71005906043224]],[[10.177810874325841,53.71005906043224],[10.183897732067294,53.71236093670761]],[[10.183897732067294,53.71236093670761],[10.191168554191542,53.722572215051564]],[[10.191168554191542,53.722572215051564],[10.192936061378274,53.7300004230577]],[[10.192936061378274,53.7300004230577],[10.168237603644718,53.73823610446134]],[[10.168237603644718,53.73823610446134],[10.154529988998396,53.73062038087029]],[[10.154529988998396,53.73062038087029],[10.145430863661607,53.725565057608016]],[[10.145430863661607,53.725565057608016],[10.137449985806795,53.7231767664708]],[[10.137449985806795,53.7231767664708],[10.128340639618648,53.720450779924555]],[[10.128340639618648,53.720450779924555],[10.125248386195599,53.717859203638554]],[[10.125248386195599,53.717859203638554],[10.120424950518316,53.71381674635297]],[[10.120424950518316,53.71381674635297],[10.1034367698483,53.71670101715253]],[[10.1034367698483,53.71670101715253],[10.083348845036687,53.720111565303675]],[[10.083348845036687,53.720111565303675],[10.072805056691488,53.70963397921878]],[[10.072805056691488,53.70963397921878],[10.069628117611623,53.70624440673665]],[[10.069628117611623,53.70624440673665],[10.075785217880394,53.704523117158885]],[[10.075785217880394,53.704523117158885],[10.07817334305545,53.70385548871415]],[[10.07817334305545,53.70385548871415],[10.076495885664318,53.699792799269595]],[[10.076495885664318,53.699792799269595],[10.071430097368866,53.69702354104338]],[[10.071430097368866,53.69702354104338],[10.061621263516656,53.68764979864267]],[[10.061621263516656,53.68764979864267],[10.064213650692595,53.68554389252815]],[[10.064213650692595,53.68554389252815],[10.066720255255731,53.683507673045355]],[[10.066720255255731,53.683507673045355],[10.067267318310234,53.67939265254814]],[[10.067267318310234,53.67939265254814],[10.05095738135975,53.677462335878346]],[[10.05095738135975,53.677462335878346],[10.04713840930297,53.67887233564316]],[[10.04713840930297,53.67887233564316],[10.038992417321042,53.68187991231352]],[[10.038992417321042,53.68187991231352],[10.000714259981006,53.681353566774845]],[[10.000714259981006,53.681353566774845],[9.998372872884987,53.67961774309161]],[[9.998372872884987,53.67961774309161],[9.992180423519216,53.67502687290652]],[[9.992180423519216,53.67502687290652],[9.990915871214984,53.663723533260665]],[[9.990915871214984,53.663723533260665],[9.989476337856448,53.65085613044122]],[[9.989476337856448,53.65085613044122],[9.986904783421165,53.64840799804117]],[[9.986904783421165,53.64840799804117],[9.945375868994955,53.65292813960479]],[[9.945375868994955,53.65292813960479],[9.906617805480506,53.65245186331755]],[[13.663328003414641,53.45755741245044],[13.657910974011424,53.45187975483579]],[[13.657910974011424,53.45187975483579],[13.651191436883662,53.44483692248224]],[[13.651191436883662,53.44483692248224],[13.645250967207172,53.445281397214515]],[[13.645250967207172,53.445281397214515],[13.639476440960799,53.44571345528536]],[[13.639476440960799,53.44571345528536],[13.6360856369064,53.441210753423874]],[[13.6360856369064,53.441210753423874],[13.636434618985856,53.43582181712616]],[[13.636434618985856,53.43582181712616],[13.63652360288162,53.43444772846762]],[[13.63652360288162,53.43444772846762],[13.635425534038898,53.43374763795987]],[[13.635425534038898,53.43374763795987],[13.631066382790452,53.43096838998416]],[[13.631066382790452,53.43096838998416],[13.632328281626103,53.427381207645034]],[[13.632328281626103,53.427381207645034],[13.634171610153112,53.42214119338657]],[[13.634171610153112,53.42214119338657],[13.625820113244288,53.40995301002832]],[[13.625820113244288,53.40995301002832],[13.618041220239238,53.41178064454355]],[[13.618041220239238,53.41178064454355],[13.61137960257307,53.41334577888988]],[[13.61137960257307,53.41334577888988],[13.596243818189238,53.40919825790357]],[[13.596243818189238,53.40919825790357],[13.593704134002007,53.40850233131256]],[[13.593704134002007,53.40850233131256],[13.573513181693398,53.40766855776997]],[[13.573513181693398,53.40766855776997],[13.566391376499418,53.40179008428286]],[[13.566391376499418,53.40179008428286],[13.550704692581345,53.39858848305901]],[[13.550704692581345,53.39858848305901],[13.547189941873674,53.39396098112231]],[[13.547189941873674,53.39396098112231],[13.55425894304943,53.39208840758256]],[[13.55425894304943,53.39208840758256],[13.555150510675595,53.3918522319262]],[[13.555150510675595,53.3918522319262],[13.555147817325693,53.38799636400374]],[[13.555147817325693,53.38799636400374],[13.553481241182913,53.38173504285724]],[[13.553481241182913,53.38173504285724],[13.555899632486865,53.37666296531649]],[[13.555899632486865,53.37666296531649],[13.547711042185606,53.3715252657486]],[[13.547711042185606,53.3715252657486],[13.543301502326862,53.36488938656989]],[[13.543301502326862,53.36488938656989],[13.534342992455162,53.364620753605195]],[[13.534342992455162,53.364620753605195],[13.524809794330356,53.364334888411676]],[[13.524809794330356,53.364334888411676],[13.517888309777385,53.35310209356681]],[[13.517888309777385,53.35310209356681],[13.521859265809605,53.351981051868854]],[[13.521859265809605,53.351981051868854],[13.525261312496289,53.35102061958871]],[[13.525261312496289,53.35102061958871],[13.520606664757908,53.33799829920043]],[[13.520606664757908,53.33799829920043],[13.521557101805831,53.32046280962398]],[[13.521557101805831,53.32046280962398],[13.513051178632182,53.31866158343426]],[[13.513051178632182,53.31866158343426],[13.512189250788246,53.318479060618934]],[[13.512189250788246,53.318479060618934],[13.5052231063971,53.32223525751819]],[[13.5052231063971,53.32223525751819],[13.505108112072913,53.31663359575819]],[[13.505108112072913,53.31663359575819],[13.499524168355727,53.30779955984448]],[[13.499524168355727,53.30779955984448],[13.495230826244992,53.30100730964281]],[[13.495230826244992,53.30100730964281],[13.484549100494005,53.29281249575464]],[[13.484549100494005,53.29281249575464],[13.46339480519938,53.28958508640022]],[[13.46339480519938,53.28958508640022],[13.457687557744975,53.29456938532715]],[[13.457687557744975,53.29456938532715],[13.45415191789009,53.29765715834696]],[[13.45415191789009,53.29765715834696],[13.439785926206198,53.29804029476478]],[[13.439785926206198,53.29804029476478],[13.435954031860794,53.291318472657096]],[[13.435954031860794,53.291318472657096],[13.436799416451548,53.28947871214488]],[[13.436799416451548,53.28947871214488],[13.43856414946059,53.28563823244037]],[[13.43856414946059,53.28563823244037],[13.430458129156243,53.28237667524419]],[[13.430458129156243,53.28237667524419],[13.420820913001297,53.270283136316834]],[[13.420820913001297,53.270283136316834],[13.417052413334101,53.26749123559109]],[[13.417052413334101,53.26749123559109],[13.409841058490938,53.262148688131575]],[[13.409841058490938,53.262148688131575],[13.407987874801547,53.25739824400637]],[[13.407987874801547,53.25739824400637],[13.40434494675328,53.24805997922549]],[[13.40434494675328,53.24805997922549],[13.398673181923288,53.24583463820432]],[[13.398673181923288,53.24583463820432],[13.386751240870508,53.24526395129322]],[[13.386751240870508,53.24526395129322],[13.378087390356809,53.25519221354487]],[[13.378087390356809,53.25519221354487],[13.35862190078767,53.27749851722508]],[[13.35862190078767,53.27749851722508],[13.348110745440797,53.27585404661231]],[[13.348110745440797,53.27585404661231],[13.336186110185144,53.27398843700092]],[[13.336186110185144,53.27398843700092],[13.313250888233256,53.277952679522436]],[[13.313250888233256,53.277952679522436],[13.29860649688396,53.28048389225666]],[[13.29860649688396,53.28048389225666],[13.285185621174904,53.27469737887705]],[[13.285185621174904,53.27469737887705],[13.280260174752827,53.27073402628029]],[[13.280260174752827,53.27073402628029],[13.273670672277737,53.265431658712615]],[[13.273670672277737,53.265431658712615],[13.263606928357348,53.26393050530085]],[[13.263606928357348,53.26393050530085],[13.252713761265507,53.262305631936684]],[[13.252713761265507,53.262305631936684],[13.246313114508716,53.25379194893972]],[[13.246313114508716,53.25379194893972],[13.249113761015028,53.24854725037103]],[[13.249113761015028,53.24854725037103],[13.249965202948136,53.246952777187495]],[[13.249965202948136,53.246952777187495],[13.247083107444448,53.24429484887537]],[[13.247083107444448,53.24429484887537],[13.24046005168121,53.2381869283515]],[[13.24046005168121,53.2381869283515],[13.241403437134736,53.23240102244514]],[[13.241403437134736,53.23240102244514],[13.228901941307324,53.217197008884874]],[[13.228901941307324,53.217197008884874],[13.205925659277108,53.22082167117318]],[[13.205925659277108,53.22082167117318],[13.191619003886675,53.23438790571574]],[[13.191619003886675,53.23438790571574],[13.190655339272569,53.23672526544277]],[[13.190655339272569,53.23672526544277],[13.186660536755143,53.24641462721339]],[[13.186660536755143,53.24641462721339],[13.179927835332736,53.250148413921515]],[[13.179927835332736,53.250148413921515],[13.177624569497441,53.24876913900326]],[[13.177624569497441,53.24876913900326],[13.175703020476462,53.24761844854514]],[[13.175703020476462,53.24761844854514],[13.17368984826412,53.24814278346206]],[[13.17368984826412,53.24814278346206],[13.167257378696474,53.249818132919124]],[[13.167257378696474,53.249818132919124],[13.15362547728461,53.24662304681424]],[[13.15362547728461,53.24662304681424],[13.150656452849978,53.25015707410429]],[[13.150656452849978,53.25015707410429],[13.13846003094284,53.244740059242275]],[[13.13846003094284,53.244740059242275],[13.13596845737654,53.24213804332141]],[[13.13596845737654,53.24213804332141],[13.131521562375731,53.23749403775129]],[[13.131521562375731,53.23749403775129],[13.121965729438159,53.239908996140464]],[[13.121965729438159,53.239908996140464],[13.118691696155762,53.24073641339783]],[[13.118691696155762,53.24073641339783],[13.108425469325214,53.23869555704523]],[[13.108425469325214,53.23869555704523],[13.104124186813678,53.23488336046398]],[[13.104124186813678,53.23488336046398],[13.107598264238709,53.2259701616308]],[[13.107598264238709,53.2259701616308],[13.107465084670052,53.2254267103022]],[[13.107465084670052,53.2254267103022],[13.104905627584627,53.21498264897083]],[[13.104905627584627,53.21498264897083],[13.099259854450057,53.21524428019019]],[[13.099259854450057,53.21524428019019],[13.0888502504761,53.215726673478194]],[[13.0888502504761,53.215726673478194],[13.083918565141985,53.208514868258284]],[[13.083918565141985,53.208514868258284],[13.078394524622338,53.20043684111657]],[[13.078394524622338,53.20043684111657],[13.069796010660085,53.20232005172969]],[[13.069796010660085,53.20232005172969],[13.06853299786511,53.202596671461215]],[[13.06853299786511,53.202596671461215],[13.05222511242155,53.19947884486049]],[[13.05222511242155,53.19947884486049],[13.038388460536014,53.193165562241106]],[[13.038388460536014,53.193165562241106],[13.02673052620946,53.18518600496015]],[[13.02673052620946,53.18518600496015],[13.019754412649492,53.184676442055554]],[[13.019754412649492,53.184676442055554],[13.01944471405839,53.18082860353887]],[[13.01944471405839,53.18082860353887],[13.01939507394818,53.180211827765355]],[[13.01939507394818,53.180211827765355],[13.019021978903988,53.17557631086996]],[[13.019021978903988,53.17557631086996],[13.008011239899954,53.17174913820346]],[[13.008011239899954,53.17174913820346],[13.004818062517804,53.16752334505991]],[[13.004818062517804,53.16752334505991],[12.992506420154303,53.16841719747796]],[[12.992506420154303,53.16841719747796],[12.991911759721077,53.16846037149223]],[[12.991911759721077,53.16846037149223],[12.984683149670758,53.164985543811866]],[[12.984683149670758,53.164985543811866],[12.97602780465021,53.16466373788996]],[[12.97602780465021,53.16466373788996],[12.955137333476376,53.177269063301075]],[[12.955137333476376,53.177269063301075],[12.960692073530476,53.18082860323021]],[[12.960692073530476,53.18082860323021],[12.966696215830808,53.18467612674963]],[[12.966696215830808,53.18467612674963],[12.973837803077682,53.18925253683917]],[[12.973837803077682,53.18925253683917],[12.976880893995812,53.19736646365402]],[[12.976880893995812,53.19736646365402],[12.963178510115055,53.199673224735506]],[[12.963178510115055,53.199673224735506],[12.948349703696062,53.19813329507038]],[[12.948349703696062,53.19813329507038],[12.942169632628907,53.19504606732653]],[[12.942169632628907,53.19504606732653],[12.942033537607218,53.19363826654692]],[[12.942033537607218,53.19363826654692],[12.941562084021424,53.18876142066338]],[[12.941562084021424,53.18876142066338],[12.937316939410623,53.18666704976615]],[[12.937316939410623,53.18666704976615],[12.926410942654298,53.18752837422052]],[[12.926410942654298,53.18752837422052],[12.925882647050026,53.190564851785766]],[[12.925882647050026,53.190564851785766],[12.92528234704289,53.19401518045851]],[[12.92528234704289,53.19401518045851],[12.912448815107643,53.19411736476332]],[[12.912448815107643,53.19411736476332],[12.888868249760133,53.18352124062307]],[[12.888868249760133,53.18352124062307],[12.882847752193893,53.180815879239]],[[12.882847752193893,53.180815879239],[12.86149171725299,53.18807929655108]],[[12.86149171725299,53.18807929655108],[12.854394467977809,53.19434517838518]],[[12.854394467977809,53.19434517838518],[12.853954659409688,53.19473346779516]],[[12.853954659409688,53.19473346779516],[12.844929310617431,53.20092282607803]],[[12.844929310617431,53.20092282607803],[12.838699186290341,53.198290248860346]],[[12.838699186290341,53.198290248860346],[12.835476085378891,53.196928307772524]],[[12.835476085378891,53.196928307772524],[12.815638602264368,53.19460540332608]],[[12.815638602264368,53.19460540332608],[12.813783760320277,53.19308105113937]],[[12.813783760320277,53.19308105113937],[12.810436990800174,53.19486242199655]],[[12.810436990800174,53.19486242199655],[12.807749209140969,53.1962930340269]],[[12.807749209140969,53.1962930340269],[12.803179301926011,53.19398216066312]],[[12.803179301926011,53.19398216066312],[12.800782412721377,53.19277012068572]],[[12.800782412721377,53.19277012068572],[12.79607197621419,53.1903881850243]],[[12.79607197621419,53.1903881850243],[12.769511400981683,53.18844908653141]],[[12.769511400981683,53.18844908653141],[12.762360809711357,53.19250011994471]],[[12.762360809711357,53.19250011994471],[12.757873908350009,53.195042090389755]],[[12.757873908350009,53.195042090389755],[12.752746097521799,53.19631401696036]],[[12.752746097521799,53.19631401696036],[12.739492940490681,53.19960139089879]],[[12.739492940490681,53.19960139089879],[12.745069923428593,53.20397829896901]],[[12.745069923428593,53.20397829896901],[12.751134984753685,53.208738259775906]],[[12.751134984753685,53.208738259775906],[12.757243848559305,53.22032705341308]],[[12.757243848559305,53.22032705341308],[12.756514083308437,53.22398535434336]],[[12.756514083308437,53.22398535434336],[12.746129441467588,53.22328191322072]],[[12.746129441467588,53.22328191322072],[12.724438336632714,53.221812589704236]],[[12.724438336632714,53.221812589704236],[12.691631079485596,53.22615011423068]],[[12.691631079485596,53.22615011423068],[12.665747328435083,53.23250413144159]],[[12.665747328435083,53.23250413144159],[12.666429205544029,53.240525475887246]],[[12.666429205544029,53.240525475887246],[12.671021697397212,53.24407122295443]],[[12.671021697397212,53.24407122295443],[12.674205570704164,53.246529411662564]],[[12.674205570704164,53.246529411662564],[12.673818042985273,53.24902839763766]],[[12.673818042985273,53.24902839763766],[12.65639621067669,53.25493411237758]],[[12.65639621067669,53.25493411237758],[12.628418922980572,53.25455497942332]],[[12.628418922980572,53.25455497942332],[12.627203793510882,53.25281854956741]],[[12.627203793510882,53.25281854956741],[12.624537734417215,53.251883698715]],[[12.624537734417215,53.251883698715],[12.612715875989444,53.24787599634842]],[[12.612715875989444,53.24787599634842],[12.603698267088253,53.244818957494495]],[[12.603698267088253,53.244818957494495],[12.591354870297517,53.24875748055397]],[[12.591354870297517,53.24875748055397],[12.549913405699055,53.26198059975703]],[[12.549913405699055,53.26198059975703],[12.52965287098671,53.26462348088986]],[[12.52965287098671,53.26462348088986],[12.506414666307295,53.26254801982379]],[[12.506414666307295,53.26254801982379],[12.504264465301118,53.26080193450423]],[[12.504264465301118,53.26080193450423],[12.497956882293286,53.255679822399316]],[[12.497956882293286,53.255679822399316],[12.471268729886129,53.25595845757487]],[[12.471268729886129,53.25595845757487],[12.46706051152623,53.25600239299934]],[[12.46706051152623,53.25600239299934],[12.461960172046764,53.2545920448944]],[[12.461960172046764,53.2545920448944],[12.446570699821281,53.25033653921786]],[[12.446570699821281,53.25033653921786],[12.433703970984082,53.25973874736544]],[[12.433703970984082,53.25973874736544],[12.431103096448664,53.268011815878964]],[[12.431103096448664,53.268011815878964],[12.429392182341049,53.27345402761075]],[[12.429392182341049,53.27345402761075],[12.413766875447616,53.278473230298594]],[[12.413766875447616,53.278473230298594],[12.407671436096253,53.2790479942744]],[[12.407671436096253,53.2790479942744],[12.400304226620115,53.279742681007704]],[[12.400304226620115,53.279742681007704],[12.393057625180834,53.28446443787699]],[[12.393057625180834,53.28446443787699],[12.395104631982155,53.289146305341504]],[[12.395104631982155,53.289146305341504],[12.397451693588692,53.29451444678817]],[[12.397451693588692,53.29451444678817],[12.396567764243166,53.29852403641334]],[[12.396567764243166,53.29852403641334],[12.392078704015294,53.301997785458234]],[[12.392078704015294,53.301997785458234],[12.381223739683856,53.30380165994968]],[[12.381223739683856,53.30380165994968],[12.364250849335404,53.306622211340006]],[[12.364250849335404,53.306622211340006],[12.331751405690655,53.31801087963818]],[[12.331751405690655,53.31801087963818],[12.325101358372834,53.321301577162345]],[[12.325101358372834,53.321301577162345],[12.312805044513148,53.32315146637594]],[[12.312805044513148,53.32315146637594],[12.308547354444263,53.327235183572974]],[[12.308547354444263,53.327235183572974],[12.290796698456994,53.32842157226321]],[[12.290796698456994,53.32842157226321],[12.269237608068535,53.32570280352769]],[[12.269237608068535,53.32570280352769],[12.259631310171288,53.324491374794235]],[[12.259631310171288,53.324491374794235],[12.258850527282636,53.32652114965402]],[[12.258850527282636,53.32652114965402],[12.258067805544004,53.32855596076687]],[[12.258067805544004,53.32855596076687],[12.255236052098105,53.32966795166759]],[[12.255236052098105,53.32966795166759],[12.2456352808956,53.33343804175875]],[[12.2456352808956,53.33343804175875],[12.236237695842963,53.34309493942675]],[[12.236237695842963,53.34309493942675],[12.232908114565259,53.34945315203358]],[[12.232908114565259,53.34945315203358],[12.228703203468697,53.35748290338737]],[[12.228703203468697,53.35748290338737],[12.220392640153893,53.3553085374267]],[[12.220392640153893,53.3553085374267],[12.212184905081113,53.353161077183415]],[[12.212184905081113,53.353161077183415],[12.204452766790663,53.35317488341842]],[[12.204452766790663,53.35317488341842],[12.190448970109854,53.35319989125097]],[[12.190448970109854,53.35319989125097],[12.186114183047772,53.34967195187776]],[[12.186114183047772,53.34967195187776],[12.185747483339457,53.34503381591188]],[[12.185747483339457,53.34503381591188],[12.185614754552075,53.343355018555854]],[[12.185614754552075,53.343355018555854],[12.169076574439714,53.33968079829844]],[[12.169076574439714,53.33968079829844],[12.157755165633754,53.34880469740641]],[[12.157755165633754,53.34880469740641],[12.1564444176818,53.35156893509109]],[[12.1564444176818,53.35156893509109],[12.15222222672916,53.36047311363145]],[[12.15222222672916,53.36047311363145],[12.139441430465522,53.36141663222208]],[[12.139441430465522,53.36141663222208],[12.138880258575355,53.356603772389704]],[[12.138880258575355,53.356603772389704],[12.138704602090762,53.35509727518519]],[[12.138704602090762,53.35509727518519],[12.133211894035178,53.34882969147333]],[[12.133211894035178,53.34882969147333],[12.12456749088513,53.349073323766056]],[[12.12456749088513,53.349073323766056],[12.110881017000295,53.349459059873496]],[[12.110881017000295,53.349459059873496],[12.10925144419373,53.3469171605165]],[[12.10925144419373,53.3469171605165],[12.107455762880742,53.34411615235242]],[[12.107455762880742,53.34411615235242],[12.090959071925614,53.34504916747062]],[[12.090959071925614,53.34504916747062],[12.081998514271907,53.34772932921196]],[[12.081998514271907,53.34772932921196],[12.080039397930747,53.35726041719503]],[[12.080039397930747,53.35726041719503],[12.077546797839684,53.369386899540636]],[[12.077546797839684,53.369386899540636],[12.06162364296258,53.37141946018328]],[[12.06162364296258,53.37141946018328],[12.048723485452282,53.36976461900556]],[[12.048723485452282,53.36976461900556],[12.048033656027734,53.3621708728987]],[[12.048033656027734,53.3621708728987],[12.052119495047648,53.35767998877514]],[[12.052119495047648,53.35767998877514],[12.053195517259729,53.35649729547406]],[[12.053195517259729,53.35649729547406],[12.053799680904183,53.34884165021533]],[[12.053799680904183,53.34884165021533],[12.037976815861946,53.343020129390595]],[[12.037976815861946,53.343020129390595],[12.014610832134808,53.33442335749293]],[[12.014610832134808,53.33442335749293],[12.016581122954474,53.33276303750959]],[[12.016581122954474,53.33276303750959],[12.017606048681666,53.33062234922026]],[[12.017606048681666,53.33062234922026],[12.022074966036932,53.321288450528925]],[[12.022074966036932,53.321288450528925],[12.019172947102785,53.31504683272148]],[[12.019172947102785,53.31504683272148],[12.022818460763297,53.30434453048518]],[[12.022818460763297,53.30434453048518],[12.019585936957899,53.30073237276414]],[[12.019585936957899,53.30073237276414],[12.004567704595619,53.29957157289916]],[[12.004567704595619,53.29957157289916],[11.995965588009438,53.29439406477582]],[[11.995965588009438,53.29439406477582],[11.987820098550042,53.298153442732534]],[[11.987820098550042,53.298153442732534],[11.984814582093836,53.29954057427251]],[[11.984814582093836,53.29954057427251],[11.975568597188593,53.29905377842287]],[[11.975568597188593,53.29905377842287],[11.97079575745665,53.29262133497683]],[[11.97079575745665,53.29262133497683],[11.965982725342963,53.28613472349698]],[[11.965982725342963,53.28613472349698],[11.955918001058281,53.27847322978318]],[[11.955918001058281,53.27847322978318],[11.94919492988537,53.272548842665614]],[[11.94919492988537,53.272548842665614],[11.918375184932634,53.27330298172456]],[[11.918375184932634,53.27330298172456],[11.90946975775519,53.27561276055234]],[[11.90946975775519,53.27561276055234],[11.897831208846831,53.27863142395808]],[[11.897831208846831,53.27863142395808],[11.893252631588336,53.277886252553806]],[[11.893252631588336,53.277886252553806],[11.889947007282917,53.271190153090544]],[[11.889947007282917,53.271190153090544],[11.88910211223158,53.26947867600112]],[[11.88910211223158,53.26947867600112],[11.874918020434382,53.26134613259561]],[[11.874918020434382,53.26134613259561],[11.870494882947296,53.25881009800088]],[[11.870494882947296,53.25881009800088],[11.869350938572826,53.257699681243686]],[[11.869350938572826,53.257699681243686],[11.860916881998786,53.24951282413104]],[[11.860916881998786,53.24951282413104],[11.842413676928858,53.25120204013368]],[[11.842413676928858,53.25120204013368],[11.812844456240372,53.253901509021645]],[[11.812844456240372,53.253901509021645],[11.805433239102328,53.24944363705363]],[[11.805433239102328,53.24944363705363],[11.814886602653333,53.244648664129976]],[[11.814886602653333,53.244648664129976],[11.819899531474503,53.24210598833177]],[[11.819899531474503,53.24210598833177],[11.828124423437991,53.2316873467898]],[[11.828124423437991,53.2316873467898],[11.821922245103226,53.22864642657684]],[[11.821922245103226,53.22864642657684],[11.799061902592639,53.22645747707012]],[[11.799061902592639,53.22645747707012],[11.791568606020759,53.226667692702435]],[[11.791568606020759,53.226667692702435],[11.76922364933309,53.227294551330814]],[[11.76922364933309,53.227294551330814],[11.743643375404837,53.220250303281006]],[[11.743643375404837,53.220250303281006],[11.735790810900214,53.218087879398]],[[11.735790810900214,53.218087879398],[11.728390034737117,53.21884907459372]],[[11.728390034737117,53.21884907459372],[11.727663148330118,53.22351051345484]],[[11.727663148330118,53.22351051345484],[11.726462717616776,53.231208751028376]],[[11.726462717616776,53.231208751028376],[11.714476698851117,53.23217202562869]],[[11.714476698851117,53.23217202562869],[11.695429046276464,53.244379480546854]],[[11.695429046276464,53.244379480546854],[11.689386656374777,53.242167650384395]],[[11.689386656374777,53.242167650384395],[11.688946035562116,53.24200636036784]],[[11.688946035562116,53.24200636036784],[11.687574571841928,53.24212653680774]],[[11.687574571841928,53.24212653680774],[11.66621187404174,53.243998461992604]],[[11.66621187404174,53.243998461992604],[11.657824158076018,53.241451530298995]],[[11.657824158076018,53.241451530298995],[11.649936196529325,53.23905634930872]],[[11.649936196529325,53.23905634930872],[11.637018083113489,53.240979462826886]],[[11.637018083113489,53.240979462826886],[11.629812583000104,53.2420521424525]],[[11.629812583000104,53.2420521424525],[11.621653482765884,53.23880885969719]],[[11.621653482765884,53.23880885969719],[11.618795734802191,53.23460943150637]],[[11.618795734802191,53.23460943150637],[11.616566404283542,53.23133345912889]],[[11.616566404283542,53.23133345912889],[11.602573633082828,53.226645358260086]],[[11.602573633082828,53.226645358260086],[11.588984052097258,53.216231058352534]],[[11.588984052097258,53.216231058352534],[11.576464284672996,53.212371906560506]],[[11.576464284672996,53.212371906560506],[11.567458683583597,53.21305884342361]],[[11.567458683583597,53.21305884342361],[11.565930676948067,53.213175398581114]],[[11.565930676948067,53.213175398581114],[11.555853109691594,53.207979002785414]],[[11.555853109691594,53.207979002785414],[11.558650500337428,53.2028255905802]],[[11.558650500337428,53.2028255905802],[11.558816537847552,53.202519712123795]],[[11.558816537847552,53.202519712123795],[11.55879223598262,53.194146776618055]],[[11.55879223598262,53.194146776618055],[11.558771430469422,53.18697839437827]],[[11.558771430469422,53.18697839437827],[11.56151588380829,53.184430931558886]],[[11.56151588380829,53.184430931558886],[11.565396772991864,53.18082860330502]],[[11.565396772991864,53.18082860330502],[11.563473914194116,53.17744621417432]],[[11.563473914194116,53.17744621417432],[11.562553462926793,53.175827100618974]],[[11.562553462926793,53.175827100618974],[11.564846098294165,53.172551337020884]],[[11.564846098294165,53.172551337020884],[11.56936482906144,53.16609488264134]],[[11.56936482906144,53.16609488264134],[11.5666975188649,53.163208615256934]],[[11.5666975188649,53.163208615256934],[11.563956563070283,53.160242654877294]],[[11.563956563070283,53.160242654877294],[11.555403690835767,53.150987681263835]],[[11.555403690835767,53.150987681263835],[11.551031500132693,53.150338783221144]],[[11.551031500132693,53.150338783221144],[11.553837287945873,53.14077798167454]],[[11.553837287945873,53.14077798167454],[11.554559236018575,53.13831792640543]],[[11.554559236018575,53.13831792640543],[11.54698213610388,53.130893542117064]],[[11.54698213610388,53.130893542117064],[11.53357732072036,53.12582576463914]],[[11.53357732072036,53.12582576463914],[11.52158014475393,53.125579781511604]],[[11.52158014475393,53.125579781511604],[11.512066264169851,53.12538471489214]],[[11.512066264169851,53.12538471489214],[11.50754398700359,53.12402782338766]],[[11.50754398700359,53.12402782338766],[11.503268992276558,53.12274512885139]],[[11.503268992276558,53.12274512885139],[11.496646926393646,53.12642685114171]],[[11.496646926393646,53.12642685114171],[11.495971552372552,53.12680234373516]],[[11.495971552372552,53.12680234373516],[11.495378853872088,53.12683945056123]],[[11.495378853872088,53.12683945056123],[11.47582509998822,53.128063633951676]],[[11.47582509998822,53.128063633951676],[11.471289914934156,53.1346773941215]],[[11.471289914934156,53.1346773941215],[11.470875246718132,53.13528211435478]],[[11.470875246718132,53.13528211435478],[11.459440023812652,53.140289395673804]],[[11.459440023812652,53.140289395673804],[11.451027139551073,53.13885511528153]],[[11.451027139551073,53.13885511528153],[11.439723755404971,53.13692804610962]],[[11.439723755404971,53.13692804610962],[11.428119811493891,53.139525727419255]],[[11.428119811493891,53.139525727419255],[11.421764247189264,53.14094849550507]],[[11.421764247189264,53.14094849550507],[11.41791424228138,53.13923569337016]],[[11.41791424228138,53.13923569337016],[11.412493205245196,53.136823966913916]],[[11.412493205245196,53.136823966913916],[11.405764901333493,53.13809099211621]],[[11.405764901333493,53.13809099211621],[11.395627539547446,53.139999988239566]],[[11.395627539547446,53.139999988239566],[11.392453596736079,53.133847362004495]],[[11.392453596736079,53.133847362004495],[11.392712692358774,53.12812731620964]],[[11.392712692358774,53.12812731620964],[11.396698836866625,53.12072947795279]],[[11.396698836866625,53.12072947795279],[11.399344968925895,53.11581855022536]],[[11.399344968925895,53.11581855022536],[11.393171107634954,53.11109724302209]],[[11.393171107634954,53.11109724302209],[11.373281966505143,53.111448390865284]],[[11.373281966505143,53.111448390865284],[11.366803581872471,53.11343206578649]],[[11.366803581872471,53.11343206578649],[11.358235257689993,53.116055678813666]],[[11.358235257689993,53.116055678813666],[11.348433938370162,53.11498527339909]],[[11.348433938370162,53.11498527339909],[11.33760456762307,53.1138025954649]],[[11.33760456762307,53.1138025954649],[11.3300554452577,53.11653923065683]],[[11.3300554452577,53.11653923065683],[11.321925424391466,53.11948644680638]],[[11.321925424391466,53.11948644680638],[11.314956516896087,53.11781589029985]],[[11.314956516896087,53.11781589029985],[11.309578299133936,53.11652664431373]],[[11.309578299133936,53.11652664431373],[11.2935011561386,53.116934385696524]],[[11.2935011561386,53.116934385696524],[11.283450202844785,53.120479841840975]],[[11.283450202844785,53.120479841840975],[11.281845847106473,53.121045775287264]],[[11.281845847106473,53.121045775287264],[11.26573211664672,53.12197795891603]],[[14.4121568485654,53.32963608055071],[14.394546948683274,53.32847348962746]],[[14.394546948683274,53.32847348962746],[14.382409633333108,53.32374079245003]],[[14.382409633333108,53.32374079245003],[14.382310615916671,53.323630098569836]],[[14.382310615916671,53.323630098569836],[14.375874626145977,53.316435145233854]],[[14.375874626145977,53.316435145233854],[14.363497988805662,53.31738361671028]],[[14.363497988805662,53.31738361671028],[14.34743447263244,53.31035933329256]],[[14.34743447263244,53.31035933329256],[14.323862709381762,53.31186857673559]],[[14.323862709381762,53.31186857673559],[14.31656947472815,53.31233554555742]],[[14.31656947472815,53.31233554555742],[14.310972196445034,53.30156706726972]],[[14.310972196445034,53.30156706726972],[14.308959004263702,53.29769393104023]],[[14.308959004263702,53.29769393104023],[14.300055037739657,53.28589699251613]],[[14.300055037739657,53.28589699251613],[14.287570217834062,53.282986214591396]],[[14.287570217834062,53.282986214591396],[14.268213256444474,53.27847323028677]],[[14.268213256444474,53.27847323028677],[14.26294802518881,53.27555939411555]],[[14.26294802518881,53.27555939411555],[14.26409510382713,53.26965327675738]],[[14.26409510382713,53.26965327675738],[14.2660485943811,53.25959506487677]],[[14.2660485943811,53.25959506487677],[14.229554528663732,53.25660154281934]],[[14.229554528663732,53.25660154281934],[14.212427940102343,53.25519668946629]],[[14.212427940102343,53.25519668946629],[14.207991051658679,53.25729115673808]],[[14.207991051658679,53.25729115673808],[14.199280867063226,53.26140286453309]],[[14.199280867063226,53.26140286453309],[14.183147490344764,53.26188079946888]],[[14.183147490344764,53.26188079946888],[14.177552985266248,53.2620465309968]],[[14.177552985266248,53.2620465309968],[14.170365887638958,53.26424209502256]],[[14.170365887638958,53.26424209502256],[14.159528784268572,53.267552688461315]],[[14.159528784268572,53.267552688461315],[14.151539470199793,53.26593127302197]],[[14.151539470199793,53.26593127302197],[14.123896358970493,53.26032115668891]],[[14.123896358970493,53.26032115668891],[14.098817514792758,53.26167199642993]],[[14.098817514792758,53.26167199642993],[14.105812982180069,53.27847322987762]],[[14.105812982180069,53.27847322987762],[14.133487775166369,53.29879915061357]],[[14.133487775166369,53.29879915061357],[14.143303000684917,53.30431644445067]],[[14.143303000684917,53.30431644445067],[14.174703467911147,53.321967144325576]],[[14.174703467911147,53.321967144325576],[14.2034412603826,53.34101657907146]],[[14.2034412603826,53.34101657907146],[14.223269009528641,53.35855646738953]],[[14.223269009528641,53.35855646738953],[14.229554529171093,53.366940376441065]],[[14.229554529171093,53.366940376441065],[14.232940699593314,53.37145700621318]],[[14.232940699593314,53.37145700621318],[14.24191204121142,53.38865335708504]],[[14.24191204121142,53.38865335708504],[14.243283359023101,53.398633499325534]],[[14.243283359023101,53.398633499325534],[14.239605456354239,53.409433352280544]],[[14.239605456354239,53.409433352280544],[14.238073767583623,53.413931026789705]],[[14.238073767583623,53.413931026789705],[14.238742821688671,53.41671975681365]],[[14.238742821688671,53.41671975681365],[14.240405369914422,53.42364955429544]],[[14.240405369914422,53.42364955429544],[14.229554529157712,53.430954144686964]],[[14.229554529157712,53.430954144686964],[14.22466147921273,53.434248059206325]],[[14.22466147921273,53.434248059206325],[14.218455621155139,53.43065569997286]],[[14.218455621155139,53.43065569997286],[14.206212272282677,53.42356844639295]],[[14.206212272282677,53.42356844639295],[14.180096199854257,53.42268860644403]],[[14.180096199854257,53.42268860644403],[14.167973613439935,53.42775154510036]],[[14.167973613439935,53.42775154510036],[14.138356799352358,53.44012086237575]],[[14.138356799352358,53.44012086237575],[14.121844207947579,53.44170759849053]],[[14.121844207947579,53.44170759849053],[14.114582035148523,53.43357192022383]],[[14.114582035148523,53.43357192022383],[14.105326280736405,53.42320286968484]],[[14.105326280736405,53.42320286968484],[14.092366149770452,53.42113773895622]],[[14.092366149770452,53.42113773895622],[14.092275986891071,53.4211233725087]],[[14.092275986891071,53.4211233725087],[14.090991271177389,53.42036822375091]],[[14.090991271177389,53.42036822375091],[14.083712377483005,53.41608972649293]],[[14.083712377483005,53.41608972649293],[14.08229117767151,53.411789269661305]],[[14.08229117767151,53.411789269661305],[14.069624751161838,53.41471317220793]],[[14.069624751161838,53.41471317220793],[14.050578076994434,53.413987966958764]],[[14.050578076994434,53.413987966958764],[14.047807553475094,53.422586857485335]],[[14.047807553475094,53.422586857485335],[14.045604151439832,53.42942557061014]],[[14.045604151439832,53.42942557061014],[14.023584597478399,53.429940928726886]],[[14.023584597478399,53.429940928726886],[14.009693329251133,53.43026604765215]],[[14.009693329251133,53.43026604765215],[14.001036306045803,53.43443405341477]],[[14.001036306045803,53.43443405341477],[13.994154663209969,53.43397701069236]],[[13.994154663209969,53.43397701069236],[13.971518377135089,53.43109760630056]],[[13.971518377135089,53.43109760630056],[13.962079259704927,53.42989692201091]],[[13.962079259704927,53.42989692201091],[13.952502031116383,53.42990698343952]],[[13.952502031116383,53.42990698343952],[13.943100530401514,53.42991685925469]],[[13.943100530401514,53.42991685925469],[13.933567176353304,53.42715898952631]],[[13.933567176353304,53.42715898952631],[13.917271699424939,53.422444928405355]],[[13.917271699424939,53.422444928405355],[13.908039147791929,53.4262305425322]],[[13.908039147791929,53.4262305425322],[13.902893590297115,53.43202508680342]],[[13.902893590297115,53.43202508680342],[13.907355859224312,53.434482318755705]],[[13.907355859224312,53.434482318755705],[13.910538105054394,53.43623468116347]],[[13.910538105054394,53.43623468116347],[13.909323293649345,53.439335045243375]],[[13.909323293649345,53.439335045243375],[13.907433184992795,53.4441588738873]],[[13.907433184992795,53.4441588738873],[13.91180709173678,53.44546139662592]],[[13.91180709173678,53.44546139662592],[13.916560882384537,53.44687704558475]],[[13.916560882384537,53.44687704558475],[13.917989172416581,53.4525409833279]],[[13.917989172416581,53.4525409833279],[13.918213421446858,53.45599854070698]],[[13.918213421446858,53.45599854070698],[13.892784284190217,53.46659529882411]],[[13.892784284190217,53.46659529882411],[13.87702476370069,53.473162561584566]],[[13.87702476370069,53.473162561584566],[13.880164115905885,53.478553743903795]],[[13.880164115905885,53.478553743903795],[13.883663238841901,53.48456275607148]],[[13.883663238841901,53.48456275607148],[13.878585986698685,53.487927938851236]],[[13.878585986698685,53.487927938851236],[13.874362955823765,53.490726946425696]],[[13.874362955823765,53.490726946425696],[13.876948689692739,53.49765359358375]],[[13.876948689692739,53.49765359358375],[13.878736164282218,53.502441871717124]],[[13.878736164282218,53.502441871717124],[13.879268067803737,53.504140136428084]],[[13.879268067803737,53.504140136428084],[13.874236707600113,53.50611695504393]],[[13.874236707600113,53.50611695504393],[13.868547582731821,53.5077711135773]],[[13.868547582731821,53.5077711135773],[13.863641580748482,53.509435603815206]],[[13.863641580748482,53.509435603815206],[13.858428923693227,53.51120457169284]],[[13.858428923693227,53.51120457169284],[13.848404658193493,53.51431048392624]],[[13.848404658193493,53.51431048392624],[13.834838328324004,53.51642913165158]],[[13.834838328324004,53.51642913165158],[13.823127655119938,53.51825798224019]],[[13.823127655119938,53.51825798224019],[13.821608767245653,53.523522806449044]],[[13.821608767245653,53.523522806449044],[13.799025788281881,53.54597698179595]],[[13.799025788281881,53.54597698179595],[13.800487672008947,53.551016120593474]],[[13.800487672008947,53.551016120593474],[13.801841841107757,53.55568397624753]],[[13.801841841107757,53.55568397624753],[13.799667279094038,53.55870148393542]],[[13.799667279094038,53.55870148393542],[13.790641717750452,53.55757625125242]],[[13.790641717750452,53.55757625125242],[13.782867428821305,53.548874015219354]],[[13.782867428821305,53.548874015219354],[13.776680099677893,53.53147417938198]],[[13.776680099677893,53.53147417938198],[13.778819254396454,53.525601820435305]],[[13.778819254396454,53.525601820435305],[13.780057125150293,53.5222036494026]],[[13.780057125150293,53.5222036494026],[13.779588886562433,53.52000415634749]],[[13.779588886562433,53.52000415634749],[13.778440538403183,53.51460992563038]],[[13.778440538403183,53.51460992563038],[13.789727672534807,53.511391544138235]],[[13.789727672534807,53.511391544138235],[13.791781291687288,53.51080598148378]],[[13.791781291687288,53.51080598148378],[13.79531395839628,53.50664615115389]],[[13.79531395839628,53.50664615115389],[13.801809296145333,53.498997681792176]],[[13.801809296145333,53.498997681792176],[13.807508931958731,53.50062957506564]],[[13.807508931958731,53.50062957506564],[13.810609933611053,53.50151743944944]],[[13.810609933611053,53.50151743944944],[13.823730033666749,53.49861251432688]],[[13.823730033666749,53.49861251432688],[13.813548394553974,53.485573853737456]],[[13.813548394553974,53.485573853737456],[13.80195503799474,53.47838223144199]],[[13.80195503799474,53.47838223144199],[13.781519790862774,53.47449483710752]],[[13.781519790862774,53.47449483710752],[13.75462143486754,53.47814830894296]],[[13.75462143486754,53.47814830894296],[13.747767046944931,53.48220042442759]],[[13.747767046944931,53.48220042442759],[13.742709577118852,53.48519025536635]],[[13.742709577118852,53.48519025536635],[13.736820603924357,53.48259250843183]],[[13.736820603924357,53.48259250843183],[13.73517789468803,53.48186787499942]],[[13.73517789468803,53.48186787499942],[13.731487403617603,53.481888880398195]],[[13.731487403617603,53.481888880398195],[13.720030674454046,53.48195409031461]],[[13.720030674454046,53.48195409031461],[13.716409966373915,53.48197469710552]],[[13.716409966373915,53.48197469710552],[13.710065698047242,53.47906264112053]],[[13.710065698047242,53.47906264112053],[13.663328003414641,53.45755741245044]],[[9.10300593211735,49.57745610768188],[9.083107512008837,49.60112212496737]],[[9.083107512008837,49.60112212496737],[9.071716295333838,49.60196851384834]],[[9.071716295333838,49.60196851384834],[9.066381477850223,49.60236490022059]],[[9.066381477850223,49.60236490022059],[9.067792406967019,49.6077405881779]],[[9.067792406967019,49.6077405881779],[9.068223310937185,49.6093823479231]],[[9.068223310937185,49.6093823479231],[9.06722141973528,49.613712222443894]],[[9.06722141973528,49.613712222443894],[9.065830495524697,49.61972337261545]],[[9.065830495524697,49.61972337261545],[9.084079271789278,49.6346694129847]],[[9.084079271789278,49.6346694129847],[9.08771317530633,49.63523136426256]],[[9.08771317530633,49.63523136426256],[9.092323859254543,49.635944368144905]],[[9.092323859254543,49.635944368144905],[9.100516653382993,49.641463147977696]],[[9.100516653382993,49.641463147977696],[9.100364486132962,49.64625147515302]],[[9.100364486132962,49.64625147515302],[9.100263660747363,49.64942421681555]],[[9.100263660747363,49.64942421681555],[9.100150343366192,49.65299001515389]],[[9.100150343366192,49.65299001515389],[9.10341896914467,49.66043046728311]],[[9.10341896914467,49.66043046728311],[9.09701638703457,49.66450170509461]],[[9.09701638703457,49.66450170509461],[9.089513333436633,49.66927270502967]],[[9.089513333436633,49.66927270502967],[9.088158018023119,49.687601515923234]],[[9.088158018023119,49.687601515923234],[9.092236552404865,49.69471287323178]],[[9.092236552404865,49.69471287323178],[9.105096089830257,49.696947569066744]],[[9.105096089830257,49.696947569066744],[9.113854291483316,49.69816440935623]],[[9.113854291483316,49.69816440935623],[9.124519687331269,49.69964623119175]],[[9.124519687331269,49.69964623119175],[9.127155367089534,49.70661558750507]],[[9.127155367089534,49.70661558750507],[9.126220965807018,49.708228134312144]],[[9.126220965807018,49.708228134312144],[9.123013776399134,49.713762948348226]],[[9.123013776399134,49.713762948348226],[9.13147348720396,49.71633663930854]],[[9.13147348720396,49.71633663930854],[9.133718919065222,49.717019765083705]],[[9.133718919065222,49.717019765083705],[9.13917739405363,49.72694961694638]],[[9.13917739405363,49.72694961694638],[9.141923816363391,49.732083042049155]],[[9.141923816363391,49.732083042049155],[9.150808858680541,49.74285046091979]],[[9.150808858680541,49.74285046091979],[9.131880071693832,49.75361097268308]],[[9.131880071693832,49.75361097268308],[9.12783410656567,49.75522658584375]],[[9.12783410656567,49.75522658584375],[9.120332699754368,49.75600986314993]],[[9.120332699754368,49.75600986314993],[9.11209868631999,49.756869635840914]],[[9.11209868631999,49.756869635840914],[9.10784200335779,49.75977220314244]],[[9.10784200335779,49.75977220314244],[9.113749906299924,49.773012942848986]],[[9.113749906299924,49.773012942848986],[9.122727975633904,49.77692658022482]],[[9.122727975633904,49.77692658022482],[9.133294978785502,49.781532850200236]],[[9.133294978785502,49.781532850200236],[9.128954375584685,49.79435640823349]],[[9.128954375584685,49.79435640823349],[9.108140177533489,49.7979805931228]],[[9.108140177533489,49.7979805931228],[9.103784994224304,49.795885091292476]],[[9.103784994224304,49.795885091292476],[9.092872067708807,49.79063431660433]],[[9.092872067708807,49.79063431660433],[9.087344982996614,49.798733993083445]],[[9.087344982996614,49.798733993083445],[9.086528928731301,49.80368355658707]],[[9.086528928731301,49.80368355658707],[9.086189023190887,49.80574516766775]],[[9.086189023190887,49.80574516766775],[9.083109764436996,49.8103579043735]],[[9.083109764436996,49.8103579043735],[9.077864245181333,49.81821569862909]],[[9.077864245181333,49.81821569862909],[9.081554005123406,49.82231665817531]],[[9.081554005123406,49.82231665817531],[9.085486016217125,49.82668686353165]],[[9.085486016217125,49.82668686353165],[9.082947447841475,49.830164704684385]],[[9.082947447841475,49.830164704684385],[9.078876062158772,49.83574250782159]],[[9.078876062158772,49.83574250782159],[9.084493102533648,49.838870034524405]],[[9.084493102533648,49.838870034524405],[9.088959559332933,49.84135692323837]],[[9.088959559332933,49.84135692323837],[9.084730913103007,49.847506492941086]],[[9.084730913103007,49.847506492941086],[9.076751119661958,49.84027491746656]],[[9.076751119661958,49.84027491746656],[9.070437310087247,49.83455311811884]],[[9.070437310087247,49.83455311811884],[9.064462296330039,49.832449009660785]],[[9.064462296330039,49.832449009660785],[9.058247617732516,49.83460330524995]],[[9.058247617732516,49.83460330524995],[9.057239297109312,49.83796466802547]],[[9.057239297109312,49.83796466802547],[9.055227160943055,49.84467238062725]],[[9.055227160943055,49.84467238062725],[9.045714232007187,49.84261594077257]],[[9.045714232007187,49.84261594077257],[9.04155399075042,49.8417166091607]],[[9.04155399075042,49.8417166091607],[9.036080437214002,49.84650393793621]],[[9.036080437214002,49.84650393793621],[9.041528109892717,49.84869935894242]],[[9.041528109892717,49.84869935894242],[9.043317780144319,49.853869752097815]],[[9.043317780144319,49.853869752097815],[9.037598936617153,49.858943050093]],[[9.037598936617153,49.858943050093],[9.034043219292872,49.86209739482668]],[[9.034043219292872,49.86209739482668],[9.035034749201879,49.86657154677705]],[[9.035034749201879,49.86657154677705],[9.050080247452131,49.86631512850146]],[[9.050080247452131,49.86631512850146],[9.038306327651254,49.87718651361687]],[[9.038306327651254,49.87718651361687],[9.036223032368289,49.89405991704151]],[[9.036223032368289,49.89405991704151],[9.035795785430166,49.89752035262816]],[[9.035795785430166,49.89752035262816],[9.03066976669975,49.90900126831904]],[[9.03066976669975,49.90900126831904],[9.028435381487876,49.90965227917417]],[[9.028435381487876,49.90965227917417],[9.024398920988725,49.91082834177162]],[[9.024398920988725,49.91082834177162],[9.026749609547332,49.915450655761475]],[[9.026749609547332,49.915450655761475],[9.031390215308676,49.92457579002062]],[[9.031390215308676,49.92457579002062],[9.025183481828382,49.9442975200498]],[[9.025183481828382,49.9442975200498],[9.0224486847016,49.94606585082445]],[[9.0224486847016,49.94606585082445],[9.020178778562444,49.94753358137477]],[[9.020178778562444,49.94753358137477],[9.021483795521348,49.949925984557325]],[[9.021483795521348,49.949925984557325],[9.021854139065447,49.95029799120372]],[[9.021854139065447,49.95029799120372],[9.02357994706642,49.95203154323015]],[[9.02357994706642,49.95203154323015],[9.026371818013718,49.95509138134011]],[[9.026371818013718,49.95509138134011],[9.019351147737863,49.97616858128614]],[[9.019351147737863,49.97616858128614],[9.020170666351406,49.98481373937453]],[[9.020170666351406,49.98481373937453],[9.01608834296426,49.991340567774714]],[[9.01608834296426,49.991340567774714],[9.02275319982757,49.99632246974984]],[[9.02275319982757,49.99632246974984],[9.030031383830327,49.991920884553366]],[[9.030031383830327,49.991920884553366],[9.032603857449311,49.99036514573323]],[[9.032603857449311,49.99036514573323],[9.046991363315584,49.99107218557849]],[[9.046991363315584,49.99107218557849],[9.04668997604385,49.995406637984004]],[[9.04668997604385,49.995406637984004],[9.041424439113122,49.998922951130325]],[[9.041424439113122,49.998922951130325],[9.036034908477331,50.00252206682026]],[[9.036034908477331,50.00252206682026],[9.038683289915994,50.00801879834838]],[[9.038683289915994,50.00801879834838],[9.039817747963221,50.010373371732314]],[[9.039817747963221,50.010373371732314],[9.037089287064022,50.01330811594547]],[[9.037089287064022,50.01330811594547],[9.032112935907836,50.018660702511234]],[[9.032112935907836,50.018660702511234],[9.03009664317595,50.02663550816706]],[[9.03009664317595,50.02663550816706],[9.030981607493967,50.03357498850104]],[[9.030981607493967,50.03357498850104],[9.031543829140245,50.03798367432548]],[[9.031543829140245,50.03798367432548],[9.023042548019088,50.04364204168876]],[[9.023042548019088,50.04364204168876],[9.00951558751369,50.04582955253927]],[[9.00951558751369,50.04582955253927],[9.00221144401087,50.04490916477976]],[[9.00221144401087,50.04490916477976],[8.98315625135492,50.042508039267794]],[[8.98315625135492,50.042508039267794],[8.97646032197895,50.04904825234486]],[[8.97646032197895,50.04904825234486],[8.981286345360498,50.05592747325823]],[[8.981286345360498,50.05592747325823],[8.987761088759555,50.06326650831619]],[[8.987761088759555,50.06326650831619],[8.990559953332111,50.06711913944541]],[[8.990559953332111,50.06711913944541],[8.998642072242555,50.06980568122143]],[[8.998642072242555,50.06980568122143],[8.998208618732885,50.084270855988464]],[[8.998208618732885,50.084270855988464],[8.99799700373384,50.09133288585025]],[[8.99799700373384,50.09133288585025],[9.00426908799307,50.096951567763085]],[[9.00426908799307,50.096951567763085],[9.016218991362956,50.110194281834175]],[[9.016218991362956,50.110194281834175],[9.030079662528063,50.112710372534785]],[[9.030079662528063,50.112710372534785],[9.03701788551502,50.114371640519614]],[[9.03701788551502,50.114371640519614],[9.046705528449607,50.11585702763609]],[[9.046705528449607,50.11585702763609],[9.053037931491263,50.11564885881213]],[[9.053037931491263,50.11564885881213],[9.056295282125975,50.116671440975345]],[[9.056295282125975,50.116671440975345],[9.0589897615373,50.11662148130446]],[[9.0589897615373,50.11662148130446],[9.06533964584854,50.11702788343062]],[[9.06533964584854,50.11702788343062],[9.07132643537302,50.11943803792431]],[[9.07132643537302,50.11943803792431],[9.073611969660295,50.11829644410568]],[[9.073611969660295,50.11829644410568],[9.077632201457233,50.11628838852593]],[[9.077632201457233,50.11628838852593],[9.087080733971309,50.116705462336654]],[[9.087080733971309,50.116705462336654],[9.093190041522652,50.121398224338165]],[[9.093190041522652,50.121398224338165],[9.099135846055281,50.12596539332989]],[[9.099135846055281,50.12596539332989],[9.117461822832587,50.12647614943921]],[[9.117461822832587,50.12647614943921],[9.134872662800507,50.11884135226378]],[[9.134872662800507,50.11884135226378],[9.144000540957844,50.11483870345947]],[[9.144000540957844,50.11483870345947],[9.146238876570186,50.11538867257228]],[[9.146238876570186,50.11538867257228],[9.152839776555417,50.11701054466969]],[[9.152839776555417,50.11701054466969],[9.15553318507215,50.11041126748605]],[[9.15553318507215,50.11041126748605],[9.153390191383947,50.1080304058108]],[[9.153390191383947,50.1080304058108],[9.144794608954786,50.09848072918209]],[[9.144794608954786,50.09848072918209],[9.146447745883124,50.095028572055114]],[[9.146447745883124,50.095028572055114],[9.149987184346992,50.09163912669788]],[[9.149987184346992,50.09163912669788],[9.16254570473195,50.098186640612255]],[[9.16254570473195,50.098186640612255],[9.160154394525788,50.101450746098244]],[[9.160154394525788,50.101450746098244],[9.17346475959275,50.113508090873864]],[[9.17346475959275,50.113508090873864],[9.174629366606544,50.1186426487265]],[[9.174629366606544,50.1186426487265],[9.190673710749682,50.127568322388946]],[[9.190673710749682,50.127568322388946],[9.187532845612958,50.132861994512865]],[[9.187532845612958,50.132861994512865],[9.18468325210542,50.13766475483304]],[[9.18468325210542,50.13766475483304],[9.21111377328639,50.14468036866405]],[[9.21111377328639,50.14468036866405],[9.214687767062257,50.146713391457105]],[[9.214687767062257,50.146713391457105],[9.223188472215048,50.14863839911218]],[[9.223188472215048,50.14863839911218],[9.2366283852933,50.14498620970921]],[[9.2366283852933,50.14498620970921],[9.260355587036392,50.13853853194498]],[[9.260355587036392,50.13853853194498],[9.268630770718925,50.14105274164389]],[[9.268630770718925,50.14105274164389],[9.273927375861263,50.14266198549233]],[[9.273927375861263,50.14266198549233],[9.2881667751121,50.14100612198157]],[[9.2881667751121,50.14100612198157],[9.297900003071156,50.13745521061741]],[[9.297900003071156,50.13745521061741],[9.30768380421407,50.13388584893724]],[[9.30768380421407,50.13388584893724],[9.312212445604604,50.13569604352471]],[[9.312212445604604,50.13569604352471],[9.321226366886854,50.1392991022504]],[[9.321226366886854,50.1392991022504],[9.329167689491092,50.140131826464696]],[[9.329167689491092,50.140131826464696],[9.342250506089185,50.132004015385974]],[[9.342250506089185,50.132004015385974],[9.34345427793396,50.13125616087886]],[[9.34345427793396,50.13125616087886],[9.351634682698798,50.13085058894944]],[[9.351634682698798,50.13085058894944],[9.375639385295157,50.12966047424863]],[[9.375639385295157,50.12966047424863],[9.3841102141756,50.11545283775406]],[[9.3841102141756,50.11545283775406],[9.391580734543313,50.10292296027377]],[[9.391580734543313,50.10292296027377],[9.395036875698217,50.09712617318356]],[[9.395036875698217,50.09712617318356],[9.404984498483055,50.087734452400625]],[[9.404984498483055,50.087734452400625],[9.41380086945934,50.08439771793082]],[[9.41380086945934,50.08439771793082],[9.434592881450149,50.085190508048825]],[[9.434592881450149,50.085190508048825],[9.43849911963103,50.08676802917954]],[[9.43849911963103,50.08676802917954],[9.446421030298218,50.0899672657007]],[[9.446421030298218,50.0899672657007],[9.460186201122104,50.090961371372124]],[[9.460186201122104,50.090961371372124],[9.462278786554556,50.0911124952462]],[[9.462278786554556,50.0911124952462],[9.463382050992386,50.091194524417176]],[[9.463382050992386,50.091194524417176],[9.479644863843859,50.09359454603696]],[[9.479644863843859,50.09359454603696],[9.500327466173943,50.09664682886898]],[[9.500327466173943,50.09664682886898],[9.511585157994276,50.09483424872467]],[[9.511585157994276,50.09483424872467],[9.519177519012027,50.10585010815916]],[[9.519177519012027,50.10585010815916],[9.518627367965127,50.11434205309527]],[[9.518627367965127,50.11434205309527],[9.511600722714755,50.12815985644193]],[[9.511600722714755,50.12815985644193],[9.510578448591268,50.13017014670364]],[[9.510578448591268,50.13017014670364],[9.507977523691608,50.14467334031725]],[[9.507977523691608,50.14467334031725],[9.510713854167527,50.14787006889533]],[[9.510713854167527,50.14787006889533],[9.517133738143198,50.14946833634759]],[[9.517133738143198,50.14946833634759],[9.522035099910378,50.15068855694539]],[[9.522035099910378,50.15068855694539],[9.531202043591067,50.16084965500529]],[[9.531202043591067,50.16084965500529],[9.528152461090349,50.16813935776072]],[[9.528152461090349,50.16813935776072],[9.524466591884515,50.16744290899563]],[[9.524466591884515,50.16744290899563],[9.518732737308245,50.16750316251023]],[[9.518732737308245,50.16750316251023],[9.516977484437062,50.167521607693736]],[[9.516977484437062,50.167521607693736],[9.50505584503607,50.16926350753818]],[[9.50505584503607,50.16926350753818],[9.498908211032578,50.17588660228435]],[[9.498908211032578,50.17588660228435],[9.501877428865754,50.192146515130034]],[[9.501877428865754,50.192146515130034],[9.509406241485935,50.193862001332135]],[[9.509406241485935,50.193862001332135],[9.515581049971026,50.19526896910951]],[[9.515581049971026,50.19526896910951],[9.5162053494824,50.19961164038242]],[[9.5162053494824,50.19961164038242],[9.510110414572198,50.205082904449576]],[[9.510110414572198,50.205082904449576],[9.50206519708651,50.21230488608555]],[[9.50206519708651,50.21230488608555],[9.503657504714154,50.21609092243864]],[[9.503657504714154,50.21609092243864],[9.504008586469942,50.21692568906389]],[[9.504008586469942,50.21692568906389],[9.501234676780529,50.220224023459615]],[[9.501234676780529,50.220224023459615],[9.495504239587673,50.22703783629827]],[[9.495504239587673,50.22703783629827],[9.501174694762838,50.24347401932031]],[[9.501174694762838,50.24347401932031],[9.512279105004913,50.23661268665809]],[[9.512279105004913,50.23661268665809],[9.516105196285132,50.23424857370636]],[[9.516105196285132,50.23424857370636],[9.520400007411626,50.23413269900254]],[[9.520400007411626,50.23413269900254],[9.534299175597699,50.233757697621414]],[[9.534299175597699,50.233757697621414],[9.539099204400866,50.22842227731734]],[[9.539099204400866,50.22842227731734],[9.542311990867349,50.22485113675153]],[[9.542311990867349,50.22485113675153],[9.549705067674248,50.22661119827847]],[[9.549705067674248,50.22661119827847],[9.572440825624893,50.23202387931092]],[[9.572440825624893,50.23202387931092],[9.573265901662753,50.23213889290386]],[[9.573265901662753,50.23213889290386],[9.574175381381739,50.2322539056713]],[[9.574175381381739,50.2322539056713],[9.575112831339629,50.232378503337664]],[[9.575112831339629,50.232378503337664],[9.578671264516995,50.22756914623103]],[[9.578671264516995,50.22756914623103],[9.582461523104344,50.2224464686887]],[[9.582461523104344,50.2224464686887],[9.596173228688077,50.22265798168735]],[[9.596173228688077,50.22265798168735],[9.620056782140315,50.22348521398233]],[[9.620056782140315,50.22348521398233],[9.62228112423921,50.22541020905511]],[[9.62228112423921,50.22541020905511],[9.620401575369675,50.22752535952121]],[[9.620401575369675,50.22752535952121],[9.623150993557225,50.229040143502196]],[[9.623150993557225,50.229040143502196],[9.6365499797778,50.23505548084777]],[[9.6365499797778,50.23505548084777],[9.644668661589119,50.23489415103675]],[[9.644668661589119,50.23489415103675],[9.64654816733669,50.23485680295395]],[[9.64654816733669,50.23485680295395],[9.656488131457563,50.232421633085984]],[[9.656488131457563,50.232421633085984],[9.66378112298172,50.23443821123447]],[[9.66378112298172,50.23443821123447],[9.666980873344405,50.23941194810602]],[[9.666980873344405,50.23941194810602],[9.649055526623895,50.245454901438336]],[[9.649055526623895,50.245454901438336],[9.639522343646364,50.24866870949584]],[[9.639522343646364,50.24866870949584],[9.638014881422414,50.25175598768452]],[[9.638014881422414,50.25175598768452],[9.64303570860927,50.25559039720429]],[[9.64303570860927,50.25559039720429],[9.65206159364275,50.268749842021904]],[[9.65206159364275,50.268749842021904],[9.656174220446193,50.271376526173036]],[[9.656174220446193,50.271376526173036],[9.673188415521384,50.27442009107075]],[[9.673188415521384,50.27442009107075],[9.676893264136059,50.276129046105076]],[[9.676893264136059,50.276129046105076],[9.680958207288914,50.27815551756698]],[[9.680958207288914,50.27815551756698],[9.683125778010378,50.27861065601327]],[[9.683125778010378,50.27861065601327],[9.686895054504976,50.27766111676744]],[[9.686895054504976,50.27766111676744],[9.688896775058602,50.27763673961505]],[[9.688896775058602,50.27763673961505],[9.69040711820392,50.27761834700624]],[[9.69040711820392,50.27761834700624],[9.69230998566972,50.27801188972262]],[[9.69230998566972,50.27801188972262],[9.703422531530672,50.28075255702321]],[[9.703422531530672,50.28075255702321],[9.709920456992748,50.287776916660995]],[[9.709920456992748,50.287776916660995],[9.71280023776482,50.290890007207665]],[[9.71280023776482,50.290890007207665],[9.715945400573844,50.291770547965584]],[[9.715945400573844,50.291770547965584],[9.727705316715964,50.295062931455604]],[[9.727705316715964,50.295062931455604],[9.745236605477773,50.310580575807556]],[[9.745236605477773,50.310580575807556],[9.744612612482111,50.319701418961166]],[[9.744612612482111,50.319701418961166],[9.748038030416184,50.325368071051656]],[[9.748038030416184,50.325368071051656],[9.745006298484313,50.32919153926481]],[[9.745006298484313,50.32919153926481],[9.746789802456595,50.34113390827788]],[[9.746789802456595,50.34113390827788],[9.743033638626022,50.34640855913171]],[[9.743033638626022,50.34640855913171],[9.735863573889931,50.35086766543822]],[[9.735863573889931,50.35086766543822],[9.734300667478214,50.351839646299354]],[[9.734300667478214,50.351839646299354],[9.732914479431534,50.35614940321978]],[[9.732914479431534,50.35614940321978],[9.744561896774528,50.36404235866169]],[[9.744561896774528,50.36404235866169],[9.745447806492617,50.37247905607442]],[[9.745447806492617,50.37247905607442],[9.753829592515219,50.38597901838723]],[[9.753829592515219,50.38597901838723],[9.758564682790883,50.40261977179449]],[[9.758564682790883,50.40261977179449],[9.754538000903008,50.40825526876248]],[[9.754538000903008,50.40825526876248],[9.751787976478703,50.41210403208311]],[[9.751787976478703,50.41210403208311],[9.754015331534152,50.417538621419155]],[[9.754015331534152,50.417538621419155],[9.764130384329285,50.42574802080621]],[[9.764130384329285,50.42574802080621],[9.770682190249248,50.423055635940315]],[[9.770682190249248,50.423055635940315],[9.779303757970231,50.41951270711344]],[[9.779303757970231,50.41951270711344],[9.787274759595054,50.4231572421598]],[[9.787274759595054,50.4231572421598],[9.791440395528307,50.42506187131288]],[[9.791440395528307,50.42506187131288],[9.806759719596705,50.42214711224364]],[[9.806759719596705,50.42214711224364],[9.811265669388487,50.417129366579914]],[[9.811265669388487,50.417129366579914],[9.810273061344587,50.415161708792034]],[[9.810273061344587,50.415161708792034],[9.809183318671442,50.41300150064576]],[[9.809183318671442,50.41300150064576],[9.823699499045398,50.406328072982355]],[[9.823699499045398,50.406328072982355],[9.831565174528679,50.40580279895872]],[[9.831565174528679,50.40580279895872],[9.837643655194002,50.40539687485345]],[[9.837643655194002,50.40539687485345],[9.846820009417184,50.40218906447168]],[[9.846820009417184,50.40218906447168],[9.858800017273605,50.39800117051506]],[[9.858800017273605,50.39800117051506],[9.86127692341949,50.40029661475766]],[[9.86127692341949,50.40029661475766],[9.87041815925814,50.40876815588084]],[[9.87041815925814,50.40876815588084],[9.88088355364635,50.40154498683348]],[[9.88088355364635,50.40154498683348],[9.883624529707422,50.399653177583254]],[[9.883624529707422,50.399653177583254],[9.903263896276103,50.404791068041234]],[[9.903263896276103,50.404791068041234],[9.935654763816132,50.41960648400167]],[[9.935654763816132,50.41960648400167],[9.944422717098018,50.423307473855886]],[[9.944422717098018,50.423307473855886],[9.9513189619526,50.423542389759696]],[[9.9513189619526,50.423542389759696],[9.958346501293844,50.423781778297396]],[[9.958346501293844,50.423781778297396],[9.961916267681364,50.42809685492247]],[[9.961916267681364,50.42809685492247],[9.966939939928867,50.434169388618]],[[9.966939939928867,50.434169388618],[9.9810076696106,50.44174446493483]],[[9.9810076696106,50.44174446493483],[9.988393658099508,50.4457216117339]],[[9.988393658099508,50.4457216117339],[9.989738504092353,50.447985758234076]],[[9.989738504092353,50.447985758234076],[9.997459997179732,50.46098545338081]],[[9.997459997179732,50.46098545338081],[10.003291461940147,50.46267562229589]],[[10.003291461940147,50.46267562229589],[10.005065473753673,50.46422139253304]],[[10.005065473753673,50.46422139253304],[10.011478286102506,50.46567046616961]],[[10.011478286102506,50.46567046616961],[10.014990849502208,50.46681049193383]],[[10.014990849502208,50.46681049193383],[10.015931251644316,50.466709809971604]],[[10.015931251644316,50.466709809971604],[10.018307632761514,50.46645538865247]],[[10.018307632761514,50.46645538865247],[10.019314004627041,50.46798005395077]],[[10.019314004627041,50.46798005395077],[10.020320376857942,50.46950498760657]],[[10.020320376857942,50.46950498760657],[10.020443114960345,50.46993514466416]],[[10.020443114960345,50.46993514466416],[10.02202197024435,50.47546851176966]],[[10.02202197024435,50.47546851176966],[10.026512937080824,50.478350988054466]],[[10.026512937080824,50.478350988054466],[10.027055793168126,50.478710184439535]],[[10.027055793168126,50.478710184439535],[10.028069691784884,50.479381059169704]],[[10.028069691784884,50.479381059169704],[10.030294699322216,50.48010060221224]],[[10.030294699322216,50.48010060221224],[10.040062393295338,50.49432994278105]],[[10.040062393295338,50.49432994278105],[10.039656594380773,50.498249082911656]],[[10.039656594380773,50.498249082911656],[10.03931793766967,50.50015259368467]],[[10.03931793766967,50.50015259368467],[10.038976468972542,50.502071897398324]],[[10.038976468972542,50.502071897398324],[10.04133832123955,50.51646964248982]],[[10.04133832123955,50.51646964248982],[10.05165416262799,50.51942903461555]],[[10.05165416262799,50.51942903461555],[10.065031768746298,50.52811358373126]],[[10.065031768746298,50.52811358373126],[10.073897609334644,50.538467202876575]],[[10.073897609334644,50.538467202876575],[10.07478705794543,50.53950590872589]],[[10.07478705794543,50.53950590872589],[10.076208781804057,50.540028666336624]],[[10.076208781804057,50.540028666336624],[10.089698755934537,50.544988828360644]],[[10.089698755934537,50.544988828360644],[10.094582160686988,50.55244200608304]],[[10.094582160686988,50.55244200608304],[10.09469998648274,50.55262183462629]],[[10.09469998648274,50.55262183462629],[10.094993528086677,50.55271993218841]],[[10.094993528086677,50.55271993218841],[10.099603522619946,50.554260532505346]],[[10.099603522619946,50.554260532505346],[10.099659465644109,50.555872312427425]],[[10.099659465644109,50.555872312427425],[10.099739370060291,50.55817448690373]],[[10.099739370060291,50.55817448690373],[10.107094127817927,50.5637334256884]],[[10.107094127817927,50.5637334256884],[10.119408326645878,50.564224532878455]],[[10.119408326645878,50.564224532878455],[10.125017255206375,50.561232954600676]],[[10.125017255206375,50.561232954600676],[10.122170947601834,50.55558227157222]],[[10.122170947601834,50.55558227157222],[10.125468714720741,50.55326668017619]],[[10.125468714720741,50.55326668017619],[10.139519752002325,50.54340046864125]],[[10.139519752002325,50.54340046864125],[10.14649994382575,50.54387219819925]],[[10.14649994382575,50.54387219819925],[10.147987889055681,50.54703713570751]],[[10.147987889055681,50.54703713570751],[10.150268242009913,50.55188756956239]],[[10.150268242009913,50.55188756956239],[10.160818119168662,50.548482043448004]],[[10.160818119168662,50.548482043448004],[10.173543526961812,50.54437425115463]],[[10.173543526961812,50.54437425115463],[10.177029135266755,50.550307686702205]],[[10.177029135266755,50.550307686702205],[10.177794317260073,50.55161023123699]],[[10.177794317260073,50.55161023123699],[10.202815405167875,50.554287662752905]],[[10.202815405167875,50.554287662752905],[10.204532396184412,50.54910440801296]],[[10.204532396184412,50.54910440801296],[10.206746860488476,50.54241939070483]],[[10.206746860488476,50.54241939070483],[10.217708627101343,50.53929911530122]],[[10.217708627101343,50.53929911530122],[10.221098280418124,50.5383342468078]],[[10.221098280418124,50.5383342468078],[10.22222292109912,50.53593973309348]],[[10.22222292109912,50.53593973309348],[10.224835172995306,50.530377895295366]],[[10.224835172995306,50.530377895295366],[10.226558239194423,50.5300182217963]],[[10.226558239194423,50.5300182217963],[10.23018442224272,50.529261292846186]],[[10.23018442224272,50.529261292846186],[10.228679701896045,50.524885087118214]],[[10.228679701896045,50.524885087118214],[10.226670170622487,50.51904073612621]],[[10.226670170622487,50.51904073612621],[10.232041748394817,50.51207948138675]],[[10.232041748394817,50.51207948138675],[10.236585087417374,50.51282821363218]],[[10.236585087417374,50.51282821363218],[10.243320004670402,50.51393811456847]],[[10.243320004670402,50.51393811456847],[10.25618791049128,50.51200589658925]],[[10.25618791049128,50.51200589658925],[10.26527660965257,50.505865096663655]],[[10.26527660965257,50.505865096663655],[10.26625816984778,50.505201903803766]],[[10.26625816984778,50.505201903803766],[10.268041461395393,50.50519409769239]],[[10.268041461395393,50.50519409769239],[10.275208953381997,50.50516272185322]],[[10.275208953381997,50.50516272185322],[10.281819725476922,50.50185026388767]],[[10.281819725476922,50.50185026388767],[10.28900671366954,50.498249083344405]],[[10.28900671366954,50.498249083344405],[10.301923778226374,50.49346609107165]],[[10.301923778226374,50.49346609107165],[10.319332426314082,50.492746344474334]],[[10.319332426314082,50.492746344474334],[10.322697444837376,50.49260722008732]],[[10.322697444837376,50.49260722008732],[10.326292966228197,50.494575898076924]],[[10.326292966228197,50.494575898076924],[10.331083786146936,50.4931723556265]],[[10.331083786146936,50.4931723556265],[10.332579899389557,50.48953132748497]],[[10.332579899389557,50.48953132748497],[10.33372488763364,50.48674481806571]],[[10.33372488763364,50.48674481806571],[10.334747673130542,50.48610027703333]],[[10.334747673130542,50.48610027703333],[10.340477186828577,50.48248963673291]],[[10.340477186828577,50.48248963673291],[10.338360074335244,50.4727956929865]],[[10.338360074335244,50.4727956929865],[10.336983115591558,50.46649079242388]],[[10.336983115591558,50.46649079242388],[10.342548355803018,50.46448038450352]],[[10.342548355803018,50.46448038450352],[10.348232128647345,50.46242715586984]],[[10.348232128647345,50.46242715586984],[10.366470406587755,50.44106530148175]],[[10.366470406587755,50.44106530148175],[10.373212611030159,50.43892774399161]],[[10.373212611030159,50.43892774399161],[10.372986629826762,50.436006989949895]],[[10.372986629826762,50.436006989949895],[10.372725713456237,50.43263471403049]],[[10.372725713456237,50.43263471403049],[10.385821854050405,50.43064475075254]],[[10.385821854050405,50.43064475075254],[10.390703787783147,50.4299029386571]],[[10.390703787783147,50.4299029386571],[10.402000335597464,50.42487104412019]],[[10.402000335597464,50.42487104412019],[10.390785365847448,50.412952716138335]],[[10.390785365847448,50.412952716138335],[10.383999294528886,50.40574104822267]],[[10.383999294528886,50.40574104822267],[10.394153949243735,50.394923338660696]],[[10.394153949243735,50.394923338660696],[10.424442968636432,50.3929333623485]],[[10.424442968636432,50.3929333623485],[10.437898388723678,50.39548313922249]],[[10.437898388723678,50.39548313922249],[10.438602646911344,50.39789808844667]],[[10.438602646911344,50.39789808844667],[10.43965132529076,50.40149407235888]],[[10.43965132529076,50.40149407235888],[10.45053222935892,50.40185965392388]],[[10.45053222935892,50.40185965392388],[10.454142384668122,50.399297650188245]],[[10.454142384668122,50.399297650188245],[10.454462888778508,50.39494102498201]],[[10.454462888778508,50.39494102498201],[10.454617447289923,50.39284010027988]],[[10.454617447289923,50.39284010027988],[10.463012989346254,50.37734175895631]],[[10.463012989346254,50.37734175895631],[10.474716894259737,50.37279891874878]],[[10.474716894259737,50.37279891874878],[10.481505758370469,50.373659910577466]],[[10.481505758370469,50.373659910577466],[10.487052211323878,50.37436333260572]],[[10.487052211323878,50.37436333260572],[10.494441560814154,50.367717626383026]],[[10.494441560814154,50.367717626383026],[10.492226831533296,50.36533387935738]],[[10.492226831533296,50.36533387935738],[10.489357332033784,50.362245393822114]],[[10.489357332033784,50.362245393822114],[10.491992111512742,50.35646317244713]],[[10.491992111512742,50.35646317244713],[10.496971059363773,50.35679178984724]],[[10.496971059363773,50.35679178984724],[10.498895965688456,50.356918837670726]],[[10.498895965688456,50.356918837670726],[10.501458569768328,50.35547851843925]],[[10.501458569768328,50.35547851843925],[10.504227569360312,50.35392219615612]],[[10.504227569360312,50.35392219615612],[10.505619662729087,50.35491449993683]],[[10.505619662729087,50.35491449993683],[10.51138861334359,50.35902669508036]],[[10.51138861334359,50.35902669508036],[10.513210642721704,50.353885574161474]],[[10.513210642721704,50.353885574161474],[10.514624400203694,50.34989644825873]],[[10.514624400203694,50.34989644825873],[10.524399949635827,50.35601038971417]],[[10.524399949635827,50.35601038971417],[10.52477614449078,50.35646681806381]],[[10.52477614449078,50.35646681806381],[10.531748278201704,50.36492592784709]],[[10.531748278201704,50.36492592784709],[10.544092191345063,50.36393019625293]],[[10.544092191345063,50.36393019625293],[10.553683250253915,50.35669500990985]],[[10.553683250253915,50.35669500990985],[10.551724731058332,50.35134862840261]],[[10.551724731058332,50.35134862840261],[10.550612235981692,50.348311730052586]],[[10.550612235981692,50.348311730052586],[10.555731329624557,50.341420407283444]],[[10.555731329624557,50.341420407283444],[10.56181657232342,50.3376748647657]],[[10.56181657232342,50.3376748647657],[10.578160194027866,50.335642420711416]],[[10.578160194027866,50.335642420711416],[10.583636182231672,50.33293284754855]],[[10.583636182231672,50.33293284754855],[10.590134781803533,50.33322294106668]],[[10.590134781803533,50.33322294106668],[10.600550600490886,50.33368789599433]],[[10.600550600490886,50.33368789599433],[10.599347199237643,50.3297524611958]],[[10.599347199237643,50.3297524611958],[10.598260666949882,50.327724360020625]],[[10.598260666949882,50.327724360020625],[10.597783438422612,50.326732498416085]],[[10.597783438422612,50.326732498416085],[10.595621124472933,50.32223839448309]],[[10.595621124472933,50.32223839448309],[10.595441226566717,50.31955554051346]],[[10.595441226566717,50.31955554051346],[10.59299688542321,50.30867053502118]],[[10.59299688542321,50.30867053502118],[10.598453521032084,50.30151435102606]],[[10.598453521032084,50.30151435102606],[10.604418809714025,50.293691082881644]],[[10.604418809714025,50.293691082881644],[10.598787115629609,50.288959691613016]],[[10.598787115629609,50.288959691613016],[10.59825166509619,50.28850984122712]],[[10.59825166509619,50.28850984122712],[10.598847348228324,50.28669289278918]],[[10.598847348228324,50.28669289278918],[10.60024870422796,50.28241848358399]],[[10.60024870422796,50.28241848358399],[10.59898507465815,50.28150961697664]],[[10.59898507465815,50.28150961697664],[10.593718663234105,50.277721745875546]],[[10.593718663234105,50.277721745875546],[10.59104025800535,50.271784401929246]],[[10.59104025800535,50.271784401929246],[10.599276372020995,50.27054681310278]],[[10.599276372020995,50.27054681310278],[10.601344815694809,50.27023600093443]],[[10.601344815694809,50.27023600093443],[10.59944159566332,50.264328702610655]],[[10.59944159566332,50.264328702610655],[10.598916490771668,50.262698859439936]],[[10.598916490771668,50.262698859439936],[10.600295260276933,50.261429633516634]],[[10.600295260276933,50.261429633516634],[10.61138995170535,50.25121641246573]],[[10.61138995170535,50.25121641246573],[10.604699284680722,50.24647341782456]],[[10.604699284680722,50.24647341782456],[10.601037398866955,50.24387751767336]],[[10.601037398866955,50.24387751767336],[10.610162428746555,50.227920402758144]],[[10.610162428746555,50.227920402758144],[10.613893916011182,50.2242083016044]],[[10.613893916011182,50.2242083016044],[10.631681948977445,50.22292844167354]],[[10.631681948977445,50.22292844167354],[10.642358330259679,50.225788263203114]],[[10.642358330259679,50.225788263203114],[10.658254827325306,50.23004636584298]],[[10.658254827325306,50.23004636584298],[10.661204712488761,50.22672602611983]],[[10.661204712488761,50.22672602611983],[10.658735021600636,50.22470373244091]],[[10.658735021600636,50.22470373244091],[10.657478799448945,50.223675082410985]],[[10.657478799448945,50.223675082410985],[10.662339851773954,50.22225791055983]],[[10.662339851773954,50.22225791055983],[10.67608035187241,50.22355505660323]],[[10.67608035187241,50.22355505660323],[10.684075429768459,50.22430981670228]],[[10.684075429768459,50.22430981670228],[10.688216994387245,50.21992440649149]],[[10.688216994387245,50.21992440649149],[10.694963590131437,50.212780590029304]],[[10.694963590131437,50.212780590029304],[10.7193159326331,50.20530486991293]],[[10.7193159326331,50.20530486991293],[10.73032206892567,50.21253677593724]],[[10.73032206892567,50.21253677593724],[10.729443148176346,50.23026445930883]],[[10.729443148176346,50.23026445930883],[10.726917343688726,50.24040015776252]],[[10.726917343688726,50.24040015776252],[10.727728391038601,50.24800417893457]],[[10.727728391038601,50.24800417893457],[10.731463786565193,50.25100370538971]],[[10.731463786565193,50.25100370538971],[10.74516703389252,50.248953676529986]],[[10.74516703389252,50.248953676529986],[10.74772390222797,50.24606100855117]],[[10.74772390222797,50.24606100855117],[10.750683107426116,50.242713166702515]],[[10.750683107426116,50.242713166702515],[10.768439449452476,50.241126500852225]],[[10.768439449452476,50.241126500852225],[10.782294658201451,50.24736160410283]],[[10.782294658201451,50.24736160410283],[10.78225826757032,50.247677953823576]],[[10.78225826757032,50.247677953823576],[10.781843421720266,50.25128411546596]],[[10.781843421720266,50.25128411546596],[10.800379795963647,50.25077634477328]],[[10.800379795963647,50.25077634477328],[10.802386963586898,50.24821353015589]],[[10.802386963586898,50.24821353015589],[10.80842701509547,50.240501400507505]],[[10.80842701509547,50.240501400507505],[10.82523279361308,50.23761001511606]],[[10.82523279361308,50.23761001511606],[10.840164066530905,50.24223657075994]],[[10.840164066530905,50.24223657075994],[10.845594158982944,50.24391912211384]],[[10.845594158982944,50.24391912211384],[10.850920324842116,50.25119903304659]],[[10.850920324842116,50.25119903304659],[10.850729562407306,50.26407154640572]],[[10.850729562407306,50.26407154640572],[10.850515218385022,50.26432870325609]],[[10.850515218385022,50.26432870325609],[10.846194894649248,50.2695119184403]],[[10.846194894649248,50.2695119184403],[10.846207174136602,50.26993185707742]],[[10.846207174136602,50.26993185707742],[10.846358118164254,50.275094551774394]],[[10.846358118164254,50.275094551774394],[10.844454251853154,50.27587401536901]],[[10.844454251853154,50.27587401536901],[10.840164066064593,50.2747567914551]],[[10.840164066064593,50.2747567914551],[10.83955907121095,50.27459924235506]],[[10.83955907121095,50.27459924235506],[10.835006182326051,50.27341360496932]],[[10.835006182326051,50.27341360496932],[10.826939069479305,50.277497917339964]],[[10.826939069479305,50.277497917339964],[10.817453511715842,50.27764356224133]],[[10.817453511715842,50.27764356224133],[10.804320232276082,50.28048726901661]],[[10.804320232276082,50.28048726901661],[10.80320338813156,50.285434503552885]],[[10.80320338813156,50.285434503552885],[10.801790919465432,50.29169125312906]],[[10.801790919465432,50.29169125312906],[10.792906146116387,50.29490869727618]],[[10.792906146116387,50.29490869727618],[10.775012889325007,50.293836255871454]],[[10.775012889325007,50.293836255871454],[10.770553999594892,50.29356901004965]],[[10.770553999594892,50.29356901004965],[10.764416794261797,50.29820905882083]],[[10.764416794261797,50.29820905882083],[10.742309487788601,50.314923341944905]],[[10.742309487788601,50.314923341944905],[10.724695691194551,50.318661878093835]],[[10.724695691194551,50.318661878093835],[10.717584800716969,50.320171166919785]],[[10.717584800716969,50.320171166919785],[10.714746118360763,50.32654910051271]],[[10.714746118360763,50.32654910051271],[10.715908107227756,50.33239294997935]],[[10.715908107227756,50.33239294997935],[10.72419157065248,50.336545283210114]],[[10.72419157065248,50.336545283210114],[10.727071278525695,50.337988823868315]],[[10.727071278525695,50.337988823868315],[10.728169580185128,50.34466407939248]],[[10.728169580185128,50.34466407939248],[10.72485414195151,50.34896493847315]],[[10.72485414195151,50.34896493847315],[10.72244765818956,50.348712618459345]],[[10.72244765818956,50.348712618459345],[10.714257622726505,50.34785389839766]],[[10.714257622726505,50.34785389839766],[10.713095821980344,50.35354138045407]],[[10.713095821980344,50.35354138045407],[10.717379708826718,50.35667678783115]],[[10.717379708826718,50.35667678783115],[10.716528032589295,50.36311076607873]],[[10.716528032589295,50.36311076607873],[10.737941814190238,50.36266576340336]],[[10.737941814190238,50.36266576340336],[10.746144172819635,50.3602560127162]],[[10.746144172819635,50.3602560127162],[10.753031877559048,50.35823249192761]],[[10.753031877559048,50.35823249192761],[10.759525728818513,50.361958621339156]],[[10.759525728818513,50.361958621339156],[10.76254204849434,50.36740994338238]],[[10.76254204849434,50.36740994338238],[10.763609059922567,50.36933832859879]],[[10.763609059922567,50.36933832859879],[10.766581801853077,50.37010785746248]],[[10.766581801853077,50.37010785746248],[10.773773965153497,50.371969631846945]],[[10.773773965153497,50.371969631846945],[10.78009362736698,50.37913161042614]],[[10.78009362736698,50.37913161042614],[10.785421411768235,50.38516950941323]],[[10.785421411768235,50.38516950941323],[10.789984216203715,50.383415654999666]],[[10.789984216203715,50.383415654999666],[10.800130426884184,50.379515644996054]],[[10.800130426884184,50.379515644996054],[10.820726545465462,50.38589344848835]],[[10.820726545465462,50.38589344848835],[10.827082810994566,50.39029077356708]],[[10.827082810994566,50.39029077356708],[10.830442955293012,50.39261535366057]],[[10.830442955293012,50.39261535366057],[10.836199141158067,50.39158578332947]],[[10.836199141158067,50.39158578332947],[10.840164065729411,50.3908766032545]],[[10.840164065729411,50.3908766032545],[10.85720895816451,50.387827895855736]],[[10.85720895816451,50.387827895855736],[10.864676620745561,50.38886980719403]],[[10.864676620745561,50.38886980719403],[10.86850383657105,50.39409686295756]],[[10.86850383657105,50.39409686295756],[10.868841614845271,50.39455818570826]],[[10.868841614845271,50.39455818570826],[10.87410155195978,50.39648302669175]],[[10.87410155195978,50.39648302669175],[10.885867161063194,50.39228665217315]],[[10.885867161063194,50.39228665217315],[10.886125674368321,50.38898537256164]],[[10.886125674368321,50.38898537256164],[10.886204259941874,50.38798179985502]],[[10.886204259941874,50.38798179985502],[10.892407537040878,50.381015493945036]],[[10.892407537040878,50.381015493945036],[10.898630004597365,50.38301395514317]],[[10.898630004597365,50.38301395514317],[10.910073212061336,50.386689152065415]],[[10.910073212061336,50.386689152065415],[10.9339814065242,50.39219221883551]],[[10.9339814065242,50.39219221883551],[10.945591155512574,50.38650604555907]],[[10.945591155512574,50.38650604555907],[10.955522467618811,50.37787372580621]],[[10.955522467618811,50.37787372580621],[10.96223732655152,50.37628332778108]],[[10.96223732655152,50.37628332778108],[10.96245340926073,50.37265114692612]],[[10.96245340926073,50.37265114692612],[10.961574445090811,50.371850980255985]],[[10.961574445090811,50.371850980255985],[10.958037367090407,50.36863098952433]],[[10.958037367090407,50.36863098952433],[10.985780364593582,50.34732039410462]],[[10.985780364593582,50.34732039410462],[10.998227444259232,50.349994954820616]],[[10.998227444259232,50.349994954820616],[10.993600996184211,50.35684821672609]],[[10.993600996184211,50.35684821672609],[10.99360463582577,50.35686824459226]],[[10.99360463582577,50.35686824459226],[10.995147433026336,50.3653582782138]],[[10.995147433026336,50.3653582782138],[11.035782826082873,50.36020436471722]],[[11.035782826082873,50.36020436471722],[11.033986156174658,50.357241267649314]],[[11.033986156174658,50.357241267649314],[11.032960101804381,50.35554908454797]],[[11.032960101804381,50.35554908454797],[11.034411249600154,50.34871436575192]],[[11.034411249600154,50.34871436575192],[11.037516477320908,50.34592471770939]],[[11.037516477320908,50.34592471770939],[11.045551877215926,50.34601048248906]],[[11.045551877215926,50.34601048248906],[11.074208152057802,50.35313075067055]],[[11.074208152057802,50.35313075067055],[11.07425651386242,50.353142766376145]],[[11.07425651386242,50.353142766376145],[11.074267742396803,50.35314182758114]],[[11.074267742396803,50.35314182758114],[11.08144021298438,50.352541727886155]],[[11.08144021298438,50.352541727886155],[11.090464748896116,50.36536708380625]],[[11.090464748896116,50.36536708380625],[11.090637043215596,50.36561194176121]],[[11.090637043215596,50.36561194176121],[11.115305203719084,50.36700710336163]],[[11.115305203719084,50.36700710336163],[11.118648937191535,50.35936280840427]],[[11.118648937191535,50.35936280840427],[11.117409297568928,50.35496241718617]],[[11.117409297568928,50.35496241718617],[11.11615043350106,50.350493781539704]],[[11.11615043350106,50.350493781539704],[11.121074471225121,50.34948132631794]],[[11.121074471225121,50.34948132631794],[11.12262189386875,50.35094798232412]],[[11.12262189386875,50.35094798232412],[11.127167077509963,50.35525593223424]],[[11.127167077509963,50.35525593223424],[11.135503658969663,50.3531312713222]],[[11.135503658969663,50.3531312713222],[11.138793225593183,50.347136727544346]],[[11.138793225593183,50.347136727544346],[11.157895608650717,50.33090363014494]],[[11.157895608650717,50.33090363014494],[11.158485310369056,50.32470962859408]],[[11.158485310369056,50.32470962859408],[11.150432745468848,50.321027930171354]],[[11.150432745468848,50.321027930171354],[11.135571928463019,50.31423344052725]],[[11.135571928463019,50.31423344052725],[11.132363941940921,50.30875250759594]],[[11.132363941940921,50.30875250759594],[11.132843914839285,50.30246121991622]],[[11.132843914839285,50.30246121991622],[11.136782223094263,50.298684317943255]],[[11.136782223094263,50.298684317943255],[11.138941786674987,50.296613263191404]],[[11.138941786674987,50.296613263191404],[11.141842615841622,50.29383132071001]],[[11.141842615841622,50.29383132071001],[11.145786591682844,50.285703565864694]],[[11.145786591682844,50.285703565864694],[11.153859106896238,50.284616639665444]],[[11.153859106896238,50.284616639665444],[11.157494121169803,50.28736362079364]],[[11.157494121169803,50.28736362079364],[11.158399069639858,50.28804749034358]],[[11.158399069639858,50.28804749034358],[11.16317820957543,50.284529704152874]],[[11.16317820957543,50.284529704152874],[11.16526079047385,50.28299677763335]],[[11.16526079047385,50.28299677763335],[11.166641801786378,50.28280286053042]],[[11.166641801786378,50.28280286053042],[11.182334958249772,50.28059927632568]],[[11.182334958249772,50.28059927632568],[11.178705947351727,50.27678803603088]],[[11.178705947351727,50.27678803603088],[11.17556050207982,50.27348464266956]],[[11.17556050207982,50.27348464266956],[11.175487255255856,50.269828527826746]],[[11.175487255255856,50.269828527826746],[11.189943054442246,50.271185548690106]],[[11.189943054442246,50.271185548690106],[11.190720854721043,50.28160756403217]],[[11.190720854721043,50.28160756403217],[11.198607375340991,50.29103071029265]],[[11.198607375340991,50.29103071029265],[11.229904591520814,50.27643023278588]],[[11.229904591520814,50.27643023278588],[11.247074653028912,50.26842022216435]],[[11.247074653028912,50.26842022216435],[11.25977778907698,50.274946446150565]],[[11.25977778907698,50.274946446150565],[11.259274584180789,50.28875058128134]],[[11.259274584180789,50.28875058128134],[11.25663717916189,50.29144126877735]],[[11.25663717916189,50.29144126877735],[11.25272648243219,50.29543097202765]],[[11.25272648243219,50.29543097202765],[11.259853823870476,50.30037295449563]],[[11.259853823870476,50.30037295449563],[11.269292629621777,50.306917669268664]],[[11.269292629621777,50.306917669268664],[11.264754514117838,50.31284343023214]],[[11.264754514117838,50.31284343023214],[11.257394868814304,50.32245347889714]],[[11.257394868814304,50.32245347889714],[11.260851151709629,50.32532585969905]],[[11.260851151709629,50.32532585969905],[11.261677199496763,50.326012352908]],[[11.261677199496763,50.326012352908],[11.262098649104956,50.33229887787366]],[[11.262098649104956,50.33229887787366],[11.262432752638958,50.3372824835362]],[[11.262432752638958,50.3372824835362],[11.26500872188218,50.33705063702665]],[[11.26500872188218,50.33705063702665],[11.277098877965773,50.33596248178513]],[[11.277098877965773,50.33596248178513],[11.270368857357001,50.34580302868287]],[[11.270368857357001,50.34580302868287],[11.265385917140575,50.35308902083218]],[[11.265385917140575,50.35308902083218],[11.276512259296572,50.35583438775707]],[[11.276512259296572,50.35583438775707],[11.278414882812559,50.35630384997068]],[[11.278414882812559,50.35630384997068],[11.283285034458057,50.36046024316938]],[[11.283285034458057,50.36046024316938],[11.27539208487627,50.38147803380452]],[[11.27539208487627,50.38147803380452],[11.269995112194001,50.38498739871772]],[[11.269995112194001,50.38498739871772],[11.264748735406863,50.3883988377434]],[[11.264748735406863,50.3883988377434],[11.267154072644084,50.39068020376533]],[[11.267154072644084,50.39068020376533],[11.270868859983382,50.39420353007383]],[[11.270868859983382,50.39420353007383],[11.26355748066251,50.39788697037818]],[[11.26355748066251,50.39788697037818],[11.25919790235797,50.400083305445406]],[[11.25919790235797,50.400083305445406],[11.263462476661074,50.40902324744842]],[[11.263462476661074,50.40902324744842],[11.267973181789808,50.41847916158213]],[[11.267973181789808,50.41847916158213],[11.267331635402854,50.43259534480019]],[[11.267331635402854,50.43259534480019],[11.262722323913044,50.442459199123576]],[[11.262722323913044,50.442459199123576],[11.253699273614881,50.44664480930546]],[[11.253699273614881,50.44664480930546],[11.24784457189484,50.44936068672743]],[[11.24784457189484,50.44936068672743],[11.251004389294309,50.452526850952765]],[[11.251004389294309,50.452526850952765],[11.254892764577383,50.456423036381025]],[[11.254892764577383,50.456423036381025],[11.248917489390553,50.465584893943415]],[[11.248917489390553,50.465584893943415],[11.245737111561375,50.47046135239721]],[[11.245737111561375,50.47046135239721],[11.247034504785795,50.47648538978167]],[[11.247034504785795,50.47648538978167],[11.255185393449118,50.48134870516185]],[[11.255185393449118,50.48134870516185],[11.26593788538284,50.47942110443846]],[[11.26593788538284,50.47942110443846],[11.284706345176227,50.4850701443854]],[[11.284706345176227,50.4850701443854],[11.287528442028286,50.48446749511226]],[[11.287528442028286,50.48446749511226],[11.289561190539203,50.48403340786894]],[[11.289561190539203,50.48403340786894],[11.291965922401095,50.478343686340985]],[[11.291965922401095,50.478343686340985],[11.29750151113722,50.48133943619646]],[[11.29750151113722,50.48133943619646],[11.303779584399443,50.488265896012024]],[[11.303779584399443,50.488265896012024],[11.303993632398575,50.48850205061977]],[[11.303993632398575,50.48850205061977],[11.306961537323712,50.48900961853992]],[[11.306961537323712,50.48900961853992],[11.321546407263705,50.49150390462458]],[[11.321546407263705,50.49150390462458],[11.322595518976948,50.50150370339931]],[[11.322595518976948,50.50150370339931],[11.323277395715714,50.50800314076388]],[[11.323277395715714,50.50800314076388],[11.33015454156937,50.50893953658543]],[[11.33015454156937,50.50893953658543],[11.342296230798631,50.510592756188224]],[[11.342296230798631,50.510592756188224],[11.345779405664771,50.51533208606415]],[[11.345779405664771,50.51533208606415],[11.344995309631198,50.51688515036692]],[[11.344995309631198,50.51688515036692],[11.344098785675241,50.51866089726637]],[[11.344098785675241,50.51866089726637],[11.34663268697088,50.520931932914856]],[[11.34663268697088,50.520931932914856],[11.370343475575801,50.5227985040785]],[[11.370343475575801,50.5227985040785],[11.379854856953425,50.51909304404142]],[[11.379854856953425,50.51909304404142],[11.387028352482556,50.516298381118574]],[[11.387028352482556,50.516298381118574],[11.390786484605709,50.51827786206458]],[[11.390786484605709,50.51827786206458],[11.393224123860861,50.5195618142766]],[[11.393224123860861,50.5195618142766],[11.423077694015229,50.51570745463989]],[[11.423077694015229,50.51570745463989],[11.440976965443333,50.500536735170414]],[[11.440976965443333,50.500536735170414],[11.435489993712153,50.49264943007515]],[[11.435489993712153,50.49264943007515],[11.427846445855263,50.49257425014327]],[[11.427846445855263,50.49257425014327],[11.42048045393168,50.49250179977393]],[[11.42048045393168,50.49250179977393],[11.422122412962906,50.484416815365904]],[[11.422122412962906,50.484416815365904],[11.422181417993084,50.48412627510521]],[[11.422181417993084,50.48412627510521],[11.422132316133379,50.48408072560544]],[[11.422132316133379,50.48408072560544],[11.41907838152287,50.48124762411975]],[[11.41907838152287,50.48124762411975],[11.42006199569902,50.47488250967449]],[[11.42006199569902,50.47488250967449],[11.416608194830495,50.46812454239305]],[[11.416608194830495,50.46812454239305],[11.422577577813495,50.46166028279465]],[[11.422577577813495,50.46166028279465],[11.419222429657681,50.45200140615375]],[[11.419222429657681,50.45200140615375],[11.420630518772755,50.44336640795631]],[[11.420630518772755,50.44336640795631],[11.42391084201952,50.44178337849873]],[[11.42391084201952,50.44178337849873],[11.430381638582281,50.44041083152571]],[[11.430381638582281,50.44041083152571],[11.440203971749945,50.43832737758794]],[[11.440203971749945,50.43832737758794],[11.449712058718113,50.431659550635565]],[[11.449712058718113,50.431659550635565],[11.448643867256514,50.42981308856502]],[[11.448643867256514,50.42981308856502],[11.443441952798398,50.42082112660682]],[[11.443441952798398,50.42082112660682],[11.458533320049026,50.428941438616235]],[[11.458533320049026,50.428941438616235],[11.463835324597081,50.43179432243814]],[[11.463835324597081,50.43179432243814],[11.481568223952218,50.43162139674688]],[[11.481568223952218,50.43162139674688],[11.481421040209844,50.424308647230546]],[[11.481421040209844,50.424308647230546],[11.48754178005545,50.41578682909405]],[[11.48754178005545,50.41578682909405],[11.479040700355387,50.40263154163275]],[[11.479040700355387,50.40263154163275],[11.489850442500718,50.396774492912265]],[[11.489850442500718,50.396774492912265],[11.500573561850103,50.39956044572261]],[[11.500573561850103,50.39956044572261],[11.517454076674142,50.39548461418794]],[[11.517454076674142,50.39548461418794],[11.520588940325869,50.37520024189468]],[[11.520588940325869,50.37520024189468],[11.53346206570665,50.37950991166608]],[[11.53346206570665,50.37950991166608],[11.545490675533848,50.383786349585364]],[[11.545490675533848,50.383786349585364],[11.559367151681206,50.38414717030917]],[[11.559367151681206,50.38414717030917],[11.566433113807378,50.39065489504363]],[[11.566433113807378,50.39065489504363],[11.568431245077306,50.396344666642825]],[[11.568431245077306,50.396344666642825],[11.573086382652416,50.39954627739751]],[[11.573086382652416,50.39954627739751],[11.593265667848918,50.40236020253829]],[[11.593265667848918,50.40236020253829],[11.603290308076792,50.39876589867831]],[[11.603290308076792,50.39876589867831],[11.620865850675433,50.38799701975156]],[[11.620865850675433,50.38799701975156],[11.63793048607159,50.38979006347501]],[[11.63793048607159,50.38979006347501],[11.694342763557735,50.395786877735326]],[[11.694342763557735,50.395786877735326],[11.703516067403358,50.402091118515344]],[[11.703516067403358,50.402091118515344],[11.70498082229601,50.40309775408322]],[[11.70498082229601,50.40309775408322],[11.707812650387602,50.402877257458854]],[[11.707812650387602,50.402877257458854],[11.709872347522403,50.40271688149069]],[[11.709872347522403,50.40271688149069],[11.714441146504138,50.39748833371846]],[[11.714441146504138,50.39748833371846],[11.735838258309784,50.40630000929508]],[[11.735838258309784,50.40630000929508],[11.744268769968794,50.40918021316166]],[[11.744268769968794,50.40918021316166],[11.755509680035738,50.40867989779705]],[[11.755509680035738,50.40867989779705],[11.754200094603823,50.41136469300785]],[[11.754200094603823,50.41136469300785],[11.752218399862818,50.41542738881804]],[[11.752218399862818,50.41542738881804],[11.764377896723785,50.413226909122905]],[[11.764377896723785,50.413226909122905],[11.770556942387973,50.41210869874629]],[[11.770556942387973,50.41210869874629],[11.774968714271367,50.41516469233542]],[[11.774968714271367,50.41516469233542],[11.77865244014921,50.41771637641655]],[[11.77865244014921,50.41771637641655],[11.783130545496698,50.4166580502076]],[[11.783130545496698,50.4166580502076],[11.786861623303505,50.415776271969406]],[[11.786861623303505,50.415776271969406],[11.789405341562968,50.416324340920326]],[[11.789405341562968,50.416324340920326],[11.795222895203834,50.41757779000309]],[[11.795222895203834,50.41757779000309],[11.816210379734219,50.40171015245033]],[[11.816210379734219,50.40171015245033],[11.826184790638843,50.40290487873154]],[[11.826184790638843,50.40290487873154],[11.8265171382175,50.40011299764584]],[[11.8265171382175,50.40011299764584],[11.821128755981656,50.39670384809925]],[[11.821128755981656,50.39670384809925],[11.819662314426266,50.39577605316024]],[[11.819662314426266,50.39577605316024],[11.819696245789045,50.39207969938679]],[[11.819696245789045,50.39207969938679],[11.822751593850919,50.39034979958146]],[[11.822751593850919,50.39034979958146],[11.834925708261753,50.39337697219877]],[[11.834925708261753,50.39337697219877],[11.849407810494624,50.40041610840644]],[[11.849407810494624,50.40041610840644],[11.850677428579914,50.40103321601753]],[[11.850677428579914,50.40103321601753],[11.85107963183821,50.40099745709873]],[[11.85107963183821,50.40099745709873],[11.862482824879024,50.399983624443664]],[[11.862482824879024,50.399983624443664],[11.87624149366795,50.40974708264597]],[[11.87624149366795,50.40974708264597],[11.88345733675041,50.41486760470345]],[[11.88345733675041,50.41486760470345],[11.893299584939433,50.41567875460989]],[[11.893299584939433,50.41567875460989],[11.901760804343446,50.416376087228976]],[[11.901760804343446,50.416376087228976],[11.919323121843766,50.42472801408931]],[[9.928338962902815,51.37529909103846],[9.92386088910252,51.36817847880646]],[[9.92386088910252,51.36817847880646],[9.925874225710306,51.35932864231131]],[[9.925874225710306,51.35932864231131],[9.925469178330824,51.35379359455722]],[[9.925469178330824,51.35379359455722],[9.93156072521138,51.34663081134723]],[[9.93156072521138,51.34663081134723],[9.93173690786922,51.34642364552851]],[[9.93173690786922,51.34642364552851],[9.931733204503184,51.34637568302409]],[[9.931733204503184,51.34637568302409],[9.931232750330315,51.3398945570055]],[[9.931232750330315,51.3398945570055],[9.938254142192388,51.336730062446456]],[[9.938254142192388,51.336730062446456],[9.941686560488364,51.33518309292636]],[[9.941686560488364,51.33518309292636],[9.947566913741609,51.3263951331152]],[[9.947566913741609,51.3263951331152],[9.946872691969785,51.320831448734765]],[[9.946872691969785,51.320831448734765],[9.947770943650083,51.31681196030054]],[[9.947770943650083,51.31681196030054],[9.944556404977698,51.312193296534765]],[[9.944556404977698,51.312193296534765],[9.940910851434118,51.30695534473794]],[[9.940910851434118,51.30695534473794],[9.947931853265489,51.3033938581107]],[[9.947931853265489,51.3033938581107],[9.951428435712947,51.30384326543316]],[[9.951428435712947,51.30384326543316],[9.959743267059853,51.30491194784162]],[[9.959743267059853,51.30491194784162],[9.969098907187972,51.300092009737114]],[[9.969098907187972,51.300092009737114],[9.975445965537283,51.29126489793506]],[[9.975445965537283,51.29126489793506],[9.975317291528787,51.28984996306353]],[[9.975317291528787,51.28984996306353],[9.974881974494584,51.285063119911776]],[[9.974881974494584,51.285063119911776],[9.980637350956025,51.28405814806149]],[[9.980637350956025,51.28405814806149],[9.988450699318182,51.28486134126054]],[[9.988450699318182,51.28486134126054],[10.003888794178541,51.2864483395307]],[[10.003888794178541,51.2864483395307],[10.025321066297806,51.2799352514794]],[[10.025321066297806,51.2799352514794],[10.03038688923792,51.278395790615676]],[[10.03038688923792,51.278395790615676],[10.033466285892361,51.278847004174715]],[[10.033466285892361,51.278847004174715],[10.041391379567663,51.280008241618944]],[[10.041391379567663,51.280008241618944],[10.057276459595164,51.277367109728374]],[[10.057276459595164,51.277367109728374],[10.059916001787292,51.27586556893007]],[[10.059916001787292,51.27586556893007],[10.060123269639568,51.2736619086941]],[[10.060123269639568,51.2736619086941],[10.05883771066218,51.270175140785035]],[[10.05883771066218,51.270175140785035],[10.051527891006,51.26611067633642]],[[10.051527891006,51.26611067633642],[10.047217722650313,51.26371410235561]],[[10.047217722650313,51.26371410235561],[10.049156835159982,51.258414821284845]],[[10.049156835159982,51.258414821284845],[10.0495229353004,51.25741433112207]],[[10.0495229353004,51.25741433112207],[10.048758190745472,51.256219873244035]],[[10.048758190745472,51.256219873244035],[10.046969012068054,51.253425347204896]],[[10.046969012068054,51.253425347204896],[10.055333811192872,51.252633222094005]],[[10.055333811192872,51.252633222094005],[10.062612952190657,51.25194390775784]],[[10.062612952190657,51.25194390775784],[10.070309353580525,51.24393200403934]],[[10.070309353580525,51.24393200403934],[10.07287947334095,51.24400360081278]],[[10.07287947334095,51.24400360081278],[10.075385664802639,51.243726902894494]],[[10.075385664802639,51.243726902894494],[10.078995119219403,51.24278111529254]],[[10.078995119219403,51.24278111529254],[10.073243497602153,51.240034863985755]],[[10.073243497602153,51.240034863985755],[10.071388408291154,51.236800687559885]],[[10.071388408291154,51.236800687559885],[10.068601178913283,51.23194141139024]],[[10.068601178913283,51.23194141139024],[10.069983944202312,51.22618756115165]],[[10.069983944202312,51.22618756115165],[10.076649591688536,51.22402661122451]],[[10.076649591688536,51.22402661122451],[10.084126049982137,51.224964183762545]],[[10.084126049982137,51.224964183762545],[10.089972808415142,51.22569738522748]],[[10.089972808415142,51.22569738522748],[10.09253798158938,51.22347554966973]],[[10.09253798158938,51.22347554966973],[10.095071175728004,51.22128141245466]],[[10.095071175728004,51.22128141245466],[10.108345102976232,51.22053257591239]],[[10.108345102976232,51.22053257591239],[10.114072799345543,51.215796330149736]],[[10.114072799345543,51.215796330149736],[10.121920511849419,51.216870526533995]],[[10.121920511849419,51.216870526533995],[10.126518497436704,51.217462121253384]],[[10.126518497436704,51.217462121253384],[10.140308608988084,51.219236409087706]],[[10.140308608988084,51.219236409087706],[10.143823592740413,51.21439969221854]],[[10.143823592740413,51.21439969221854],[10.14979027730506,51.20618936217926]],[[10.14979027730506,51.20618936217926],[10.162953647861405,51.21101430564525]],[[10.162953647861405,51.21101430564525],[10.165199909441576,51.211837656005386]],[[10.165199909441576,51.211837656005386],[10.17155380303505,51.211290173796186]],[[10.17155380303505,51.211290173796186],[10.188330838437999,51.20364489104153]],[[10.188330838437999,51.20364489104153],[10.193596808723143,51.197624228571364]],[[10.193596808723143,51.197624228571364],[10.198358914852669,51.19217964249527]],[[10.198358914852669,51.19217964249527],[10.206942225573236,51.19064892481903]],[[10.206942225573236,51.19064892481903],[10.21903490770542,51.186111862941125]],[[10.21903490770542,51.186111862941125],[10.220477932929057,51.186264429595916]],[[10.220477932929057,51.186264429595916],[10.232420605211285,51.18752709520451]],[[10.232420605211285,51.18752709520451],[10.235714863687798,51.184163752049]],[[10.235714863687798,51.184163752049],[10.227742921547224,51.17413952536582]],[[10.227742921547224,51.17413952536582],[10.217212476948125,51.169104519043444]],[[10.217212476948125,51.169104519043444],[10.208142550203887,51.16476784208289]],[[10.208142550203887,51.16476784208289],[10.207740996480755,51.16079374187998]],[[10.207740996480755,51.16079374187998],[10.207196896822595,51.15540890426069]],[[10.207196896822595,51.15540890426069],[10.206945450189563,51.15517533071866]],[[10.206945450189563,51.15517533071866],[10.201259735081711,51.14989378111277]],[[10.201259735081711,51.14989378111277],[10.210012784792154,51.144082949816024]],[[10.210012784792154,51.144082949816024],[10.204341831725628,51.134428914081106]],[[10.204341831725628,51.134428914081106],[10.204414701916699,51.13415983461133]],[[10.204414701916699,51.13415983461133],[10.206131999739366,51.12781850134536]],[[10.206131999739366,51.12781850134536],[10.210253631000297,51.12482453147244]],[[10.210253631000297,51.12482453147244],[10.207382263173683,51.12176568682771]],[[10.207382263173683,51.12176568682771],[10.208213945126586,51.118356543696585]],[[10.208213945126586,51.118356543696585],[10.19865282266116,51.11351113167438]],[[10.19865282266116,51.11351113167438],[10.190987848075574,51.11602114814407]],[[10.190987848075574,51.11602114814407],[10.188469850950378,51.12226091255586]],[[10.188469850950378,51.12226091255586],[10.179770431458149,51.12790497532081]],[[10.179770431458149,51.12790497532081],[10.179472349891082,51.130415212102484]],[[10.179472349891082,51.130415212102484],[10.18428266553592,51.13293530033399]],[[10.18428266553592,51.13293530033399],[10.184328974533804,51.133365023328444]],[[10.184328974533804,51.133365023328444],[10.185005086018245,51.13963889966651]],[[10.185005086018245,51.13963889966651],[10.178089298397202,51.14228039926542]],[[10.178089298397202,51.14228039926542],[10.16948604317289,51.152294344993415]],[[10.16948604317289,51.152294344993415],[10.145357966175178,51.14477841905548]],[[10.145357966175178,51.14477841905548],[10.1257257475049,51.14633543155376]],[[10.1257257475049,51.14633543155376],[10.126187757244674,51.14328651764996]],[[10.126187757244674,51.14328651764996],[10.118321544743818,51.139572959608444]],[[10.118321544743818,51.139572959608444],[10.132053001280894,51.13380591871063]],[[10.132053001280894,51.13380591871063],[10.151941619873076,51.119327472261226]],[[10.151941619873076,51.119327472261226],[10.160601467944643,51.118366477973375]],[[10.160601467944643,51.118366477973375],[10.173529341860924,51.116931856732606]],[[10.173529341860924,51.116931856732606],[10.174596808519572,51.107013018441414]],[[10.174596808519572,51.107013018441414],[10.164013712468304,51.107327411141505]],[[10.164013712468304,51.107327411141505],[10.16086009441621,51.10742109472156]],[[10.16086009441621,51.10742109472156],[10.162731704069214,51.10366443004756]],[[10.162731704069214,51.10366443004756],[10.164656014579393,51.09980198900137]],[[10.164656014579393,51.09980198900137],[10.16074773796546,51.0979957955837]],[[10.16074773796546,51.0979957955837],[10.157115068028874,51.096316971041574]],[[10.157115068028874,51.096316971041574],[10.145776149382115,51.08569291971838]],[[10.145776149382115,51.08569291971838],[10.152073855155985,51.07321258175936]],[[10.152073855155985,51.07321258175936],[10.152811698331885,51.07175037808292]],[[10.152811698331885,51.07175037808292],[10.150815770889938,51.069617957335545]],[[10.150815770889938,51.069617957335545],[10.141363869721522,51.059519671913655]],[[10.141363869721522,51.059519671913655],[10.146470497832286,51.055068006437075]],[[10.146470497832286,51.055068006437075],[10.153152009425499,51.055007102696244]],[[10.153152009425499,51.055007102696244],[10.16021659171211,51.05337241440699]],[[10.16021659171211,51.05337241440699],[10.164435863626117,51.05187800555875]],[[10.164435863626117,51.05187800555875],[10.166939058565964,51.05051353112785]],[[10.166939058565964,51.05051353112785],[10.171072425314462,51.049182924499604]],[[10.171072425314462,51.049182924499604],[10.172283904594174,51.04911280829341]],[[10.172283904594174,51.04911280829341],[10.17743579457035,51.04881463252294]],[[10.17743579457035,51.04881463252294],[10.18156666450982,51.0480070752788]],[[10.18156666450982,51.0480070752788],[10.184671685685627,51.04903253133695]],[[10.184671685685627,51.04903253133695],[10.186265125065937,51.04519445915748]],[[10.186265125065937,51.04519445915748],[10.199223147377058,51.03950185002423]],[[10.199223147377058,51.03950185002423],[10.206133796513486,51.03090565731287]],[[10.206133796513486,51.03090565731287],[10.215185487819072,51.026419509114426]],[[10.215185487819072,51.026419509114426],[10.208638630138653,51.01980456747895]],[[10.208638630138653,51.01980456747895],[10.197587803784296,51.01959367207251]],[[10.197587803784296,51.01959367207251],[10.194153944440599,51.019528139708164]],[[10.194153944440599,51.019528139708164],[10.194401587555204,51.01630944723837]],[[10.194401587555204,51.01630944723837],[10.196118376809908,51.01536044222792]],[[10.196118376809908,51.01536044222792],[10.202181061490228,51.01200911783354]],[[10.202181061490228,51.01200911783354],[10.201981441283,51.00850828640098]],[[10.201981441283,51.00850828640098],[10.195087552407456,51.00265450386209]],[[10.195087552407456,51.00265450386209],[10.18234828854655,50.99848754900966]],[[10.18234828854655,50.99848754900966],[10.172525289093116,50.99729085152143]],[[10.172525289093116,50.99729085152143],[10.16901083423554,51.00088668543447]],[[10.16901083423554,51.00088668543447],[10.150348574067053,50.994283076931744]],[[10.150348574067053,50.994283076931744],[10.137926788515557,50.99510806492121]],[[10.137926788515557,50.99510806492121],[10.128796516943796,51.000225739678044]],[[10.128796516943796,51.000225739678044],[10.129874786741425,51.00475377533198]],[[10.129874786741425,51.00475377533198],[10.130407490769242,51.00699078547927]],[[10.130407490769242,51.00699078547927],[10.119703937095299,51.01154342338066]],[[10.119703937095299,51.01154342338066],[10.113755396835758,51.009296388328266]],[[10.113755396835758,51.009296388328266],[10.102521211203793,51.00505272502789]],[[10.102521211203793,51.00505272502789],[10.067834827595732,51.010719933361734]],[[10.067834827595732,51.010719933361734],[10.054529919275907,51.012893745034155]],[[10.054529919275907,51.012893745034155],[10.032434300772065,51.011046632017816]],[[10.032434300772065,51.011046632017816],[10.021558490126456,50.99294955973683]],[[10.021558490126456,50.99294955973683],[10.02082540321494,50.98002108359759]],[[10.02082540321494,50.98002108359759],[10.033354819048451,50.97179612915822]],[[10.033354819048451,50.97179612915822],[10.03972095611833,50.96761706724775]],[[10.03972095611833,50.96761706724775],[10.037633614535393,50.96412330162738]],[[10.037633614535393,50.96412330162738],[10.034982836656665,50.95968646623192]],[[10.034982836656665,50.95968646623192],[10.041792922124332,50.95643714188914]],[[10.041792922124332,50.95643714188914],[10.046367636819276,50.94732772804407]],[[10.046367636819276,50.94732772804407],[10.047040383132886,50.94725487983306]],[[10.047040383132886,50.94725487983306],[10.063865075077196,50.94543302603155]],[[10.063865075077196,50.94543302603155],[10.048130537619963,50.939200551069085]],[[10.048130537619963,50.939200551069085],[10.030961556000829,50.93849969192108]],[[10.030961556000829,50.93849969192108],[10.026738249613123,50.94216569941584]],[[10.026738249613123,50.94216569941584],[10.02570528369386,50.94306235922811]],[[10.02570528369386,50.94306235922811],[10.024087714623816,50.94216017116755]],[[10.024087714623816,50.94216017116755],[10.012057870827881,50.93545060851005]],[[10.012057870827881,50.93545060851005],[10.004217417721827,50.93961108778447]],[[10.004217417721827,50.93961108778447],[9.999793991282782,50.93776965341112]],[[9.999793991282782,50.93776965341112],[9.992643955145466,50.94209458617295]],[[9.992643955145466,50.94209458617295],[9.99140638746412,50.94284316873094]],[[9.99140638746412,50.94284316873094],[9.989136073513698,50.94208726895499]],[[9.989136073513698,50.94208726895499],[9.982503298620575,50.939878890307675]],[[9.982503298620575,50.939878890307675],[9.976229765804364,50.9420603488301]],[[9.976229765804364,50.9420603488301],[9.974241837464195,50.94275160001786]],[[9.974241837464195,50.94275160001786],[9.954194138030333,50.942065304899245]],[[9.954194138030333,50.942065304899245],[9.952190046569024,50.939679588158825]],[[9.952190046569024,50.939679588158825],[9.95597563380978,50.93288862358567]],[[9.95597563380978,50.93288862358567],[9.951787184507204,50.92701004754766]],[[9.951787184507204,50.92701004754766],[9.957795766493792,50.92328835730187]],[[9.957795766493792,50.92328835730187],[9.96470871512018,50.92842110578772]],[[9.96470871512018,50.92842110578772],[9.965048174829393,50.93013784122413]],[[9.965048174829393,50.93013784122413],[9.965598389680983,50.93292041731429]],[[9.965598389680983,50.93292041731429],[9.987112821926113,50.9335680326216]],[[9.987112821926113,50.9335680326216],[9.9840132971935,50.92256714454715]],[[9.9840132971935,50.92256714454715],[9.9752122836849,50.916523810552455]],[[9.9752122836849,50.916523810552455],[9.969722502437758,50.91275417689184]],[[9.969722502437758,50.91275417689184],[9.971473487064642,50.907939187583054]],[[9.971473487064642,50.907939187583054],[9.981472621194516,50.906216773788245]],[[9.981472621194516,50.906216773788245],[9.98731014892691,50.910335348516874]],[[9.98731014892691,50.910335348516874],[10.001614443007018,50.920427518306845]],[[10.001614443007018,50.920427518306845],[10.014594664907694,50.9200693104501]],[[10.014594664907694,50.9200693104501],[10.049569242811181,50.89877342465074]],[[10.049569242811181,50.89877342465074],[10.04746386656783,50.89617654513297]],[[10.04746386656783,50.89617654513297],[10.044390641765345,50.89238587143656]],[[10.044390641765345,50.89238587143656],[10.047228531991143,50.88989844523328]],[[10.047228531991143,50.88989844523328],[10.050967600629694,50.89000726497889]],[[10.050967600629694,50.89000726497889],[10.057130659375463,50.89018663112708]],[[10.057130659375463,50.89018663112708],[10.055980911314643,50.87977142754709]],[[10.055980911314643,50.87977142754709],[10.035874737805662,50.87075582270022]],[[10.035874737805662,50.87075582270022],[10.021893115035393,50.86448646429246]],[[10.021893115035393,50.86448646429246],[10.018916902498525,50.85692255667326]],[[10.018916902498525,50.85692255667326],[10.021981369086545,50.84924656604919]],[[10.021981369086545,50.84924656604919],[10.028470782255615,50.85100397576266]],[[10.028470782255615,50.85100397576266],[10.036823340134024,50.85326594765515]],[[10.036823340134024,50.85326594765515],[10.036460847929177,50.845436718903535]],[[10.036460847929177,50.845436718903535],[10.031120304656218,50.84264504254772]],[[10.031120304656218,50.84264504254772],[10.027900370721664,50.8409618792979]],[[10.027900370721664,50.8409618792979],[10.027689702268688,50.83751717946476]],[[10.027689702268688,50.83751717946476],[10.02758056783541,50.83573269928611]],[[10.02758056783541,50.83573269928611],[10.024328915064805,50.832805421366444]],[[10.024328915064805,50.832805421366444],[10.017140879920916,50.83437414549815]],[[10.017140879920916,50.83437414549815],[10.006480703109052,50.83670063522408]],[[10.006480703109052,50.83670063522408],[10.000163621461596,50.830861450234885]],[[10.000163621461596,50.830861450234885],[9.994646151412256,50.82576138551205]],[[9.994646151412256,50.82576138551205],[9.988136029436998,50.82837286915786]],[[9.988136029436998,50.82837286915786],[9.977644561175467,50.83258144111417]],[[9.977644561175467,50.83258144111417],[9.970161591501748,50.829860009837354]],[[9.970161591501748,50.829860009837354],[9.952558500356387,50.82073336112361]],[[9.952558500356387,50.82073336112361],[9.951089959475246,50.816081622437714]],[[9.951089959475246,50.816081622437714],[9.954149450836788,50.815508759434394]],[[9.954149450836788,50.815508759434394],[9.955778357575266,50.81520375968886]],[[9.955778357575266,50.81520375968886],[9.956152590971337,50.81028532208859]],[[9.956152590971337,50.81028532208859],[9.948966778242324,50.8031837064939]],[[9.948966778242324,50.8031837064939],[9.944300023134103,50.79857163227658]],[[9.944300023134103,50.79857163227658],[9.944935706632313,50.7938277294815]],[[9.944935706632313,50.7938277294815],[9.948449048465822,50.79062802043358]],[[9.948449048465822,50.79062802043358],[9.95382043942846,50.78573613418587]],[[9.95382043942846,50.78573613418587],[9.950976491384672,50.78088637704406]],[[9.950976491384672,50.78088637704406],[9.954092100445076,50.779356414540196]],[[9.954092100445076,50.779356414540196],[9.949376666560838,50.77234377131704]],[[9.949376666560838,50.77234377131704],[9.945814978666016,50.77299831795094]],[[9.945814978666016,50.77299831795094],[9.946623825272637,50.77702634149224]],[[9.946623825272637,50.77702634149224],[9.94692751785664,50.778538713879584]],[[9.94692751785664,50.778538713879584],[9.938620725366311,50.77461566607432]],[[9.938620725366311,50.77461566607432],[9.928803033399756,50.776088553932226]],[[9.928803033399756,50.776088553932226],[9.926176385855987,50.767389843629886]],[[9.926176385855987,50.767389843629886],[9.921449605037663,50.75950216504025]],[[9.921449605037663,50.75950216504025],[9.930996983706505,50.75685560094946]],[[9.930996983706505,50.75685560094946],[9.935147386075837,50.756079143586014]],[[9.935147386075837,50.756079143586014],[9.939001421395155,50.75535813051414]],[[9.939001421395155,50.75535813051414],[9.94137135759751,50.74183787805364]],[[9.94137135759751,50.74183787805364],[9.934231888798545,50.72440281047601]],[[9.934231888798545,50.72440281047601],[9.923846925795623,50.7174244780213]],[[9.923846925795623,50.7174244780213],[9.918959697744885,50.71304138215025]],[[9.918959697744885,50.71304138215025],[9.90963436462703,50.704677982310905]],[[9.90963436462703,50.704677982310905],[9.914411787455395,50.70020409783685]],[[9.914411787455395,50.70020409783685],[9.920523936801137,50.6944802924739]],[[9.920523936801137,50.6944802924739],[9.915387054571328,50.69289166260808]],[[9.915387054571328,50.69289166260808],[9.914440269753497,50.69259886080089]],[[9.914440269753497,50.69259886080089],[9.910341459528723,50.688406276556215]],[[9.910341459528723,50.688406276556215],[9.906839558426283,50.6848242590758]],[[9.906839558426283,50.6848242590758],[9.903538552066662,50.684273269355735]],[[9.903538552066662,50.684273269355735],[9.89427329349789,50.682726756953215]],[[9.89427329349789,50.682726756953215],[9.881643295467871,50.67217152157896]],[[9.881643295467871,50.67217152157896],[9.880467710486291,50.66567015535673]],[[9.880467710486291,50.66567015535673],[9.88373569989418,50.65543267287223]],[[9.88373569989418,50.65543267287223],[9.884322244334655,50.6535952325599]],[[9.884322244334655,50.6535952325599],[9.883679129229007,50.65245246508104]],[[9.883679129229007,50.65245246508104],[9.87793872570985,50.64225220484502]],[[9.87793872570985,50.64225220484502],[9.879400641418826,50.63529776797328]],[[9.879400641418826,50.63529776797328],[9.887669009364878,50.634364322005844]],[[9.887669009364878,50.634364322005844],[9.896354615872085,50.63688310648506]],[[9.896354615872085,50.63688310648506],[9.905678970681983,50.639587125958165]],[[9.905678970681983,50.639587125958165],[9.923846924475237,50.63342936819604]],[[9.923846924475237,50.63342936819604],[9.924090914154837,50.63324857826984]],[[9.924090914154837,50.63324857826984],[9.925752401517643,50.63201745610061]],[[9.925752401517643,50.63201745610061],[9.926932539700319,50.62981201456956]],[[9.926932539700319,50.62981201456956],[9.945755773709775,50.62730493823793]],[[9.945755773709775,50.62730493823793],[9.960722169642438,50.62948348228769]],[[9.960722169642438,50.62948348228769],[9.961106723300938,50.63554443752597]],[[9.961106723300938,50.63554443752597],[9.967645651686324,50.641844457647416]],[[9.967645651686324,50.641844457647416],[9.96101098114857,50.64722989817992]],[[9.96101098114857,50.64722989817992],[9.95097541905508,50.65537587847366]],[[9.95097541905508,50.65537587847366],[9.949108186422029,50.66414253209313]],[[9.949108186422029,50.66414253209313],[9.960336633837064,50.66762676401725]],[[9.960336633837064,50.66762676401725],[9.968829118028179,50.66700734515885]],[[9.968829118028179,50.66700734515885],[9.972823859293069,50.66671597867806]],[[9.972823859293069,50.66671597867806],[9.97957651495759,50.669807630847]],[[9.97957651495759,50.669807630847],[9.989514703759466,50.674357753683154]],[[9.989514703759466,50.674357753683154],[10.001265973985776,50.67634283209874]],[[10.001265973985776,50.67634283209874],[10.01250184502398,50.67454686119373]],[[10.01250184502398,50.67454686119373],[10.020097307816242,50.67333278169462]],[[10.020097307816242,50.67333278169462],[10.030434917053292,50.67359878994205]],[[10.030434917053292,50.67359878994205],[10.04718988235401,50.6740299294895]],[[10.04718988235401,50.6740299294895],[10.056324525894695,50.66807647857397]],[[10.056324525894695,50.66807647857397],[10.057212531399951,50.66616193687708]],[[10.057212531399951,50.66616193687708],[10.05847606366433,50.664180991930216]],[[10.05847606366433,50.664180991930216],[10.061857155581247,50.661227505718365]],[[10.061857155581247,50.661227505718365],[10.064518692939181,50.65890257234319]],[[10.064518692939181,50.65890257234319],[10.06736914867132,50.65717635529279]],[[10.06736914867132,50.65717635529279],[10.0774870040225,50.636983769839546]],[[10.0774870040225,50.636983769839546],[10.082101604799673,50.633075914639875]],[[10.082101604799673,50.633075914639875],[10.081064712361302,50.621890218981285]],[[10.081064712361302,50.621890218981285],[10.072660749142091,50.61993446722248]],[[10.072660749142091,50.61993446722248],[10.06637869799114,50.622532817023]],[[10.06637869799114,50.622532817023],[10.058854526601547,50.62564492707605]],[[10.058854526601547,50.62564492707605],[10.04764036951889,50.622329911341254]],[[10.04764036951889,50.622329911341254],[10.037898014348185,50.61205512049521]],[[10.037898014348185,50.61205512049521],[10.040439456123735,50.605119737873856]],[[10.040439456123735,50.605119737873856],[10.044304007352084,50.602704424231725]],[[10.044304007352084,50.602704424231725],[10.047363069940776,50.600792535265846]],[[10.047363069940776,50.600792535265846],[10.048797461891123,50.59862036944176]],[[10.048797461891123,50.59862036944176],[10.049221825922709,50.5853820044657]],[[10.049221825922709,50.5853820044657],[10.049177990442018,50.585268004050825]],[[10.049177990442018,50.585268004050825],[10.0454433610898,50.5755554284401]],[[10.0454433610898,50.5755554284401],[10.050452607904035,50.563202974189366]],[[10.050452607904035,50.563202974189366],[10.05636527640146,50.55955586930786]],[[10.05636527640146,50.55955586930786],[10.06057109920793,50.5569615964681]],[[10.06057109920793,50.5569615964681],[10.052902430297364,50.5503178978216]],[[10.052902430297364,50.5503178978216],[10.048533522497962,50.546532926241234]],[[10.048533522497962,50.546532926241234],[10.048392813090132,50.54337679085048]],[[10.048392813090132,50.54337679085048],[10.048269054265743,50.5406008718287]],[[10.048269054265743,50.5406008718287],[10.04246006408193,50.53400113984474]],[[10.04246006408193,50.53400113984474],[10.041185786426922,50.53221207447793]],[[10.041185786426922,50.53221207447793],[10.038706417901388,50.52873108403852]],[[10.038706417901388,50.52873108403852],[10.04133832123955,50.51646964248982]],[[13.372102236154186,52.627761457337854],[13.357271896694012,52.6233903816964]],[[13.357271896694012,52.6233903816964],[13.346659514827467,52.62454321793473]],[[13.346659514827467,52.62454321793473],[13.344613268199003,52.62476550483158]],[[13.344613268199003,52.62476550483158],[13.34060001540376,52.62385366248721]],[[13.34060001540376,52.62385366248721],[13.336689415373144,52.622965143823755]],[[13.336689415373144,52.622965143823755],[13.30965555357373,52.62863510945406]],[[13.30965555357373,52.62863510945406],[13.304328766443925,52.63615566555721]],[[13.304328766443925,52.63615566555721],[13.307429278864543,52.64054970525708]],[[13.307429278864543,52.64054970525708],[13.30925739179834,52.643140503926936]],[[13.30925739179834,52.643140503926936],[13.30562050857145,52.64774693476154]],[[13.30562050857145,52.64774693476154],[13.301486682872598,52.65298278810991]],[[13.301486682872598,52.65298278810991],[13.303072338537678,52.65379780053835]],[[13.303072338537678,52.65379780053835],[13.310034021080655,52.65737604007328]],[[13.310034021080655,52.65737604007328],[13.296802287910415,52.65921087037755]],[[13.296802287910415,52.65921087037755],[13.283199249985332,52.6597459844328]],[[13.283199249985332,52.6597459844328],[13.282782210096704,52.6531196894456]],[[13.282782210096704,52.6531196894456],[13.28210319873436,52.64233097391222]],[[13.28210319873436,52.64233097391222],[13.271345560804503,52.641029887823294]],[[13.271345560804503,52.641029887823294],[13.263210856330717,52.640046033759674]],[[13.263210856330717,52.640046033759674],[13.26337968636309,52.63260907849763]],[[13.26337968636309,52.63260907849763],[13.26349290896105,52.62762165753772]],[[13.26349290896105,52.62762165753772],[13.252528290132044,52.62769456955505]],[[13.252528290132044,52.62769456955505],[13.238330880372326,52.6277889786222]],[[13.238330880372326,52.6277889786222],[13.220912023296497,52.62734273770034]],[[13.220912023296497,52.62734273770034],[13.202638402205134,52.60652221568419]],[[13.202638402205134,52.60652221568419],[13.207692966266572,52.60186005972065]],[[13.207692966266572,52.60186005972065],[13.217620781033173,52.59270298786534]],[[13.217620781033173,52.59270298786534],[13.216507603144526,52.58798073539069]],[[13.216507603144526,52.58798073539069],[13.204254122293607,52.587561119739]],[[13.204254122293607,52.587561119739],[13.164262890852884,52.598900553874266]],[[13.164262890852884,52.598900553874266],[13.146756263574165,52.59084283936102]],[[13.146756263574165,52.59084283936102],[13.128987424947299,52.58744192330992]],[[13.128987424947299,52.58744192330992],[13.128993894292092,52.5836253780867]],[[13.128993894292092,52.5836253780867],[13.132983862327645,52.580208578214524]],[[13.132983862327645,52.580208578214524],[13.143846143470547,52.580792406356]],[[13.143846143470547,52.580792406356],[13.150957843720771,52.58117464764342]],[[13.150957843720771,52.58117464764342],[13.152734184917282,52.57353493355129]],[[13.152734184917282,52.57353493355129],[13.147342957585911,52.56368456028817]],[[13.147342957585911,52.56368456028817],[13.14542219455159,52.55356316887242]],[[13.14542219455159,52.55356316887242],[13.140134582352752,52.55417174200391]],[[13.140134582352752,52.55417174200391],[13.130777922442096,52.55524863942786]],[[13.130777922442096,52.55524863942786],[13.125112767513773,52.54379537213773]],[[13.125112767513773,52.54379537213773],[13.1181963269607,52.51777303934977]],[[13.1181963269607,52.51777303934977],[13.141058323267513,52.51914517960021]],[[13.141058323267513,52.51914517960021],[13.142848276805626,52.51925260948541]],[[13.142848276805626,52.51925260948541],[13.164982623583997,52.510366397094444]],[[13.164982623583997,52.510366397094444],[13.153695732869698,52.50182164430693]],[[13.153695732869698,52.50182164430693],[13.126483617496088,52.481272929923]],[[13.126483617496088,52.481272929923],[13.118264600799947,52.47810839395968]],[[13.118264600799947,52.47810839395968],[13.111206257863254,52.46538329426759]],[[13.111206257863254,52.46538329426759],[13.11020784712008,52.4507320698225]],[[13.11020784712008,52.4507320698225],[13.12201509774957,52.439231800665034]],[[13.12201509774957,52.439231800665034],[13.108804749260727,52.426792295039355]],[[13.108804749260727,52.426792295039355],[13.098743697375246,52.42428763499251]],[[13.098743697375246,52.42428763499251],[13.08906074502988,52.41754068496198]],[[13.08906074502988,52.41754068496198],[13.09500721712949,52.410298037024255]],[[13.09500721712949,52.410298037024255],[13.111027838095303,52.412417354182516]],[[13.111027838095303,52.412417354182516],[13.110437279217413,52.405635803799996]],[[13.110437279217413,52.405635803799996],[13.12516802012515,52.39719177940203]],[[13.12516802012515,52.39719177940203],[13.133944808347035,52.398818230561076]],[[13.133944808347035,52.398818230561076],[13.139182115796588,52.39535306047426]],[[13.139182115796588,52.39535306047426],[13.165814643415676,52.39427873984395]],[[13.165814643415676,52.39427873984395],[13.165898057989793,52.39427537432093]],[[13.165898057989793,52.39427537432093],[13.16889270168885,52.394911121547864]],[[13.16889270168885,52.394911121547864],[13.171521255998561,52.395833639673846]],[[13.171521255998561,52.395833639673846],[13.17135644140812,52.39776303152887]],[[13.17135644140812,52.39776303152887],[13.168197584750207,52.39849706479398]],[[13.168197584750207,52.39849706479398],[13.16067209596161,52.400245785314034]],[[13.16067209596161,52.400245785314034],[13.165438534884627,52.40482089859239]],[[13.165438534884627,52.40482089859239],[13.192646114522272,52.41401536835341]],[[13.192646114522272,52.41401536835341],[13.22255905749575,52.42001107653065]],[[13.22255905749575,52.42001107653065],[13.244324383920727,52.41971134974763]],[[13.244324383920727,52.41971134974763],[13.248169540787687,52.409438576698996]],[[13.248169540787687,52.409438576698996],[13.249843978272022,52.40496512707549]],[[13.249843978272022,52.40496512707549],[13.274492191629868,52.40535762955758]],[[13.274492191629868,52.40535762955758],[13.287288693743324,52.41155171810668]],[[13.287288693743324,52.41155171810668],[13.295442162484743,52.41549836779989]],[[13.295442162484743,52.41549836779989],[13.31192590164239,52.39918556594521]],[[13.31192590164239,52.39918556594521],[13.342083823212878,52.410821091584474]],[[13.342083823212878,52.410821091584474],[13.346664154559567,52.405600978766124]],[[13.346664154559567,52.405600978766124],[13.370656000385546,52.394074119727385]],[[13.370656000385546,52.394074119727385],[13.371843266393936,52.38880244062719]],[[13.371843266393936,52.38880244062719],[13.386437637805136,52.38798144787894]],[[13.386437637805136,52.38798144787894],[13.388521059558945,52.3779683542946]],[[13.388521059558945,52.3779683542946],[13.420985176273055,52.376246950662825]],[[13.420985176273055,52.376246950662825],[13.426903330691669,52.38749621767745]],[[13.426903330691669,52.38749621767745],[13.422501798401237,52.400576857666444]],[[13.422501798401237,52.400576857666444],[13.41951317348703,52.40945856945883]],[[13.41951317348703,52.40945856945883],[13.462565465221763,52.42030535092389]],[[13.462565465221763,52.42030535092389],[13.469200761768075,52.41769225920115]],[[13.469200761768075,52.41769225920115],[13.476456278213485,52.40464816212873]],[[13.476456278213485,52.40464816212873],[13.480947313208462,52.396574104969204]],[[13.480947313208462,52.396574104969204],[13.497656450411522,52.39888619580853]],[[13.497656450411522,52.39888619580853],[13.515616654902052,52.40137139930003]],[[13.515616654902052,52.40137139930003],[13.535518604132765,52.399560806215455]],[[13.535518604132765,52.399560806215455],[13.535612207897188,52.39499292003977]],[[13.535612207897188,52.39499292003977],[13.53570224078474,52.39059928044681]],[[13.53570224078474,52.39059928044681],[13.540272932305236,52.388899252555724]],[[13.540272932305236,52.388899252555724],[13.564806126211193,52.38842461553104]],[[13.564806126211193,52.38842461553104],[13.58016433797795,52.39121926218152]],[[13.58016433797795,52.39121926218152],[13.59200439482318,52.39337373092902]],[[13.59200439482318,52.39337373092902],[13.604276759391709,52.3792658550947]],[[13.604276759391709,52.3792658550947],[13.605632737949293,52.37770706976792]],[[13.605632737949293,52.37770706976792],[13.604439075284548,52.37420593514667]],[[13.604439075284548,52.37420593514667],[13.612393139035639,52.3765645334149]],[[13.612393139035639,52.3765645334149],[13.627646725374044,52.381087640583246]],[[13.627646725374044,52.381087640583246],[13.632618318872346,52.37770422599116]],[[13.632618318872346,52.37770422599116],[13.63402571455164,52.37674642408025]],[[13.63402571455164,52.37674642408025],[13.638018332197614,52.37678448809865]],[[13.638018332197614,52.37678448809865],[13.642226996545986,52.37682461116566]],[[13.642226996545986,52.37682461116566],[13.642569506971538,52.37154448471961]],[[13.642569506971538,52.37154448471961],[13.646951930445026,52.368726072982064]],[[13.646951930445026,52.368726072982064],[13.642984479318432,52.363864984988766]],[[13.642984479318432,52.363864984988766],[13.638736932700825,52.35866070716104]],[[13.638736932700825,52.35866070716104],[13.637142770940772,52.34607612558135]],[[13.637142770940772,52.34607612558135],[13.643613217043335,52.33984939514684]],[[13.643613217043335,52.33984939514684],[13.651723082614765,52.339457632474705]],[[13.651723082614765,52.339457632474705],[13.655535690705983,52.34750082903864]],[[13.655535690705983,52.34750082903864],[13.657141408977575,52.35088830375727]],[[13.657141408977575,52.35088830375727],[13.664313937495491,52.358660707245484]],[[13.664313937495491,52.358660707245484],[13.670801818369924,52.36569120431243]],[[13.670801818369924,52.36569120431243],[13.68022257405484,52.368871876962565]],[[13.68022257405484,52.368871876962565],[13.685911344335072,52.368379436887295]],[[13.685911344335072,52.368379436887295],[13.691078147820157,52.36793217941492]],[[13.691078147820157,52.36793217941492],[13.699737772654062,52.37788298707101]],[[13.699737772654062,52.37788298707101],[13.686921244913936,52.384781026990886]],[[13.686921244913936,52.384781026990886],[13.715361247277404,52.39877483999112]],[[13.715361247277404,52.39877483999112],[13.720030673966352,52.39926409290483]],[[13.720030673966352,52.39926409290483],[13.7236101331913,52.39963914304541]],[[13.7236101331913,52.39963914304541],[13.731600678496712,52.400476377039006]],[[13.731600678496712,52.400476377039006],[13.73874905184944,52.40732189324141]],[[13.73874905184944,52.40732189324141],[13.73398366071583,52.41297354233301]],[[13.73398366071583,52.41297354233301],[13.730272338668506,52.417375090229065]],[[13.730272338668506,52.417375090229065],[13.736166013375577,52.423228189890125]],[[13.736166013375577,52.423228189890125],[13.741025779560395,52.42805449887063]],[[13.741025779560395,52.42805449887063],[13.740437381543916,52.42964064593795]],[[13.740437381543916,52.42964064593795],[13.738994025388404,52.43353150386286]],[[13.738994025388404,52.43353150386286],[13.746075185880473,52.43810448325121]],[[13.746075185880473,52.43810448325121],[13.750880974077374,52.44120803827271]],[[13.750880974077374,52.44120803827271],[13.753920313033783,52.43713995935501]],[[13.753920313033783,52.43713995935501],[13.760019213941677,52.43734950835982]],[[13.760019213941677,52.43734950835982],[13.751883465714595,52.44745010404643]],[[13.751883465714595,52.44745010404643],[13.737038014355278,52.449791468473784]],[[13.737038014355278,52.449791468473784],[13.7292989347864,52.45101204563395]],[[13.7292989347864,52.45101204563395],[13.724305048401316,52.45422171885772]],[[13.724305048401316,52.45422171885772],[13.720641843910801,52.456576134267394]],[[13.720641843910801,52.456576134267394],[13.715659190448452,52.461600727705935]],[[13.715659190448452,52.461600727705935],[13.703471024137173,52.46648337229124]],[[13.703471024137173,52.46648337229124],[13.704057695889803,52.461266487985746]],[[13.704057695889803,52.461266487985746],[13.704428275644984,52.457971163094555]],[[13.704428275644984,52.457971163094555],[13.700622320214572,52.455895901914495]],[[13.700622320214572,52.455895901914495],[13.694806129499439,52.46368769295196]],[[13.694806129499439,52.46368769295196],[13.666979983799433,52.474167134599284]],[[13.666979983799433,52.474167134599284],[13.64221360126166,52.47921882351547]],[[13.64221360126166,52.47921882351547],[13.626784627156045,52.473191206921626]],[[13.626784627156045,52.473191206921626],[13.626420569941086,52.472601270598545]],[[13.626420569941086,52.472601270598545],[13.624012619528695,52.46869932004794]],[[13.624012619528695,52.46869932004794],[13.612742926691928,52.471073835607264]],[[13.612742926691928,52.471073835607264],[13.615643099864501,52.48099623212418]],[[13.615643099864501,52.48099623212418],[13.622403292138712,52.48708373411673]],[[13.622403292138712,52.48708373411673],[13.628088685385144,52.49220338933699]],[[13.628088685385144,52.49220338933699],[13.626190125371226,52.495689577085045]],[[13.626190125371226,52.495689577085045],[13.625548721833422,52.49686733901575]],[[13.625548721833422,52.49686733901575],[13.632467555917763,52.510524811208256]],[[13.632467555917763,52.510524811208256],[13.642769009813291,52.51655704685402]],[[13.642769009813291,52.51655704685402],[13.658572406998852,52.52581106480648]],[[13.658572406998852,52.52581106480648],[13.65689528609671,52.52986955453308]],[[13.65689528609671,52.52986955453308],[13.647530317532365,52.53017340908174]],[[13.647530317532365,52.53017340908174],[13.628987027684117,52.530775063316014]],[[13.628987027684117,52.530775063316014],[13.627362887589742,52.53516182436816]],[[13.627362887589742,52.53516182436816],[13.628545656325835,52.537447049021544]],[[13.628545656325835,52.537447049021544],[13.63058816750054,52.54139338193061]],[[13.63058816750054,52.54139338193061],[13.610827415313596,52.54423548297292]],[[13.610827415313596,52.54423548297292],[13.586647375095836,52.548683383109726]],[[13.586647375095836,52.548683383109726],[13.584938418091348,52.557399872951414]],[[13.584938418091348,52.557399872951414],[13.583706240811578,52.56368456038147]],[[13.583706240811578,52.56368456038147],[13.580857755868387,52.57037169968758]],[[13.580857755868387,52.57037169968758],[13.573557495886357,52.57242611164528]],[[13.573557495886357,52.57242611164528],[13.56785878321884,52.574029822704]],[[13.56785878321884,52.574029822704],[13.554210290945472,52.58317111591819]],[[13.554210290945472,52.58317111591819],[13.547831916914907,52.587443132174414]],[[13.547831916914907,52.587443132174414],[13.525662597970998,52.59240625862444]],[[13.525662597970998,52.59240625862444],[13.523110682719812,52.59248966562635]],[[13.523110682719812,52.59248966562635],[13.508141778319633,52.59297891087503]],[[13.508141778319633,52.59297891087503],[13.497642115630477,52.605843317792534]],[[13.497642115630477,52.605843317792534],[13.500217878973713,52.613790959981934]],[[13.500217878973713,52.613790959981934],[13.507077300595375,52.62536806205973]],[[13.507077300595375,52.62536806205973],[13.51083384071333,52.62757438137586]],[[13.51083384071333,52.62757438137586],[13.518066823484885,52.6318225104255]],[[13.518066823484885,52.6318225104255],[13.521729538577283,52.64374206555411]],[[13.521729538577283,52.64374206555411],[13.510815741245061,52.64798100978875]],[[13.510815741245061,52.64798100978875],[13.489435369944404,52.656285195532995]],[[13.489435369944404,52.656285195532995],[13.486416526155308,52.660321141112114]],[[13.486416526155308,52.660321141112114],[13.486479435579813,52.66645747868337]],[[13.486479435579813,52.66645747868337],[13.4865037956061,52.66883373269548]],[[13.4865037956061,52.66883373269548],[13.483165080998862,52.66897378257354]],[[13.483165080998862,52.66897378257354],[13.477928084972417,52.66919346079469]],[[13.477928084972417,52.66919346079469],[13.478492317565852,52.67063974771477]],[[13.478492317565852,52.67063974771477],[13.48005547502011,52.67464656200724]],[[13.48005547502011,52.67464656200724],[13.474931457695835,52.67417215666668]],[[13.474931457695835,52.67417215666668],[13.465929491373233,52.667818162077985]],[[13.465929491373233,52.667818162077985],[13.458772741706445,52.668084374088295]],[[13.458772741706445,52.668084374088295],[13.452156335376763,52.66326061348045]],[[13.452156335376763,52.66326061348045],[13.45996116174721,52.65903825060655]],[[13.45996116174721,52.65903825060655],[13.462194801333155,52.65782986650185]],[[13.462194801333155,52.65782986650185],[13.472480443868498,52.656414312025056]],[[13.472480443868498,52.656414312025056],[13.472263358889558,52.65374402620947]],[[13.472263358889558,52.65374402620947],[13.45980684828746,52.64845098710578]],[[13.45980684828746,52.64845098710578],[13.452819300786594,52.64874446325313]],[[13.452819300786594,52.64874446325313],[13.442467637134884,52.649179232842265]],[[13.442467637134884,52.649179232842265],[13.434688971755305,52.64359422604397]],[[13.434688971755305,52.64359422604397],[13.433142937583233,52.64043012825007]],[[13.433142937583233,52.64043012825007],[13.431977831661621,52.63804563526149]],[[13.431977831661621,52.63804563526149],[13.423230306649158,52.63650104838606]],[[13.423230306649158,52.63650104838606],[13.39853983178459,52.64819446411155]],[[13.39853983178459,52.64819446411155],[13.372102236154186,52.627761457337854]],[[13.12778960863,52.39168094168006],[13.126534329598618,52.38926437072439]],[[13.126534329598618,52.38926437072439],[13.131046085244506,52.38706792474121]],[[13.131046085244506,52.38706792474121],[13.134191343866151,52.38755325068422]],[[13.134191343866151,52.38755325068422],[13.131587041083423,52.39163460762938]],[[13.131587041083423,52.39163460762938],[13.12778960863,52.39168094168006]]]}}]}